Driver_ID,Driver_Name,Age,Experience_Years,Region,Safety_Score,Safety_Category
900001,Driver_0,41,21,East,89.1,Good
900002,Driver_1,29,14,South,59.4,Low
900003,Driver_2,24,1,East,90.9,Excellent
900004,Driver_3,59,24,West,62.8,Average
900005,Driver_4,42,28,East,59.2,Low
900006,Driver_5,32,11,South,73.4,Average
900007,Driver_6,48,5,North,90.0,Good
900008,Driver_7,60,20,East,58.0,Low
900009,Driver_8,49,5,East,58.4,Low
900010,Driver_9,30,15,East,77.1,Good
900011,Driver_10,30,17,South,98.9,Excellent
900012,Driver_11,57,2,Central,86.8,Good
900013,Driver_12,35,18,Central,76.9,Good
900014,Driver_13,55,29,Central,51.9,Low
900015,Driver_14,35,30,Central,76.5,Good
900016,Driver_15,21,5,West,98.4,Excellent
900017,Driver_16,58,2,Central,72.8,Average
900018,Driver_17,32,4,South,60.3,Average
900019,Driver_18,54,11,East,54.4,Low
900020,Driver_19,48,15,North,50.7,Low
900021,Driver_20,62,0,Central,64.6,Average
900022,Driver_21,56,15,East,52.2,Low
900023,Driver_22,30,27,Central,96.9,Excellent
900024,Driver_23,27,2,West,58.1,Low
900025,Driver_24,48,23,Central,82.0,Good
900026,Driver_25,39,3,East,60.4,Average
900027,Driver_26,27,3,North,65.6,Average
900028,Driver_27,26,18,North,74.2,Average
900029,Driver_28,43,30,North,90.6,Excellent
900030,Driver_29,33,4,North,61.8,Average
900031,Driver_30,30,10,South,73.1,Average
900032,Driver_31,50,24,West,77.6,Good
900033,Driver_32,56,14,North,78.9,Good
900034,Driver_33,50,14,North,80.7,Good
900035,Driver_34,46,30,West,76.8,Good
900036,Driver_35,61,9,West,92.6,Excellent
900037,Driver_36,56,6,West,88.4,Good
900038,Driver_37,40,12,East,69.7,Average
900039,Driver_38,59,18,North,81.0,Good
900040,Driver_39,53,23,Central,84.6,Good
900041,Driver_40,44,11,West,80.4,Good
900042,Driver_41,57,6,East,52.5,Low
900043,Driver_42,41,24,East,59.1,Low
900044,Driver_43,61,27,East,96.8,Excellent
900045,Driver_44,42,19,North,84.7,Good
900046,Driver_45,55,8,North,51.6,Low
900047,Driver_46,29,28,North,60.7,Average
900048,Driver_47,34,7,East,66.1,Average
900049,Driver_48,37,6,West,95.0,Excellent
900050,Driver_49,43,3,South,72.0,Average
900051,Driver_50,30,27,North,62.5,Average
900052,Driver_51,40,18,East,61.8,Average
900053,Driver_52,40,24,North,74.7,Average
900054,Driver_53,57,24,East,71.3,Average
900055,Driver_54,29,1,East,67.8,Average
900056,Driver_55,35,30,East,94.0,Excellent
900057,Driver_56,59,12,West,76.0,Good
900058,Driver_57,23,25,South,93.5,Excellent
900059,Driver_58,31,20,East,68.2,Average
900060,Driver_59,33,6,West,78.5,Good
900061,Driver_60,51,20,South,63.7,Average
900062,Driver_61,24,18,West,79.5,Good
900063,Driver_62,22,1,Central,51.4,Low
900064,Driver_63,50,15,North,79.6,Good
900065,Driver_64,61,14,South,72.3,Average
900066,Driver_65,60,17,East,67.8,Average
900067,Driver_66,27,25,Central,88.0,Good
900068,Driver_67,51,5,South,75.9,Good
900069,Driver_68,33,8,Central,90.4,Excellent
900070,Driver_69,50,13,Central,69.7,Average
900071,Driver_70,63,22,South,64.8,Average
900072,Driver_71,53,11,South,86.9,Good
900073,Driver_72,56,7,South,61.3,Average
900074,Driver_73,60,1,Central,92.7,Excellent
900075,Driver_74,25,13,East,88.5,Good
900076,Driver_75,35,13,West,81.9,Good
900077,Driver_76,33,7,East,77.7,Good
900078,Driver_77,43,3,Central,85.7,Good
900079,Driver_78,50,21,West,65.0,Average
900080,Driver_79,42,18,North,79.0,Good
900081,Driver_80,60,23,South,80.0,Good
900082,Driver_81,54,28,Central,79.8,Good
900083,Driver_82,57,7,South,59.8,Low
900084,Driver_83,56,5,South,76.3,Good
900085,Driver_84,22,2,North,64.1,Average
900086,Driver_85,62,20,South,88.9,Good
900087,Driver_86,62,12,East,74.1,Average
900088,Driver_87,22,27,West,73.6,Average
900089,Driver_88,23,7,Central,50.6,Low
900090,Driver_89,47,29,East,95.2,Excellent
900091,Driver_90,29,15,East,74.2,Average
900092,Driver_91,35,6,East,64.7,Average
900093,Driver_92,51,11,North,84.1,Good
900094,Driver_93,30,25,East,97.9,Excellent
900095,Driver_94,34,14,East,53.1,Low
900096,Driver_95,49,13,East,81.3,Good
900097,Driver_96,22,8,Central,57.7,Low
900098,Driver_97,45,16,South,97.7,Excellent
900099,Driver_98,62,30,Central,98.8,Excellent
900100,Driver_99,49,18,Central,98.6,Excellent
900101,Driver_100,46,10,East,77.3,Good
900102,Driver_101,29,29,West,73.1,Average
900103,Driver_102,36,0,East,87.1,Good
900104,Driver_103,25,22,South,87.6,Good
900105,Driver_104,43,26,East,65.7,Average
900106,Driver_105,30,16,South,98.6,Excellent
900107,Driver_106,36,24,North,55.4,Low
900108,Driver_107,55,13,East,75.5,Good
900109,Driver_108,61,22,West,72.9,Average
900110,Driver_109,30,6,North,74.1,Average
900111,Driver_110,52,22,East,97.6,Excellent
900112,Driver_111,29,18,North,73.7,Average
900113,Driver_112,40,17,Central,60.4,Average
900114,Driver_113,21,23,North,63.9,Average
900115,Driver_114,24,18,Central,70.5,Average
900116,Driver_115,59,26,Central,66.5,Average
900117,Driver_116,27,11,Central,51.6,Low
900118,Driver_117,39,7,Central,92.6,Excellent
900119,Driver_118,58,22,North,90.3,Excellent
900120,Driver_119,25,13,East,65.9,Average
900121,Driver_120,25,25,East,65.2,Average
900122,Driver_121,49,23,Central,95.8,Excellent
900123,Driver_122,30,22,West,68.8,Average
900124,Driver_123,44,19,East,58.8,Low
900125,Driver_124,24,16,East,92.7,Excellent
900126,Driver_125,57,27,North,94.9,Excellent
900127,Driver_126,43,11,Central,76.6,Good
900128,Driver_127,31,18,West,89.3,Good
900129,Driver_128,25,7,Central,61.6,Average
900130,Driver_129,35,0,Central,60.3,Average
900131,Driver_130,28,21,North,64.0,Average
900132,Driver_131,28,22,North,92.1,Excellent
900133,Driver_132,42,20,Central,83.6,Good
900134,Driver_133,51,21,West,56.6,Low
900135,Driver_134,53,24,East,86.6,Good
900136,Driver_135,26,25,North,96.4,Excellent
900137,Driver_136,29,23,South,85.5,Good
900138,Driver_137,62,18,East,99.7,Excellent
900139,Driver_138,35,9,West,52.6,Low
900140,Driver_139,55,18,North,88.5,Good
900141,Driver_140,52,28,Central,99.8,Excellent
900142,Driver_141,38,24,South,62.1,Average
900143,Driver_142,49,29,North,78.2,Good
900144,Driver_143,58,23,West,77.3,Good
900145,Driver_144,26,8,North,53.3,Low
900146,Driver_145,21,17,West,98.9,Excellent
900147,Driver_146,43,10,West,95.4,Excellent
900148,Driver_147,31,0,Central,78.1,Good
900149,Driver_148,46,10,East,99.4,Excellent
900150,Driver_149,35,4,South,66.0,Average
900151,Driver_150,52,1,East,54.6,Low
900152,Driver_151,55,0,North,76.8,Good
900153,Driver_152,62,17,West,66.4,Average
900154,Driver_153,53,21,Central,68.5,Average
900155,Driver_154,42,12,East,88.3,Good
900156,Driver_155,54,5,West,86.2,Good
900157,Driver_156,23,21,South,53.5,Low
900158,Driver_157,22,28,West,70.5,Average
900159,Driver_158,58,13,West,65.8,Average
900160,Driver_159,36,8,South,90.1,Excellent
900161,Driver_160,34,9,South,81.6,Good
900162,Driver_161,40,0,South,94.8,Excellent
900163,Driver_162,31,26,South,69.8,Average
900164,Driver_163,28,20,East,55.4,Low
900165,Driver_164,48,6,North,90.3,Excellent
900166,Driver_165,62,21,Central,66.4,Average
900167,Driver_166,38,9,West,93.1,Excellent
900168,Driver_167,52,14,East,50.5,Low
900169,Driver_168,22,0,East,52.2,Low
900170,Driver_169,59,23,South,55.5,Low
900171,Driver_170,34,8,East,98.2,Excellent
900172,Driver_171,61,12,South,89.6,Good
900173,Driver_172,31,18,Central,50.9,Low
900174,Driver_173,27,14,North,82.4,Good
900175,Driver_174,59,6,East,94.0,Excellent
900176,Driver_175,45,10,South,71.7,Average
900177,Driver_176,49,21,West,78.5,Good
900178,Driver_177,27,30,East,69.0,Average
900179,Driver_178,30,1,North,74.7,Average
900180,Driver_179,29,17,West,61.3,Average
900181,Driver_180,56,20,Central,96.7,Excellent
900182,Driver_181,47,2,South,59.0,Low
900183,Driver_182,40,7,North,56.9,Low
900184,Driver_183,36,5,West,69.8,Average
900185,Driver_184,25,11,North,55.9,Low
900186,Driver_185,22,19,North,87.8,Good
900187,Driver_186,55,0,Central,58.3,Low
900188,Driver_187,51,26,North,64.0,Average
900189,Driver_188,54,14,South,74.8,Average
900190,Driver_189,56,7,West,52.5,Low
900191,Driver_190,56,8,North,87.9,Good
900192,Driver_191,48,23,South,100.0,Excellent
900193,Driver_192,37,0,East,59.5,Low
900194,Driver_193,25,27,West,52.4,Low
900195,Driver_194,30,14,South,97.1,Excellent
900196,Driver_195,27,11,East,55.6,Low
900197,Driver_196,24,8,North,58.0,Low
900198,Driver_197,28,25,North,61.7,Average
900199,Driver_198,60,8,West,77.2,Good
900200,Driver_199,42,20,East,66.1,Average
900201,Driver_200,23,30,North,70.8,Average
900202,Driver_201,26,26,South,79.8,Good
900203,Driver_202,29,16,North,85.7,Good
900204,Driver_203,28,6,West,68.2,Average
900205,Driver_204,55,20,West,81.6,Good
900206,Driver_205,47,11,Central,81.8,Good
900207,Driver_206,52,9,South,92.2,Excellent
900208,Driver_207,28,17,South,86.6,Good
900209,Driver_208,46,25,East,91.0,Excellent
900210,Driver_209,28,30,East,56.7,Low
900211,Driver_210,29,2,East,83.0,Good
900212,Driver_211,42,1,East,74.4,Average
900213,Driver_212,51,15,North,60.7,Average
900214,Driver_213,27,28,West,69.8,Average
900215,Driver_214,43,8,Central,61.1,Average
900216,Driver_215,55,29,North,85.8,Good
900217,Driver_216,26,18,East,95.2,Excellent
900218,Driver_217,35,5,East,89.9,Good
900219,Driver_218,48,2,North,58.5,Low
900220,Driver_219,29,13,South,87.9,Good
900221,Driver_220,24,3,North,67.3,Average
900222,Driver_221,39,19,South,71.8,Average
900223,Driver_222,47,30,North,58.8,Low
900224,Driver_223,46,10,Central,82.0,Good
900225,Driver_224,23,25,Central,97.2,Excellent
900226,Driver_225,26,24,East,71.9,Average
900227,Driver_226,33,7,West,52.5,Low
900228,Driver_227,24,1,Central,81.0,Good
900229,Driver_228,26,20,East,81.9,Good
900230,Driver_229,55,21,North,79.0,Good
900231,Driver_230,44,2,East,76.3,Good
900232,Driver_231,39,20,East,93.2,Excellent
900233,Driver_232,42,22,North,56.9,Low
900234,Driver_233,50,24,West,90.0,Good
900235,Driver_234,30,10,South,88.0,Good
900236,Driver_235,40,30,West,50.2,Low
900237,Driver_236,63,0,North,87.4,Good
900238,Driver_237,36,6,South,71.1,Average
900239,Driver_238,39,7,East,84.8,Good
900240,Driver_239,48,25,North,96.4,Excellent
900241,Driver_240,35,18,South,58.0,Low
900242,Driver_241,53,20,South,80.6,Good
900243,Driver_242,50,12,South,60.6,Average
900244,Driver_243,23,15,North,72.0,Average
900245,Driver_244,39,8,North,53.4,Low
900246,Driver_245,52,24,South,83.4,Good
900247,Driver_246,56,9,South,54.7,Low
900248,Driver_247,36,1,West,58.9,Low
900249,Driver_248,36,4,South,85.3,Good
900250,Driver_249,49,1,West,93.3,Excellent
900251,Driver_250,63,0,South,94.8,Excellent
900252,Driver_251,38,3,East,78.2,Good
900253,Driver_252,21,26,South,63.8,Average
900254,Driver_253,35,1,East,81.5,Good
900255,Driver_254,42,11,Central,94.8,Excellent
900256,Driver_255,49,14,South,89.2,Good
900257,Driver_256,43,13,South,61.1,Average
900258,Driver_257,55,5,Central,87.7,Good
900259,Driver_258,43,12,East,50.0,Low
900260,Driver_259,44,12,East,85.5,Good
900261,Driver_260,53,0,Central,60.0,Low
900262,Driver_261,56,14,East,56.3,Low
900263,Driver_262,52,17,West,91.9,Excellent
900264,Driver_263,60,26,East,55.1,Low
900265,Driver_264,23,13,West,90.2,Excellent
900266,Driver_265,52,22,Central,66.6,Average
900267,Driver_266,33,27,West,97.7,Excellent
900268,Driver_267,51,16,North,93.7,Excellent
900269,Driver_268,28,12,North,79.9,Good
900270,Driver_269,61,29,North,52.0,Low
900271,Driver_270,50,21,North,82.7,Good
900272,Driver_271,36,18,Central,94.7,Excellent
900273,Driver_272,23,10,Central,82.2,Good
900274,Driver_273,24,30,East,56.5,Low
900275,Driver_274,44,5,North,93.8,Excellent
900276,Driver_275,30,16,Central,95.9,Excellent
900277,Driver_276,26,5,South,58.1,Low
900278,Driver_277,23,6,North,87.9,Good
900279,Driver_278,32,14,East,65.7,Average
900280,Driver_279,37,26,Central,74.4,Average
900281,Driver_280,41,16,West,88.5,Good
900282,Driver_281,39,7,Central,51.7,Low
900283,Driver_282,61,0,West,62.7,Average
900284,Driver_283,39,16,Central,67.8,Average
900285,Driver_284,21,8,South,72.3,Average
900286,Driver_285,44,18,West,90.5,Excellent
900287,Driver_286,28,21,North,89.8,Good
900288,Driver_287,38,11,South,94.6,Excellent
900289,Driver_288,62,26,South,51.8,Low
900290,Driver_289,54,4,South,56.0,Low
900291,Driver_290,30,16,East,55.1,Low
900292,Driver_291,48,28,East,96.3,Excellent
900293,Driver_292,44,25,North,61.5,Average
900294,Driver_293,24,1,East,55.2,Low
900295,Driver_294,51,26,West,69.3,Average
900296,Driver_295,58,18,South,89.1,Good
900297,Driver_296,36,4,South,63.7,Average
900298,Driver_297,34,12,West,94.4,Excellent
900299,Driver_298,38,4,Central,77.6,Good
900300,Driver_299,24,4,West,97.9,Excellent
900301,Driver_300,31,2,North,59.3,Low
900302,Driver_301,59,25,Central,89.7,Good
900303,Driver_302,31,10,South,56.1,Low
900304,Driver_303,50,30,West,78.1,Good
900305,Driver_304,52,8,West,57.5,Low
900306,Driver_305,60,22,East,59.0,Low
900307,Driver_306,23,22,East,86.0,Good
900308,Driver_307,45,14,East,50.8,Low
900309,Driver_308,53,15,South,61.3,Average
900310,Driver_309,39,4,North,80.5,Good
900311,Driver_310,27,3,North,66.1,Average
900312,Driver_311,33,12,West,65.5,Average
900313,Driver_312,24,16,West,78.8,Good
900314,Driver_313,35,0,South,94.0,Excellent
900315,Driver_314,24,26,North,81.1,Good
900316,Driver_315,50,13,North,67.6,Average
900317,Driver_316,51,29,East,98.5,Excellent
900318,Driver_317,46,14,South,55.1,Low
900319,Driver_318,32,17,West,92.9,Excellent
900320,Driver_319,22,16,Central,67.5,Average
900321,Driver_320,25,16,West,83.0,Good
900322,Driver_321,44,24,East,86.4,Good
900323,Driver_322,30,2,Central,54.4,Low
900324,Driver_323,60,26,West,73.0,Average
900325,Driver_324,59,20,South,77.6,Good
900326,Driver_325,37,29,Central,51.9,Low
900327,Driver_326,61,9,East,50.5,Low
900328,Driver_327,55,26,East,54.0,Low
900329,Driver_328,31,12,South,50.5,Low
900330,Driver_329,47,14,West,58.7,Low
900331,Driver_330,63,2,West,99.8,Excellent
900332,Driver_331,49,13,East,73.8,Average
900333,Driver_332,54,6,North,82.8,Good
900334,Driver_333,61,26,South,63.1,Average
900335,Driver_334,26,4,West,94.9,Excellent
900336,Driver_335,22,7,North,68.1,Average
900337,Driver_336,28,8,West,56.8,Low
900338,Driver_337,44,29,East,93.7,Excellent
900339,Driver_338,45,2,North,79.7,Good
900340,Driver_339,25,19,East,59.7,Low
900341,Driver_340,40,20,North,77.6,Good
900342,Driver_341,45,1,East,56.8,Low
900343,Driver_342,37,20,West,66.5,Average
900344,Driver_343,61,25,North,57.5,Low
900345,Driver_344,31,8,West,65.1,Average
900346,Driver_345,62,12,Central,71.2,Average
900347,Driver_346,34,11,Central,78.1,Good
900348,Driver_347,34,1,North,57.0,Low
900349,Driver_348,47,21,Central,59.7,Low
900350,Driver_349,41,25,West,54.6,Low
900351,Driver_350,46,13,East,63.1,Average
900352,Driver_351,26,2,North,96.3,Excellent
900353,Driver_352,57,11,South,94.3,Excellent
900354,Driver_353,44,24,East,98.8,Excellent
900355,Driver_354,55,21,North,65.2,Average
900356,Driver_355,33,29,West,52.6,Low
900357,Driver_356,48,4,West,74.4,Average
900358,Driver_357,63,8,Central,81.9,Good
900359,Driver_358,50,30,Central,71.7,Average
900360,Driver_359,62,8,East,82.6,Good
900361,Driver_360,23,20,West,89.0,Good
900362,Driver_361,29,25,South,59.8,Low
900363,Driver_362,42,15,Central,65.4,Average
900364,Driver_363,55,8,Central,57.8,Low
900365,Driver_364,30,9,Central,71.0,Average
900366,Driver_365,31,14,South,72.8,Average
900367,Driver_366,21,8,South,71.2,Average
900368,Driver_367,23,22,South,69.1,Average
900369,Driver_368,52,15,Central,83.2,Good
900370,Driver_369,22,5,Central,92.1,Excellent
900371,Driver_370,52,29,South,52.7,Low
900372,Driver_371,29,12,North,54.3,Low
900373,Driver_372,57,25,Central,82.9,Good
900374,Driver_373,59,21,South,67.8,Average
900375,Driver_374,38,8,North,72.7,Average
900376,Driver_375,29,3,North,84.7,Good
900377,Driver_376,54,12,West,63.9,Average
900378,Driver_377,30,14,Central,69.0,Average
900379,Driver_378,23,9,West,76.9,Good
900380,Driver_379,50,12,Central,59.0,Low
900381,Driver_380,43,12,South,56.6,Low
900382,Driver_381,56,9,West,58.8,Low
900383,Driver_382,56,24,South,59.5,Low
900384,Driver_383,50,4,West,96.9,Excellent
900385,Driver_384,24,20,East,75.2,Good
900386,Driver_385,41,22,West,89.8,Good
900387,Driver_386,37,2,South,80.3,Good
900388,Driver_387,40,24,South,87.0,Good
900389,Driver_388,22,3,South,69.0,Average
900390,Driver_389,40,1,North,89.2,Good
900391,Driver_390,59,28,South,76.3,Good
900392,Driver_391,60,28,East,68.4,Average
900393,Driver_392,60,25,East,69.1,Average
900394,Driver_393,62,28,South,78.8,Good
900395,Driver_394,22,8,West,60.0,Low
900396,Driver_395,53,11,East,94.1,Excellent
900397,Driver_396,60,15,North,51.7,Low
900398,Driver_397,23,29,East,73.3,Average
900399,Driver_398,49,16,South,61.3,Average
900400,Driver_399,43,19,North,96.5,Excellent
900401,Driver_400,59,18,North,86.7,Good
900402,Driver_401,41,25,Central,78.9,Good
900403,Driver_402,24,6,North,70.4,Average
900404,Driver_403,56,0,Central,54.8,Low
900405,Driver_404,46,9,Central,97.1,Excellent
900406,Driver_405,32,28,North,78.6,Good
900407,Driver_406,32,23,West,77.7,Good
900408,Driver_407,42,20,Central,68.8,Average
900409,Driver_408,58,8,Central,87.5,Good
900410,Driver_409,42,7,West,70.1,Average
900411,Driver_410,42,2,East,62.1,Average
900412,Driver_411,30,8,Central,77.5,Good
900413,Driver_412,56,0,Central,84.6,Good
900414,Driver_413,63,26,South,85.3,Good
900415,Driver_414,42,16,East,99.8,Excellent
900416,Driver_415,51,1,South,57.6,Low
900417,Driver_416,53,11,East,79.3,Good
900418,Driver_417,32,9,West,50.4,Low
900419,Driver_418,55,7,Central,60.9,Average
900420,Driver_419,46,11,South,94.3,Excellent
900421,Driver_420,29,16,East,65.9,Average
900422,Driver_421,30,3,South,55.4,Low
900423,Driver_422,63,21,West,64.7,Average
900424,Driver_423,48,20,Central,96.5,Excellent
900425,Driver_424,42,15,West,61.1,Average
900426,Driver_425,54,19,East,94.8,Excellent
900427,Driver_426,31,20,North,87.4,Good
900428,Driver_427,22,24,Central,79.7,Good
900429,Driver_428,29,23,Central,74.2,Average
900430,Driver_429,44,29,North,72.3,Average
900431,Driver_430,59,26,North,78.0,Good
900432,Driver_431,28,28,East,55.7,Low
900433,Driver_432,47,27,South,61.1,Average
900434,Driver_433,43,15,North,55.5,Low
900435,Driver_434,33,27,Central,61.1,Average
900436,Driver_435,50,11,South,98.7,Excellent
900437,Driver_436,55,13,East,80.1,Good
900438,Driver_437,26,28,North,69.3,Average
900439,Driver_438,63,19,South,79.7,Good
900440,Driver_439,25,20,South,77.4,Good
900441,Driver_440,36,25,North,50.7,Low
900442,Driver_441,40,28,South,55.8,Low
900443,Driver_442,24,22,West,74.1,Average
900444,Driver_443,42,24,South,74.6,Average
900445,Driver_444,37,29,West,58.7,Low
900446,Driver_445,39,14,West,60.5,Average
900447,Driver_446,58,0,South,69.4,Average
900448,Driver_447,37,12,Central,94.9,Excellent
900449,Driver_448,62,17,Central,75.1,Good
900450,Driver_449,52,5,Central,61.9,Average
900451,Driver_450,46,27,South,93.2,Excellent
900452,Driver_451,42,30,South,50.7,Low
900453,Driver_452,60,25,Central,84.9,Good
900454,Driver_453,25,15,Central,75.3,Good
900455,Driver_454,35,1,West,61.2,Average
900456,Driver_455,36,26,Central,89.6,Good
900457,Driver_456,29,16,South,54.7,Low
900458,Driver_457,59,29,South,60.7,Average
900459,Driver_458,33,5,South,53.6,Low
900460,Driver_459,24,25,South,61.0,Average
900461,Driver_460,59,23,North,74.3,Average
900462,Driver_461,46,13,Central,63.3,Average
900463,Driver_462,21,0,North,87.1,Good
900464,Driver_463,54,4,North,68.0,Average
900465,Driver_464,54,11,West,90.3,Excellent
900466,Driver_465,55,25,South,97.8,Excellent
900467,Driver_466,24,12,East,91.5,Excellent
900468,Driver_467,47,11,Central,96.9,Excellent
900469,Driver_468,61,11,West,73.4,Average
900470,Driver_469,54,18,Central,59.3,Low
900471,Driver_470,23,26,South,69.9,Average
900472,Driver_471,29,11,West,63.1,Average
900473,Driver_472,29,18,Central,57.1,Low
900474,Driver_473,54,10,East,67.5,Average
900475,Driver_474,26,15,South,97.8,Excellent
900476,Driver_475,57,21,Central,75.5,Good
900477,Driver_476,21,4,West,92.3,Excellent
900478,Driver_477,47,13,East,70.3,Average
900479,Driver_478,57,1,East,80.8,Good
900480,Driver_479,41,14,North,94.2,Excellent
900481,Driver_480,45,5,South,74.1,Average
900482,Driver_481,62,7,South,70.4,Average
900483,Driver_482,31,7,East,75.4,Good
900484,Driver_483,34,20,Central,74.3,Average
900485,Driver_484,28,15,East,85.8,Good
900486,Driver_485,34,5,East,51.4,Low
900487,Driver_486,42,22,North,80.3,Good
900488,Driver_487,26,28,West,82.8,Good
900489,Driver_488,55,3,West,64.7,Average
900490,Driver_489,22,29,Central,79.9,Good
900491,Driver_490,40,19,Central,86.7,Good
900492,Driver_491,26,10,Central,71.5,Average
900493,Driver_492,27,9,Central,81.9,Good
900494,Driver_493,52,13,East,85.3,Good
900495,Driver_494,42,7,West,72.5,Average
900496,Driver_495,26,2,South,52.0,Low
900497,Driver_496,34,9,Central,55.2,Low
900498,Driver_497,31,18,Central,75.7,Good
900499,Driver_498,21,10,Central,85.2,Good
900500,Driver_499,31,23,East,57.5,Low
900501,Driver_500,57,16,South,74.2,Average
900502,Driver_501,47,7,North,51.8,Low
900503,Driver_502,46,7,West,79.6,Good
900504,Driver_503,40,23,East,50.2,Low
900505,Driver_504,29,0,Central,99.1,Excellent
900506,Driver_505,57,6,South,70.1,Average
900507,Driver_506,29,30,East,62.7,Average
900508,Driver_507,59,30,West,70.4,Average
900509,Driver_508,25,13,South,86.8,Good
900510,Driver_509,62,8,West,84.9,Good
900511,Driver_510,36,0,Central,74.5,Average
900512,Driver_511,30,28,Central,53.4,Low
900513,Driver_512,21,1,East,94.6,Excellent
900514,Driver_513,59,5,South,78.2,Good
900515,Driver_514,35,17,South,62.7,Average
900516,Driver_515,46,24,West,77.6,Good
900517,Driver_516,45,23,Central,79.8,Good
900518,Driver_517,22,29,South,79.9,Good
900519,Driver_518,42,12,East,88.8,Good
900520,Driver_519,46,7,West,68.5,Average
900521,Driver_520,37,29,East,58.0,Low
900522,Driver_521,52,27,North,96.0,Excellent
900523,Driver_522,22,30,West,51.7,Low
900524,Driver_523,57,0,South,80.0,Good
900525,Driver_524,45,2,West,75.5,Good
900526,Driver_525,50,0,West,75.1,Good
900527,Driver_526,47,2,East,84.0,Good
900528,Driver_527,50,27,Central,92.7,Excellent
900529,Driver_528,58,2,East,77.0,Good
900530,Driver_529,63,6,South,95.7,Excellent
900531,Driver_530,61,14,North,69.5,Average
900532,Driver_531,29,24,Central,84.9,Good
900533,Driver_532,39,17,North,76.3,Good
900534,Driver_533,55,17,East,57.4,Low
900535,Driver_534,48,24,North,50.6,Low
900536,Driver_535,33,29,Central,51.3,Low
900537,Driver_536,50,28,East,66.3,Average
900538,Driver_537,23,1,North,94.9,Excellent
900539,Driver_538,57,25,Central,82.5,Good
900540,Driver_539,46,2,West,58.1,Low
900541,Driver_540,33,28,South,95.8,Excellent
900542,Driver_541,41,5,South,68.8,Average
900543,Driver_542,23,29,East,54.0,Low
900544,Driver_543,29,27,Central,62.7,Average
900545,Driver_544,28,4,South,76.7,Good
900546,Driver_545,55,21,North,72.7,Average
900547,Driver_546,58,15,East,96.2,Excellent
900548,Driver_547,51,27,East,87.8,Good
900549,Driver_548,24,8,West,87.1,Good
900550,Driver_549,50,24,Central,63.0,Average
900551,Driver_550,53,16,North,64.9,Average
900552,Driver_551,38,30,Central,53.2,Low
900553,Driver_552,51,2,West,75.5,Good
900554,Driver_553,41,21,East,58.4,Low
900555,Driver_554,40,1,Central,63.9,Average
900556,Driver_555,24,12,North,65.6,Average
900557,Driver_556,24,7,East,71.2,Average
900558,Driver_557,57,24,West,65.8,Average
900559,Driver_558,61,5,South,69.5,Average
900560,Driver_559,35,4,West,66.8,Average
900561,Driver_560,22,20,South,70.4,Average
900562,Driver_561,36,6,South,75.8,Good
900563,Driver_562,50,10,East,81.5,Good
900564,Driver_563,44,22,West,56.1,Low
900565,Driver_564,38,26,South,82.4,Good
900566,Driver_565,26,1,East,94.6,Excellent
900567,Driver_566,33,11,South,70.9,Average
900568,Driver_567,40,9,South,61.7,Average
900569,Driver_568,50,15,West,59.5,Low
900570,Driver_569,43,27,South,67.6,Average
900571,Driver_570,40,21,Central,81.0,Good
900572,Driver_571,38,1,East,53.2,Low
900573,Driver_572,32,30,South,94.1,Excellent
900574,Driver_573,56,3,Central,91.4,Excellent
900575,Driver_574,22,29,East,89.7,Good
900576,Driver_575,60,28,South,91.1,Excellent
900577,Driver_576,22,3,South,78.4,Good
900578,Driver_577,46,4,West,84.4,Good
900579,Driver_578,62,9,West,52.5,Low
900580,Driver_579,32,22,South,85.2,Good
900581,Driver_580,62,26,Central,57.9,Low
900582,Driver_581,46,5,North,57.0,Low
900583,Driver_582,49,23,South,52.8,Low
900584,Driver_583,60,8,East,53.6,Low
900585,Driver_584,50,29,East,66.2,Average
900586,Driver_585,22,21,West,73.1,Average
900587,Driver_586,22,12,East,60.3,Average
900588,Driver_587,52,24,East,82.5,Good
900589,Driver_588,27,9,West,80.3,Good
900590,Driver_589,23,7,West,93.4,Excellent
900591,Driver_590,22,3,North,83.4,Good
900592,Driver_591,41,28,Central,80.9,Good
900593,Driver_592,32,21,North,82.9,Good
900594,Driver_593,23,3,South,63.0,Average
900595,Driver_594,32,21,West,70.3,Average
900596,Driver_595,55,26,East,61.9,Average
900597,Driver_596,36,3,North,56.1,Low
900598,Driver_597,44,29,West,73.1,Average
900599,Driver_598,42,4,South,65.8,Average
900600,Driver_599,63,3,Central,88.1,Good
900601,Driver_600,55,11,East,72.8,Average
900602,Driver_601,53,16,North,79.5,Good
900603,Driver_602,60,2,East,63.7,Average
900604,Driver_603,27,17,North,90.0,Good
900605,Driver_604,22,19,West,78.3,Good
900606,Driver_605,34,25,South,96.5,Excellent
900607,Driver_606,60,23,North,94.0,Excellent
900608,Driver_607,21,3,East,72.5,Average
900609,Driver_608,23,26,North,63.4,Average
900610,Driver_609,62,1,South,95.7,Excellent
900611,Driver_610,32,23,North,60.2,Average
900612,Driver_611,43,27,West,59.1,Low
900613,Driver_612,33,0,North,94.2,Excellent
900614,Driver_613,33,1,West,79.5,Good
900615,Driver_614,22,26,Central,64.9,Average
900616,Driver_615,30,20,East,93.3,Excellent
900617,Driver_616,51,26,North,74.0,Average
900618,Driver_617,32,3,South,84.3,Good
900619,Driver_618,58,20,West,66.6,Average
900620,Driver_619,32,17,East,69.0,Average
900621,Driver_620,24,4,Central,89.6,Good
900622,Driver_621,36,11,East,90.8,Excellent
900623,Driver_622,31,3,Central,88.0,Good
900624,Driver_623,35,24,Central,78.9,Good
900625,Driver_624,23,3,South,57.0,Low
900626,Driver_625,27,3,East,74.5,Average
900627,Driver_626,60,6,North,64.7,Average
900628,Driver_627,60,0,North,90.5,Excellent
900629,Driver_628,57,16,North,64.9,Average
900630,Driver_629,48,24,Central,83.0,Good
900631,Driver_630,59,25,North,98.9,Excellent
900632,Driver_631,38,13,South,57.3,Low
900633,Driver_632,37,10,East,93.1,Excellent
900634,Driver_633,54,3,Central,65.1,Average
900635,Driver_634,38,28,South,79.9,Good
900636,Driver_635,36,0,East,56.7,Low
900637,Driver_636,32,22,South,84.9,Good
900638,Driver_637,51,18,North,80.6,Good
900639,Driver_638,23,14,North,83.2,Good
900640,Driver_639,37,8,South,97.3,Excellent
900641,Driver_640,37,20,North,70.1,Average
900642,Driver_641,40,28,East,83.9,Good
900643,Driver_642,28,14,East,88.5,Good
900644,Driver_643,57,22,West,61.3,Average
900645,Driver_644,54,27,North,84.3,Good
900646,Driver_645,40,25,Central,80.2,Good
900647,Driver_646,21,14,West,50.8,Low
900648,Driver_647,31,22,North,82.7,Good
900649,Driver_648,40,19,South,62.2,Average
900650,Driver_649,47,11,North,98.2,Excellent
900651,Driver_650,51,17,East,82.4,Good
900652,Driver_651,57,26,East,68.8,Average
900653,Driver_652,57,5,West,94.1,Excellent
900654,Driver_653,58,8,East,89.4,Good
900655,Driver_654,35,4,South,84.1,Good
900656,Driver_655,25,4,East,86.7,Good
900657,Driver_656,61,16,Central,71.0,Average
900658,Driver_657,48,13,East,99.7,Excellent
900659,Driver_658,56,29,Central,91.9,Excellent
900660,Driver_659,44,12,North,70.1,Average
900661,Driver_660,35,8,West,74.3,Average
900662,Driver_661,39,24,East,69.3,Average
900663,Driver_662,29,11,South,78.2,Good
900664,Driver_663,59,4,East,82.2,Good
900665,Driver_664,45,19,Central,51.4,Low
900666,Driver_665,55,27,East,51.6,Low
900667,Driver_666,26,12,Central,79.6,Good
900668,Driver_667,63,30,South,65.5,Average
900669,Driver_668,28,7,East,92.8,Excellent
900670,Driver_669,57,15,West,90.5,Excellent
900671,Driver_670,22,1,South,52.8,Low
900672,Driver_671,26,10,North,87.0,Good
900673,Driver_672,62,11,North,81.9,Good
900674,Driver_673,59,7,Central,62.0,Average
900675,Driver_674,63,28,East,88.1,Good
900676,Driver_675,44,26,South,87.6,Good
900677,Driver_676,54,16,South,87.9,Good
900678,Driver_677,32,13,North,61.6,Average
900679,Driver_678,63,29,West,88.7,Good
900680,Driver_679,34,13,South,51.3,Low
900681,Driver_680,43,12,East,62.6,Average
900682,Driver_681,36,6,East,78.1,Good
900683,Driver_682,34,20,West,59.0,Low
900684,Driver_683,35,7,South,95.4,Excellent
900685,Driver_684,37,26,Central,76.9,Good
900686,Driver_685,60,20,West,88.4,Good
900687,Driver_686,44,29,Central,98.1,Excellent
900688,Driver_687,29,13,East,57.5,Low
900689,Driver_688,55,25,North,63.8,Average
900690,Driver_689,50,27,South,90.2,Excellent
900691,Driver_690,28,5,North,97.5,Excellent
900692,Driver_691,28,23,West,78.9,Good
900693,Driver_692,38,29,East,96.6,Excellent
900694,Driver_693,41,2,North,77.3,Good
900695,Driver_694,35,30,Central,78.2,Good
900696,Driver_695,40,20,East,83.0,Good
900697,Driver_696,37,6,Central,52.9,Low
900698,Driver_697,40,0,North,62.7,Average
900699,Driver_698,57,11,South,96.3,Excellent
900700,Driver_699,41,30,Central,54.5,Low
900701,Driver_700,30,12,Central,86.2,Good
900702,Driver_701,41,15,South,64.8,Average
900703,Driver_702,26,4,East,74.7,Average
900704,Driver_703,54,27,North,62.6,Average
900705,Driver_704,45,1,West,61.1,Average
900706,Driver_705,56,13,West,51.2,Low
900707,Driver_706,40,29,East,56.1,Low
900708,Driver_707,54,24,West,92.8,Excellent
900709,Driver_708,39,26,West,82.2,Good
900710,Driver_709,42,5,West,89.2,Good
900711,Driver_710,45,20,South,64.9,Average
900712,Driver_711,27,8,West,90.3,Excellent
900713,Driver_712,22,2,East,87.7,Good
900714,Driver_713,49,26,North,77.1,Good
900715,Driver_714,38,25,South,68.7,Average
900716,Driver_715,59,10,West,89.7,Good
900717,Driver_716,43,14,South,50.5,Low
900718,Driver_717,46,8,East,90.9,Excellent
900719,Driver_718,52,5,South,94.6,Excellent
900720,Driver_719,39,12,West,99.2,Excellent
900721,Driver_720,61,21,South,78.8,Good
900722,Driver_721,60,24,East,76.3,Good
900723,Driver_722,39,10,East,51.1,Low
900724,Driver_723,21,16,Central,95.1,Excellent
900725,Driver_724,60,9,West,78.6,Good
900726,Driver_725,30,0,North,64.5,Average
900727,Driver_726,33,19,East,55.7,Low
900728,Driver_727,23,0,West,59.0,Low
900729,Driver_728,58,6,Central,66.2,Average
900730,Driver_729,52,15,North,84.7,Good
900731,Driver_730,30,26,West,85.5,Good
900732,Driver_731,57,2,South,90.2,Excellent
900733,Driver_732,61,30,East,70.0,Average
900734,Driver_733,41,25,South,50.1,Low
900735,Driver_734,23,25,Central,90.0,Good
900736,Driver_735,56,17,Central,69.8,Average
900737,Driver_736,49,28,South,52.6,Low
900738,Driver_737,47,6,Central,79.3,Good
900739,Driver_738,57,20,North,62.7,Average
900740,Driver_739,39,4,East,59.8,Low
900741,Driver_740,45,8,East,94.3,Excellent
900742,Driver_741,63,16,West,55.0,Low
900743,Driver_742,58,0,Central,90.3,Excellent
900744,Driver_743,38,6,West,61.1,Average
900745,Driver_744,62,14,Central,72.5,Average
900746,Driver_745,39,4,West,59.5,Low
900747,Driver_746,26,27,North,71.3,Average
900748,Driver_747,54,27,North,61.8,Average
900749,Driver_748,57,16,Central,63.2,Average
900750,Driver_749,35,10,East,68.0,Average
900751,Driver_750,34,5,North,75.1,Good
900752,Driver_751,44,18,West,54.6,Low
900753,Driver_752,31,10,North,86.0,Good
900754,Driver_753,50,19,South,75.4,Good
900755,Driver_754,54,15,Central,73.1,Average
900756,Driver_755,42,17,Central,89.9,Good
900757,Driver_756,42,24,South,55.3,Low
900758,Driver_757,21,0,North,53.8,Low
900759,Driver_758,25,4,North,75.7,Good
900760,Driver_759,59,7,West,54.0,Low
900761,Driver_760,44,23,North,55.6,Low
900762,Driver_761,50,15,North,78.4,Good
900763,Driver_762,52,24,Central,79.1,Good
900764,Driver_763,24,0,North,72.0,Average
900765,Driver_764,41,24,Central,89.1,Good
900766,Driver_765,27,17,East,82.7,Good
900767,Driver_766,58,12,Central,76.7,Good
900768,Driver_767,60,4,Central,69.2,Average
900769,Driver_768,55,30,East,55.0,Low
900770,Driver_769,55,2,South,57.7,Low
900771,Driver_770,31,30,Central,88.9,Good
900772,Driver_771,56,18,North,71.9,Average
900773,Driver_772,40,30,Central,99.5,Excellent
900774,Driver_773,46,24,West,87.5,Good
900775,Driver_774,41,21,South,63.3,Average
900776,Driver_775,43,2,North,81.2,Good
900777,Driver_776,53,15,East,89.8,Good
900778,Driver_777,36,21,West,81.2,Good
900779,Driver_778,37,16,North,55.4,Low
900780,Driver_779,23,15,East,85.0,Good
900781,Driver_780,33,14,Central,67.1,Average
900782,Driver_781,31,18,Central,94.9,Excellent
900783,Driver_782,61,24,North,97.8,Excellent
900784,Driver_783,36,14,West,78.7,Good
900785,Driver_784,21,11,Central,79.3,Good
900786,Driver_785,37,0,South,79.8,Good
900787,Driver_786,21,1,North,85.4,Good
900788,Driver_787,50,27,North,59.6,Low
900789,Driver_788,60,11,East,85.7,Good
900790,Driver_789,38,20,Central,57.9,Low
900791,Driver_790,39,26,East,78.7,Good
900792,Driver_791,34,24,South,95.6,Excellent
900793,Driver_792,51,24,West,57.4,Low
900794,Driver_793,60,20,Central,80.0,Good
900795,Driver_794,39,29,East,86.4,Good
900796,Driver_795,48,22,East,69.0,Average
900797,Driver_796,52,21,East,68.4,Average
900798,Driver_797,21,30,South,58.0,Low
900799,Driver_798,34,10,Central,71.2,Average
900800,Driver_799,45,21,West,81.2,Good
900801,Driver_800,28,11,Central,70.1,Average
900802,Driver_801,42,25,Central,68.1,Average
900803,Driver_802,48,24,South,72.5,Average
900804,Driver_803,28,18,East,67.0,Average
900805,Driver_804,24,6,East,75.1,Good
900806,Driver_805,39,7,South,60.1,Average
900807,Driver_806,48,25,Central,51.5,Low
900808,Driver_807,35,10,West,66.9,Average
900809,Driver_808,23,16,East,80.2,Good
900810,Driver_809,21,25,South,83.3,Good
900811,Driver_810,57,10,North,57.2,Low
900812,Driver_811,59,30,Central,89.5,Good
900813,Driver_812,36,5,North,89.1,Good
900814,Driver_813,24,11,East,96.1,Excellent
900815,Driver_814,40,12,South,75.0,Average
900816,Driver_815,41,22,East,53.5,Low
900817,Driver_816,54,18,South,62.8,Average
900818,Driver_817,50,21,South,50.8,Low
900819,Driver_818,23,3,East,62.6,Average
900820,Driver_819,59,23,South,72.5,Average
900821,Driver_820,60,26,East,55.5,Low
900822,Driver_821,36,9,South,53.2,Low
900823,Driver_822,32,12,Central,71.6,Average
900824,Driver_823,49,18,North,60.3,Average
900825,Driver_824,56,4,West,77.6,Good
900826,Driver_825,45,30,East,67.8,Average
900827,Driver_826,52,3,Central,79.1,Good
900828,Driver_827,31,24,Central,53.8,Low
900829,Driver_828,21,1,West,98.0,Excellent
900830,Driver_829,32,8,East,75.2,Good
900831,Driver_830,41,11,Central,70.8,Average
900832,Driver_831,47,2,North,56.0,Low
900833,Driver_832,33,0,West,54.8,Low
900834,Driver_833,59,14,Central,76.5,Good
900835,Driver_834,58,19,South,59.5,Low
900836,Driver_835,50,20,South,57.2,Low
900837,Driver_836,42,27,North,86.1,Good
900838,Driver_837,60,10,North,71.5,Average
900839,Driver_838,38,12,East,72.7,Average
900840,Driver_839,27,22,Central,76.5,Good
900841,Driver_840,29,30,East,97.6,Excellent
900842,Driver_841,52,22,North,56.2,Low
900843,Driver_842,24,9,Central,80.9,Good
900844,Driver_843,57,29,East,80.7,Good
900845,Driver_844,57,15,Central,76.6,Good
900846,Driver_845,56,6,East,89.5,Good
900847,Driver_846,23,20,North,74.4,Average
900848,Driver_847,56,16,Central,71.4,Average
900849,Driver_848,24,11,North,96.8,Excellent
900850,Driver_849,52,20,West,74.7,Average
900851,Driver_850,35,2,East,64.7,Average
900852,Driver_851,51,25,West,87.1,Good
900853,Driver_852,22,22,Central,56.0,Low
900854,Driver_853,49,0,East,85.2,Good
900855,Driver_854,41,25,Central,64.7,Average
900856,Driver_855,50,24,South,90.3,Excellent
900857,Driver_856,32,8,North,69.8,Average
900858,Driver_857,45,14,Central,69.4,Average
900859,Driver_858,50,1,North,96.2,Excellent
900860,Driver_859,63,1,West,87.7,Good
900861,Driver_860,25,23,South,81.6,Good
900862,Driver_861,54,1,West,58.0,Low
900863,Driver_862,61,10,Central,52.8,Low
900864,Driver_863,40,20,North,59.4,Low
900865,Driver_864,37,3,South,65.3,Average
900866,Driver_865,52,5,West,53.5,Low
900867,Driver_866,49,27,South,65.2,Average
900868,Driver_867,58,8,Central,68.6,Average
900869,Driver_868,39,24,West,82.8,Good
900870,Driver_869,57,14,North,86.0,Good
900871,Driver_870,57,23,South,72.8,Average
900872,Driver_871,29,3,South,89.5,Good
900873,Driver_872,26,7,West,88.4,Good
900874,Driver_873,32,9,West,52.7,Low
900875,Driver_874,42,12,Central,86.0,Good
900876,Driver_875,34,24,West,76.8,Good
900877,Driver_876,21,26,North,51.8,Low
900878,Driver_877,35,7,South,64.9,Average
900879,Driver_878,23,0,East,73.4,Average
900880,Driver_879,25,24,Central,85.4,Good
900881,Driver_880,57,8,South,78.5,Good
900882,Driver_881,31,15,East,71.8,Average
900883,Driver_882,58,3,Central,78.9,Good
900884,Driver_883,50,21,North,58.7,Low
900885,Driver_884,57,29,South,90.8,Excellent
900886,Driver_885,48,18,West,92.7,Excellent
900887,Driver_886,24,9,Central,55.6,Low
900888,Driver_887,50,5,Central,87.0,Good
900889,Driver_888,26,29,South,83.9,Good
900890,Driver_889,44,18,South,50.9,Low
900891,Driver_890,51,3,South,58.6,Low
900892,Driver_891,63,3,East,93.0,Excellent
900893,Driver_892,61,17,West,83.6,Good
900894,Driver_893,60,21,North,70.9,Average
900895,Driver_894,23,5,North,65.2,Average
900896,Driver_895,50,10,West,67.9,Average
900897,Driver_896,37,16,North,50.6,Low
900898,Driver_897,50,10,South,51.7,Low
900899,Driver_898,52,25,Central,57.0,Low
900900,Driver_899,24,25,South,58.9,Low
900901,Driver_900,35,2,Central,62.3,Average
900902,Driver_901,56,30,North,62.1,Average
900903,Driver_902,38,16,Central,58.2,Low
900904,Driver_903,33,26,West,81.3,Good
900905,Driver_904,25,8,East,70.5,Average
900906,Driver_905,48,30,Central,76.2,Good
900907,Driver_906,31,26,South,70.2,Average
900908,Driver_907,35,20,North,62.3,Average
900909,Driver_908,30,26,South,77.8,Good
900910,Driver_909,53,18,West,55.2,Low
900911,Driver_910,34,6,West,89.2,Good
900912,Driver_911,21,7,North,64.9,Average
900913,Driver_912,57,26,South,97.3,Excellent
900914,Driver_913,62,27,East,72.3,Average
900915,Driver_914,48,2,North,97.6,Excellent
900916,Driver_915,54,2,Central,52.6,Low
900917,Driver_916,46,0,North,91.0,Excellent
900918,Driver_917,28,13,East,54.8,Low
900919,Driver_918,27,2,West,74.0,Average
900920,Driver_919,62,3,South,67.2,Average
900921,Driver_920,56,7,East,82.4,Good
900922,Driver_921,29,2,Central,61.5,Average
900923,Driver_922,51,10,North,84.1,Good
900924,Driver_923,29,0,East,69.9,Average
900925,Driver_924,32,24,South,58.3,Low
900926,Driver_925,59,17,North,57.6,Low
900927,Driver_926,61,22,South,98.9,Excellent
900928,Driver_927,22,6,South,61.3,Average
900929,Driver_928,58,18,South,91.5,Excellent
900930,Driver_929,50,29,West,75.5,Good
900931,Driver_930,60,7,North,88.1,Good
900932,Driver_931,50,5,West,53.7,Low
900933,Driver_932,33,10,Central,72.9,Average
900934,Driver_933,50,18,Central,79.5,Good
900935,Driver_934,37,21,North,60.9,Average
900936,Driver_935,34,16,West,66.8,Average
900937,Driver_936,30,30,North,99.9,Excellent
900938,Driver_937,48,0,South,64.1,Average
900939,Driver_938,33,25,Central,80.7,Good
900940,Driver_939,37,25,Central,56.5,Low
900941,Driver_940,48,29,East,61.0,Average
900942,Driver_941,51,2,Central,81.8,Good
900943,Driver_942,30,9,West,50.9,Low
900944,Driver_943,25,5,South,81.1,Good
900945,Driver_944,51,28,East,89.4,Good
900946,Driver_945,39,20,West,99.2,Excellent
900947,Driver_946,31,18,Central,96.2,Excellent
900948,Driver_947,57,25,West,63.7,Average
900949,Driver_948,61,0,South,55.5,Low
900950,Driver_949,32,25,South,90.1,Excellent
900951,Driver_950,45,10,East,57.3,Low
900952,Driver_951,61,12,South,81.7,Good
900953,Driver_952,29,19,West,99.9,Excellent
900954,Driver_953,29,8,West,78.6,Good
900955,Driver_954,55,5,South,89.8,Good
900956,Driver_955,23,19,East,54.8,Low
900957,Driver_956,34,5,South,59.1,Low
900958,Driver_957,61,1,Central,77.8,Good
900959,Driver_958,31,21,East,82.0,Good
900960,Driver_959,60,12,North,52.6,Low
900961,Driver_960,39,26,South,71.4,Average
900962,Driver_961,60,28,East,67.5,Average
900963,Driver_962,33,0,West,86.2,Good
900964,Driver_963,44,14,East,79.3,Good
900965,Driver_964,43,16,North,59.7,Low
900966,Driver_965,52,27,Central,98.2,Excellent
900967,Driver_966,33,3,North,62.0,Average
900968,Driver_967,34,17,West,84.6,Good
900969,Driver_968,52,6,Central,83.5,Good
900970,Driver_969,45,6,Central,65.3,Average
900971,Driver_970,40,17,South,84.4,Good
900972,Driver_971,62,28,Central,81.0,Good
900973,Driver_972,38,20,East,65.1,Average
900974,Driver_973,62,22,West,59.0,Low
900975,Driver_974,57,6,South,64.7,Average
900976,Driver_975,60,28,Central,85.0,Good
900977,Driver_976,63,7,North,73.9,Average
900978,Driver_977,37,15,South,53.4,Low
900979,Driver_978,45,5,South,68.7,Average
900980,Driver_979,51,28,West,55.0,Low
900981,Driver_980,43,29,East,95.0,Excellent
900982,Driver_981,58,1,North,58.3,Low
900983,Driver_982,40,28,East,71.7,Average
900984,Driver_983,34,29,East,90.6,Excellent
900985,Driver_984,52,1,East,80.2,Good
900986,Driver_985,46,27,Central,53.7,Low
900987,Driver_986,60,27,East,95.5,Excellent
900988,Driver_987,57,29,Central,87.4,Good
900989,Driver_988,44,6,West,63.4,Average
900990,Driver_989,43,5,North,91.4,Excellent
900991,Driver_990,31,11,South,97.0,Excellent
900992,Driver_991,47,8,Central,89.2,Good
900993,Driver_992,59,11,South,73.5,Average
900994,Driver_993,54,3,West,96.2,Excellent
900995,Driver_994,30,18,Central,55.0,Low
900996,Driver_995,51,9,South,93.8,Excellent
900997,Driver_996,35,5,West,56.1,Low
900998,Driver_997,21,24,South,75.4,Good
900999,Driver_998,47,15,West,83.8,Good
901000,Driver_999,44,8,South,51.5,Low
901001,Driver_1000,38,5,Central,68.4,Average
901002,Driver_1001,53,24,South,91.2,Excellent
901003,Driver_1002,63,0,North,57.8,Low
901004,Driver_1003,39,4,West,65.0,Average
901005,Driver_1004,46,7,Central,53.6,Low
901006,Driver_1005,44,27,East,75.4,Good
901007,Driver_1006,21,22,North,69.2,Average
901008,Driver_1007,25,7,North,52.1,Low
901009,Driver_1008,53,10,East,59.2,Low
901010,Driver_1009,56,5,West,85.5,Good
901011,Driver_1010,37,6,Central,96.7,Excellent
901012,Driver_1011,48,1,North,96.6,Excellent
901013,Driver_1012,59,30,South,75.9,Good
901014,Driver_1013,21,20,North,56.3,Low
901015,Driver_1014,49,29,South,66.7,Average
901016,Driver_1015,59,10,North,97.9,Excellent
901017,Driver_1016,59,23,South,81.9,Good
901018,Driver_1017,25,19,South,58.1,Low
901019,Driver_1018,23,4,North,85.9,Good
901020,Driver_1019,33,28,West,92.3,Excellent
901021,Driver_1020,63,28,Central,84.5,Good
901022,Driver_1021,63,21,Central,86.0,Good
901023,Driver_1022,26,2,East,87.7,Good
901024,Driver_1023,62,5,North,61.3,Average
901025,Driver_1024,42,26,South,65.3,Average
901026,Driver_1025,51,6,Central,92.7,Excellent
901027,Driver_1026,53,24,West,65.8,Average
901028,Driver_1027,62,3,East,70.7,Average
901029,Driver_1028,50,0,East,85.5,Good
901030,Driver_1029,60,13,North,81.8,Good
901031,Driver_1030,63,24,North,74.4,Average
901032,Driver_1031,38,8,Central,56.9,Low
901033,Driver_1032,54,26,East,94.9,Excellent
901034,Driver_1033,21,20,East,67.1,Average
901035,Driver_1034,46,4,East,56.7,Low
901036,Driver_1035,39,19,Central,88.2,Good
901037,Driver_1036,22,30,West,66.2,Average
901038,Driver_1037,45,28,North,70.2,Average
901039,Driver_1038,48,2,East,55.2,Low
901040,Driver_1039,24,19,North,91.1,Excellent
901041,Driver_1040,31,7,East,92.7,Excellent
901042,Driver_1041,38,1,East,63.3,Average
901043,Driver_1042,27,21,West,89.4,Good
901044,Driver_1043,48,27,South,94.7,Excellent
901045,Driver_1044,49,10,East,66.0,Average
901046,Driver_1045,63,30,South,67.1,Average
901047,Driver_1046,43,15,North,63.6,Average
901048,Driver_1047,30,15,West,70.4,Average
901049,Driver_1048,34,30,East,93.9,Excellent
901050,Driver_1049,27,16,East,74.1,Average
901051,Driver_1050,36,15,West,62.4,Average
901052,Driver_1051,53,30,West,74.8,Average
901053,Driver_1052,51,18,North,56.8,Low
901054,Driver_1053,25,22,South,50.7,Low
901055,Driver_1054,47,9,South,77.0,Good
901056,Driver_1055,22,13,South,81.7,Good
901057,Driver_1056,25,16,East,50.3,Low
901058,Driver_1057,42,22,North,53.2,Low
901059,Driver_1058,55,30,North,52.9,Low
901060,Driver_1059,56,24,North,96.9,Excellent
901061,Driver_1060,21,3,North,94.3,Excellent
901062,Driver_1061,56,30,Central,57.0,Low
901063,Driver_1062,38,11,Central,87.0,Good
901064,Driver_1063,58,10,East,73.8,Average
901065,Driver_1064,46,0,East,90.3,Excellent
901066,Driver_1065,38,18,South,63.6,Average
901067,Driver_1066,26,18,Central,68.3,Average
901068,Driver_1067,61,21,East,68.2,Average
901069,Driver_1068,57,3,South,54.4,Low
901070,Driver_1069,42,9,East,90.4,Excellent
901071,Driver_1070,28,5,East,72.6,Average
901072,Driver_1071,44,17,South,67.6,Average
901073,Driver_1072,52,7,West,89.3,Good
901074,Driver_1073,22,20,East,52.4,Low
901075,Driver_1074,60,27,North,84.7,Good
901076,Driver_1075,59,22,South,84.9,Good
901077,Driver_1076,42,26,North,65.7,Average
901078,Driver_1077,31,22,East,60.7,Average
901079,Driver_1078,63,7,South,74.0,Average
901080,Driver_1079,58,11,East,69.8,Average
901081,Driver_1080,53,29,South,60.8,Average
901082,Driver_1081,45,3,North,89.2,Good
901083,Driver_1082,44,28,East,89.7,Good
901084,Driver_1083,62,0,East,91.4,Excellent
901085,Driver_1084,54,19,Central,72.0,Average
901086,Driver_1085,59,26,South,51.5,Low
901087,Driver_1086,45,6,Central,91.6,Excellent
901088,Driver_1087,62,22,West,99.9,Excellent
901089,Driver_1088,50,2,North,66.2,Average
901090,Driver_1089,28,9,East,90.8,Excellent
901091,Driver_1090,23,3,East,58.5,Low
901092,Driver_1091,23,3,North,58.0,Low
901093,Driver_1092,38,7,East,75.1,Good
901094,Driver_1093,25,7,East,51.3,Low
901095,Driver_1094,36,11,East,74.7,Average
901096,Driver_1095,34,7,West,95.5,Excellent
901097,Driver_1096,46,29,West,99.0,Excellent
901098,Driver_1097,38,23,East,55.2,Low
901099,Driver_1098,23,11,East,99.2,Excellent
901100,Driver_1099,29,10,West,56.6,Low
901101,Driver_1100,41,9,West,91.0,Excellent
901102,Driver_1101,45,24,East,70.0,Average
901103,Driver_1102,21,1,West,75.2,Good
901104,Driver_1103,23,11,East,87.3,Good
901105,Driver_1104,23,10,North,81.2,Good
901106,Driver_1105,42,2,Central,96.1,Excellent
901107,Driver_1106,40,25,West,87.1,Good
901108,Driver_1107,32,0,North,84.0,Good
901109,Driver_1108,31,18,East,71.5,Average
901110,Driver_1109,45,19,West,56.8,Low
901111,Driver_1110,28,24,North,63.1,Average
901112,Driver_1111,35,28,South,78.2,Good
901113,Driver_1112,43,6,North,65.7,Average
901114,Driver_1113,51,13,West,52.4,Low
901115,Driver_1114,28,23,North,56.8,Low
901116,Driver_1115,25,28,South,54.4,Low
901117,Driver_1116,58,12,North,79.4,Good
901118,Driver_1117,45,23,North,77.7,Good
901119,Driver_1118,42,2,East,74.0,Average
901120,Driver_1119,51,3,Central,85.2,Good
901121,Driver_1120,41,5,Central,57.6,Low
901122,Driver_1121,40,27,West,74.3,Average
901123,Driver_1122,51,24,South,64.1,Average
901124,Driver_1123,21,30,West,93.8,Excellent
901125,Driver_1124,63,20,East,54.3,Low
901126,Driver_1125,34,1,North,78.0,Good
901127,Driver_1126,29,22,South,84.6,Good
901128,Driver_1127,51,11,South,62.6,Average
901129,Driver_1128,48,26,West,73.8,Average
901130,Driver_1129,52,0,Central,52.2,Low
901131,Driver_1130,32,1,West,99.6,Excellent
901132,Driver_1131,33,6,Central,54.8,Low
901133,Driver_1132,34,9,Central,93.0,Excellent
901134,Driver_1133,45,25,South,81.4,Good
901135,Driver_1134,35,16,North,93.2,Excellent
901136,Driver_1135,50,30,Central,51.2,Low
901137,Driver_1136,25,28,Central,73.9,Average
901138,Driver_1137,50,5,East,78.9,Good
901139,Driver_1138,56,0,West,71.9,Average
901140,Driver_1139,53,7,West,85.7,Good
901141,Driver_1140,48,16,East,78.8,Good
901142,Driver_1141,52,5,West,86.2,Good
901143,Driver_1142,48,21,South,79.0,Good
901144,Driver_1143,62,25,East,54.9,Low
901145,Driver_1144,38,16,Central,61.3,Average
901146,Driver_1145,44,14,North,73.4,Average
901147,Driver_1146,57,6,South,89.9,Good
901148,Driver_1147,41,7,East,53.7,Low
901149,Driver_1148,54,21,Central,66.5,Average
901150,Driver_1149,55,21,East,80.9,Good
901151,Driver_1150,24,16,West,77.7,Good
901152,Driver_1151,30,24,West,84.3,Good
901153,Driver_1152,47,22,West,99.1,Excellent
901154,Driver_1153,52,22,West,59.0,Low
901155,Driver_1154,57,5,South,76.3,Good
901156,Driver_1155,42,6,West,95.5,Excellent
901157,Driver_1156,30,15,East,75.2,Good
901158,Driver_1157,49,27,West,77.8,Good
901159,Driver_1158,30,0,North,56.5,Low
901160,Driver_1159,49,6,North,70.4,Average
901161,Driver_1160,28,5,East,88.6,Good
901162,Driver_1161,51,25,Central,84.7,Good
901163,Driver_1162,29,8,Central,97.6,Excellent
901164,Driver_1163,51,0,South,74.8,Average
901165,Driver_1164,61,22,South,58.4,Low
901166,Driver_1165,41,30,West,55.9,Low
901167,Driver_1166,44,4,Central,62.1,Average
901168,Driver_1167,31,3,South,59.0,Low
901169,Driver_1168,44,7,North,80.1,Good
901170,Driver_1169,37,5,South,73.1,Average
901171,Driver_1170,37,13,Central,81.4,Good
901172,Driver_1171,24,6,South,67.5,Average
901173,Driver_1172,26,30,East,77.0,Good
901174,Driver_1173,46,19,Central,78.2,Good
901175,Driver_1174,58,5,East,57.6,Low
901176,Driver_1175,40,30,North,81.6,Good
901177,Driver_1176,46,18,West,98.6,Excellent
901178,Driver_1177,27,7,East,50.7,Low
901179,Driver_1178,62,24,Central,69.7,Average
901180,Driver_1179,46,6,East,95.4,Excellent
901181,Driver_1180,31,13,Central,59.6,Low
901182,Driver_1181,38,26,South,92.8,Excellent
901183,Driver_1182,41,19,Central,96.7,Excellent
901184,Driver_1183,30,8,South,73.3,Average
901185,Driver_1184,35,3,North,62.2,Average
901186,Driver_1185,51,14,Central,85.7,Good
901187,Driver_1186,31,6,Central,75.1,Good
901188,Driver_1187,39,8,Central,55.8,Low
901189,Driver_1188,63,20,South,68.5,Average
901190,Driver_1189,63,15,West,61.6,Average
901191,Driver_1190,32,7,South,79.8,Good
901192,Driver_1191,62,22,West,93.5,Excellent
901193,Driver_1192,61,30,West,78.2,Good
901194,Driver_1193,38,12,North,76.5,Good
901195,Driver_1194,42,22,West,81.9,Good
901196,Driver_1195,45,13,West,74.8,Average
901197,Driver_1196,43,20,West,71.5,Average
901198,Driver_1197,42,5,East,91.1,Excellent
901199,Driver_1198,34,18,North,82.8,Good
901200,Driver_1199,24,10,South,76.4,Good
901201,Driver_1200,24,23,East,62.7,Average
901202,Driver_1201,44,3,Central,61.7,Average
901203,Driver_1202,60,29,West,75.9,Good
901204,Driver_1203,35,22,West,69.6,Average
901205,Driver_1204,59,6,West,57.4,Low
901206,Driver_1205,47,19,East,99.1,Excellent
901207,Driver_1206,30,25,South,54.1,Low
901208,Driver_1207,32,6,South,57.9,Low
901209,Driver_1208,39,30,West,99.8,Excellent
901210,Driver_1209,47,10,Central,99.5,Excellent
901211,Driver_1210,55,11,East,91.6,Excellent
901212,Driver_1211,22,7,East,78.3,Good
901213,Driver_1212,30,23,East,91.5,Excellent
901214,Driver_1213,36,3,West,65.2,Average
901215,Driver_1214,39,27,West,51.1,Low
901216,Driver_1215,50,5,South,69.4,Average
901217,Driver_1216,61,2,North,59.0,Low
901218,Driver_1217,33,30,Central,84.6,Good
901219,Driver_1218,50,27,North,75.8,Good
901220,Driver_1219,61,28,West,78.3,Good
901221,Driver_1220,37,19,West,53.1,Low
901222,Driver_1221,61,17,North,98.0,Excellent
901223,Driver_1222,24,20,West,67.5,Average
901224,Driver_1223,45,26,West,92.4,Excellent
901225,Driver_1224,47,16,West,94.0,Excellent
901226,Driver_1225,36,29,Central,82.0,Good
901227,Driver_1226,54,8,North,51.0,Low
901228,Driver_1227,47,19,West,94.8,Excellent
901229,Driver_1228,30,10,South,74.4,Average
901230,Driver_1229,54,19,West,66.9,Average
901231,Driver_1230,47,9,South,82.5,Good
901232,Driver_1231,57,15,West,52.6,Low
901233,Driver_1232,26,2,Central,61.6,Average
901234,Driver_1233,49,12,South,57.6,Low
901235,Driver_1234,25,24,North,79.7,Good
901236,Driver_1235,37,29,East,68.8,Average
901237,Driver_1236,38,29,West,79.4,Good
901238,Driver_1237,48,0,West,91.0,Excellent
901239,Driver_1238,26,12,North,50.4,Low
901240,Driver_1239,34,8,West,52.4,Low
901241,Driver_1240,50,20,South,96.7,Excellent
901242,Driver_1241,21,0,South,70.0,Average
901243,Driver_1242,46,25,South,58.4,Low
901244,Driver_1243,61,15,East,59.3,Low
901245,Driver_1244,39,5,Central,71.9,Average
901246,Driver_1245,23,5,North,63.9,Average
901247,Driver_1246,31,20,South,94.4,Excellent
901248,Driver_1247,22,23,South,99.5,Excellent
901249,Driver_1248,44,4,West,74.7,Average
901250,Driver_1249,22,17,South,65.5,Average
901251,Driver_1250,37,16,East,52.6,Low
901252,Driver_1251,35,9,West,90.3,Excellent
901253,Driver_1252,30,10,North,62.3,Average
901254,Driver_1253,54,0,South,55.4,Low
901255,Driver_1254,35,27,North,83.7,Good
901256,Driver_1255,25,4,North,94.9,Excellent
901257,Driver_1256,22,21,North,91.9,Excellent
901258,Driver_1257,36,15,North,88.4,Good
901259,Driver_1258,47,28,East,66.8,Average
901260,Driver_1259,39,11,West,82.4,Good
901261,Driver_1260,34,18,West,87.8,Good
901262,Driver_1261,25,23,Central,71.8,Average
901263,Driver_1262,26,5,South,92.0,Excellent
901264,Driver_1263,58,13,South,75.8,Good
901265,Driver_1264,62,22,East,83.0,Good
901266,Driver_1265,41,20,East,76.3,Good
901267,Driver_1266,60,13,West,90.0,Good
901268,Driver_1267,44,3,East,86.7,Good
901269,Driver_1268,52,11,South,68.0,Average
901270,Driver_1269,26,16,West,88.9,Good
901271,Driver_1270,26,28,North,73.3,Average
901272,Driver_1271,22,15,North,80.7,Good
901273,Driver_1272,28,25,Central,90.9,Excellent
901274,Driver_1273,43,5,Central,89.7,Good
901275,Driver_1274,46,15,Central,62.4,Average
901276,Driver_1275,52,11,South,57.5,Low
901277,Driver_1276,51,27,West,80.2,Good
901278,Driver_1277,48,21,West,64.8,Average
901279,Driver_1278,23,30,West,69.5,Average
901280,Driver_1279,55,16,North,71.8,Average
901281,Driver_1280,29,27,West,67.8,Average
901282,Driver_1281,35,8,South,98.9,Excellent
901283,Driver_1282,59,18,West,92.3,Excellent
901284,Driver_1283,42,17,East,67.3,Average
901285,Driver_1284,61,6,Central,83.1,Good
901286,Driver_1285,44,28,East,71.3,Average
901287,Driver_1286,36,24,West,69.3,Average
901288,Driver_1287,51,27,Central,94.4,Excellent
901289,Driver_1288,33,24,East,95.8,Excellent
901290,Driver_1289,53,9,East,62.1,Average
901291,Driver_1290,50,1,Central,97.4,Excellent
901292,Driver_1291,31,8,Central,82.0,Good
901293,Driver_1292,27,30,East,81.9,Good
901294,Driver_1293,34,19,West,67.0,Average
901295,Driver_1294,51,20,West,73.3,Average
901296,Driver_1295,58,4,West,72.0,Average
901297,Driver_1296,36,26,Central,62.9,Average
901298,Driver_1297,33,5,South,55.5,Low
901299,Driver_1298,62,12,North,84.8,Good
901300,Driver_1299,28,13,East,70.3,Average
901301,Driver_1300,26,6,East,84.1,Good
901302,Driver_1301,49,19,North,99.3,Excellent
901303,Driver_1302,57,0,North,62.1,Average
901304,Driver_1303,52,24,West,71.3,Average
901305,Driver_1304,29,24,South,55.4,Low
901306,Driver_1305,62,16,North,86.0,Good
901307,Driver_1306,55,18,North,52.1,Low
901308,Driver_1307,60,11,South,59.4,Low
901309,Driver_1308,38,30,South,72.2,Average
901310,Driver_1309,52,2,Central,96.2,Excellent
901311,Driver_1310,59,26,Central,75.8,Good
901312,Driver_1311,37,15,North,96.4,Excellent
901313,Driver_1312,36,12,South,88.7,Good
901314,Driver_1313,32,3,Central,84.9,Good
901315,Driver_1314,59,21,North,94.0,Excellent
901316,Driver_1315,57,27,South,87.6,Good
901317,Driver_1316,56,1,Central,91.0,Excellent
901318,Driver_1317,43,11,North,66.9,Average
901319,Driver_1318,60,19,South,60.8,Average
901320,Driver_1319,39,10,North,50.0,Low
901321,Driver_1320,46,13,Central,57.0,Low
901322,Driver_1321,61,27,South,99.6,Excellent
901323,Driver_1322,52,16,West,72.8,Average
901324,Driver_1323,21,9,Central,68.8,Average
901325,Driver_1324,35,12,South,68.2,Average
901326,Driver_1325,26,19,East,84.4,Good
901327,Driver_1326,39,22,West,58.3,Low
901328,Driver_1327,51,20,South,60.1,Average
901329,Driver_1328,35,21,North,88.8,Good
901330,Driver_1329,60,0,Central,97.8,Excellent
901331,Driver_1330,22,30,South,60.9,Average
901332,Driver_1331,49,12,Central,82.4,Good
901333,Driver_1332,54,3,Central,93.3,Excellent
901334,Driver_1333,26,1,West,50.5,Low
901335,Driver_1334,37,7,West,100.0,Excellent
901336,Driver_1335,30,26,West,97.9,Excellent
901337,Driver_1336,47,26,West,61.8,Average
901338,Driver_1337,38,19,East,80.5,Good
901339,Driver_1338,25,1,North,58.0,Low
901340,Driver_1339,60,21,West,99.7,Excellent
901341,Driver_1340,42,3,North,57.0,Low
901342,Driver_1341,32,13,West,76.0,Good
901343,Driver_1342,61,8,South,68.5,Average
901344,Driver_1343,51,17,North,64.9,Average
901345,Driver_1344,46,2,West,63.3,Average
901346,Driver_1345,24,17,Central,53.7,Low
901347,Driver_1346,30,3,North,50.2,Low
901348,Driver_1347,38,18,West,74.7,Average
901349,Driver_1348,51,13,East,64.1,Average
901350,Driver_1349,48,13,South,76.2,Good
901351,Driver_1350,22,26,East,86.4,Good
901352,Driver_1351,57,21,North,75.3,Good
901353,Driver_1352,55,19,East,55.6,Low
901354,Driver_1353,30,28,South,54.0,Low
901355,Driver_1354,49,2,North,86.2,Good
901356,Driver_1355,23,16,North,90.0,Good
901357,Driver_1356,57,12,South,91.6,Excellent
901358,Driver_1357,45,0,South,95.5,Excellent
901359,Driver_1358,54,22,West,96.9,Excellent
901360,Driver_1359,21,11,East,80.9,Good
901361,Driver_1360,49,19,West,57.6,Low
901362,Driver_1361,37,3,South,67.1,Average
901363,Driver_1362,46,2,West,99.8,Excellent
901364,Driver_1363,63,29,North,71.6,Average
901365,Driver_1364,57,26,West,86.6,Good
901366,Driver_1365,21,10,South,52.9,Low
901367,Driver_1366,34,10,South,84.9,Good
901368,Driver_1367,30,2,West,60.5,Average
901369,Driver_1368,21,15,Central,58.1,Low
901370,Driver_1369,42,20,South,55.1,Low
901371,Driver_1370,30,5,South,53.7,Low
901372,Driver_1371,38,16,West,56.7,Low
901373,Driver_1372,30,8,East,96.2,Excellent
901374,Driver_1373,43,9,South,85.3,Good
901375,Driver_1374,28,21,South,80.6,Good
901376,Driver_1375,42,27,Central,95.4,Excellent
901377,Driver_1376,49,24,South,56.4,Low
901378,Driver_1377,38,12,North,53.1,Low
901379,Driver_1378,52,15,North,68.4,Average
901380,Driver_1379,25,7,South,79.1,Good
901381,Driver_1380,61,21,North,98.0,Excellent
901382,Driver_1381,40,1,West,87.1,Good
901383,Driver_1382,53,20,South,79.1,Good
901384,Driver_1383,39,4,West,51.2,Low
901385,Driver_1384,33,1,West,51.7,Low
901386,Driver_1385,62,30,West,67.9,Average
901387,Driver_1386,43,16,Central,79.3,Good
901388,Driver_1387,54,2,North,58.2,Low
901389,Driver_1388,43,23,North,65.6,Average
901390,Driver_1389,53,18,North,89.7,Good
901391,Driver_1390,46,7,North,73.1,Average
901392,Driver_1391,36,18,West,85.2,Good
901393,Driver_1392,56,23,South,51.2,Low
901394,Driver_1393,33,7,North,91.0,Excellent
901395,Driver_1394,47,7,West,62.1,Average
901396,Driver_1395,63,6,Central,59.6,Low
901397,Driver_1396,32,6,South,89.8,Good
901398,Driver_1397,30,15,East,74.7,Average
901399,Driver_1398,61,14,West,92.6,Excellent
901400,Driver_1399,53,22,Central,66.4,Average
901401,Driver_1400,48,29,South,69.4,Average
901402,Driver_1401,26,22,Central,89.1,Good
901403,Driver_1402,35,20,South,62.4,Average
901404,Driver_1403,25,8,West,75.7,Good
901405,Driver_1404,61,11,West,96.4,Excellent
901406,Driver_1405,55,30,East,50.4,Low
901407,Driver_1406,52,1,North,97.5,Excellent
901408,Driver_1407,36,21,East,60.1,Average
901409,Driver_1408,41,6,North,66.1,Average
901410,Driver_1409,30,16,South,86.8,Good
901411,Driver_1410,30,30,North,61.6,Average
901412,Driver_1411,49,5,West,69.8,Average
901413,Driver_1412,33,17,North,91.6,Excellent
901414,Driver_1413,47,12,East,69.0,Average
901415,Driver_1414,49,8,East,54.9,Low
901416,Driver_1415,42,13,West,88.3,Good
901417,Driver_1416,41,13,South,82.3,Good
901418,Driver_1417,58,0,West,52.3,Low
901419,Driver_1418,37,3,North,51.6,Low
901420,Driver_1419,63,1,East,77.9,Good
901421,Driver_1420,45,20,Central,87.9,Good
901422,Driver_1421,46,13,East,81.9,Good
901423,Driver_1422,55,5,South,79.6,Good
901424,Driver_1423,44,13,Central,91.4,Excellent
901425,Driver_1424,48,0,East,94.5,Excellent
901426,Driver_1425,36,8,East,54.1,Low
901427,Driver_1426,25,3,East,56.5,Low
901428,Driver_1427,47,18,North,75.3,Good
901429,Driver_1428,36,28,West,59.4,Low
901430,Driver_1429,53,10,East,60.2,Average
901431,Driver_1430,25,9,North,58.4,Low
901432,Driver_1431,21,15,Central,85.8,Good
901433,Driver_1432,31,23,West,65.6,Average
901434,Driver_1433,24,29,North,90.6,Excellent
901435,Driver_1434,39,17,South,66.1,Average
901436,Driver_1435,59,26,Central,80.3,Good
901437,Driver_1436,57,4,East,78.7,Good
901438,Driver_1437,36,24,Central,99.6,Excellent
901439,Driver_1438,55,12,Central,65.2,Average
901440,Driver_1439,26,14,East,86.4,Good
901441,Driver_1440,23,7,South,98.1,Excellent
901442,Driver_1441,29,14,North,79.5,Good
901443,Driver_1442,28,22,Central,57.8,Low
901444,Driver_1443,43,10,North,84.7,Good
901445,Driver_1444,30,27,North,88.2,Good
901446,Driver_1445,39,22,West,69.8,Average
901447,Driver_1446,38,18,North,72.3,Average
901448,Driver_1447,27,23,South,52.9,Low
901449,Driver_1448,49,11,West,60.0,Low
901450,Driver_1449,26,15,Central,94.5,Excellent
901451,Driver_1450,25,14,West,90.1,Excellent
901452,Driver_1451,22,13,South,71.6,Average
901453,Driver_1452,48,14,East,55.9,Low
901454,Driver_1453,36,23,South,56.8,Low
901455,Driver_1454,50,17,West,76.7,Good
901456,Driver_1455,43,21,West,56.0,Low
901457,Driver_1456,44,4,East,84.0,Good
901458,Driver_1457,42,27,East,65.0,Average
901459,Driver_1458,57,29,South,75.0,Average
901460,Driver_1459,28,28,East,85.1,Good
901461,Driver_1460,22,20,East,58.1,Low
901462,Driver_1461,34,20,North,57.4,Low
901463,Driver_1462,39,23,North,64.3,Average
901464,Driver_1463,63,27,Central,64.0,Average
901465,Driver_1464,37,9,North,84.9,Good
901466,Driver_1465,26,3,North,95.7,Excellent
901467,Driver_1466,40,20,South,54.7,Low
901468,Driver_1467,22,3,West,86.0,Good
901469,Driver_1468,22,17,Central,61.1,Average
901470,Driver_1469,45,12,West,65.7,Average
901471,Driver_1470,21,16,East,67.3,Average
901472,Driver_1471,37,20,East,73.3,Average
901473,Driver_1472,54,13,South,58.5,Low
901474,Driver_1473,44,1,North,89.6,Good
901475,Driver_1474,41,16,South,90.8,Excellent
901476,Driver_1475,43,26,South,55.3,Low
901477,Driver_1476,52,12,East,50.3,Low
901478,Driver_1477,37,22,East,54.3,Low
901479,Driver_1478,31,11,South,58.6,Low
901480,Driver_1479,60,15,North,62.1,Average
901481,Driver_1480,39,0,South,65.7,Average
901482,Driver_1481,60,20,West,69.4,Average
901483,Driver_1482,59,15,Central,52.4,Low
901484,Driver_1483,28,11,South,90.7,Excellent
901485,Driver_1484,35,27,West,92.6,Excellent
901486,Driver_1485,42,13,South,70.0,Average
901487,Driver_1486,27,1,West,97.1,Excellent
901488,Driver_1487,24,30,North,72.5,Average
901489,Driver_1488,58,28,Central,68.0,Average
901490,Driver_1489,24,28,East,75.0,Average
901491,Driver_1490,51,5,West,82.0,Good
901492,Driver_1491,34,15,Central,78.0,Good
901493,Driver_1492,39,30,East,89.4,Good
901494,Driver_1493,45,14,Central,59.3,Low
901495,Driver_1494,34,17,North,69.0,Average
901496,Driver_1495,27,24,South,79.6,Good
901497,Driver_1496,57,21,North,77.0,Good
901498,Driver_1497,23,2,South,51.7,Low
901499,Driver_1498,47,4,South,50.9,Low
901500,Driver_1499,21,3,East,91.6,Excellent
901501,Driver_1500,33,1,North,92.1,Excellent
901502,Driver_1501,39,22,West,62.6,Average
901503,Driver_1502,49,20,North,70.7,Average
901504,Driver_1503,53,12,East,55.9,Low
901505,Driver_1504,41,29,South,87.8,Good
901506,Driver_1505,49,15,West,70.2,Average
901507,Driver_1506,40,10,North,71.9,Average
901508,Driver_1507,34,2,North,67.6,Average
901509,Driver_1508,52,22,East,84.1,Good
901510,Driver_1509,57,0,Central,54.6,Low
901511,Driver_1510,54,14,East,76.9,Good
901512,Driver_1511,42,2,East,82.3,Good
901513,Driver_1512,29,20,Central,68.3,Average
901514,Driver_1513,52,3,East,61.0,Average
901515,Driver_1514,30,4,West,78.8,Good
901516,Driver_1515,28,22,North,78.8,Good
901517,Driver_1516,41,4,Central,75.8,Good
901518,Driver_1517,41,20,South,59.2,Low
901519,Driver_1518,21,25,Central,61.8,Average
901520,Driver_1519,59,7,South,88.4,Good
901521,Driver_1520,33,30,South,57.7,Low
901522,Driver_1521,38,27,South,72.0,Average
901523,Driver_1522,40,27,West,74.7,Average
901524,Driver_1523,51,24,West,90.7,Excellent
901525,Driver_1524,54,29,Central,53.3,Low
901526,Driver_1525,21,29,South,84.1,Good
901527,Driver_1526,49,29,West,68.6,Average
901528,Driver_1527,34,21,Central,80.0,Good
901529,Driver_1528,33,23,East,82.6,Good
901530,Driver_1529,26,13,South,98.6,Excellent
901531,Driver_1530,60,22,North,52.2,Low
901532,Driver_1531,48,8,Central,67.0,Average
901533,Driver_1532,46,24,East,78.4,Good
901534,Driver_1533,55,25,North,90.3,Excellent
901535,Driver_1534,38,14,Central,62.8,Average
901536,Driver_1535,36,8,South,82.5,Good
901537,Driver_1536,60,23,Central,82.7,Good
901538,Driver_1537,43,10,Central,65.2,Average
901539,Driver_1538,21,3,North,68.6,Average
901540,Driver_1539,61,12,South,65.9,Average
901541,Driver_1540,27,20,North,50.1,Low
901542,Driver_1541,58,17,South,92.8,Excellent
901543,Driver_1542,42,16,South,73.9,Average
901544,Driver_1543,52,21,North,63.5,Average
901545,Driver_1544,42,16,Central,71.4,Average
901546,Driver_1545,27,12,West,72.4,Average
901547,Driver_1546,47,11,West,96.8,Excellent
901548,Driver_1547,27,0,Central,65.8,Average
901549,Driver_1548,59,5,North,76.7,Good
901550,Driver_1549,48,28,Central,66.5,Average
901551,Driver_1550,40,9,South,58.0,Low
901552,Driver_1551,52,15,East,56.8,Low
901553,Driver_1552,53,20,East,94.5,Excellent
901554,Driver_1553,31,15,West,73.5,Average
901555,Driver_1554,51,11,East,97.5,Excellent
901556,Driver_1555,48,13,East,55.9,Low
901557,Driver_1556,29,29,Central,90.3,Excellent
901558,Driver_1557,38,10,North,92.7,Excellent
901559,Driver_1558,51,23,West,82.4,Good
901560,Driver_1559,28,18,East,65.1,Average
901561,Driver_1560,38,17,East,61.8,Average
901562,Driver_1561,42,10,South,79.6,Good
901563,Driver_1562,38,4,East,59.4,Low
901564,Driver_1563,59,9,West,82.8,Good
901565,Driver_1564,62,14,South,64.0,Average
901566,Driver_1565,25,8,Central,59.3,Low
901567,Driver_1566,40,13,West,82.3,Good
901568,Driver_1567,41,16,North,52.2,Low
901569,Driver_1568,34,0,West,70.5,Average
901570,Driver_1569,30,13,North,54.3,Low
901571,Driver_1570,25,7,South,58.5,Low
901572,Driver_1571,32,27,Central,82.6,Good
901573,Driver_1572,59,27,Central,53.5,Low
901574,Driver_1573,57,21,Central,73.6,Average
901575,Driver_1574,23,22,North,85.6,Good
901576,Driver_1575,58,6,South,53.6,Low
901577,Driver_1576,30,3,North,73.4,Average
901578,Driver_1577,27,30,South,98.1,Excellent
901579,Driver_1578,24,3,North,84.4,Good
901580,Driver_1579,43,2,East,69.5,Average
901581,Driver_1580,61,7,North,63.8,Average
901582,Driver_1581,36,20,South,59.6,Low
901583,Driver_1582,47,22,North,76.7,Good
901584,Driver_1583,57,12,South,60.6,Average
901585,Driver_1584,31,17,North,86.7,Good
901586,Driver_1585,28,20,South,83.4,Good
901587,Driver_1586,37,17,Central,79.9,Good
901588,Driver_1587,39,24,Central,66.8,Average
901589,Driver_1588,34,21,West,55.5,Low
901590,Driver_1589,33,24,North,74.8,Average
901591,Driver_1590,29,6,North,76.7,Good
901592,Driver_1591,36,0,West,50.9,Low
901593,Driver_1592,62,26,South,60.3,Average
901594,Driver_1593,41,19,East,97.2,Excellent
901595,Driver_1594,30,15,Central,53.5,Low
901596,Driver_1595,61,16,South,78.9,Good
901597,Driver_1596,24,14,East,51.2,Low
901598,Driver_1597,34,29,Central,77.9,Good
901599,Driver_1598,60,2,East,51.0,Low
901600,Driver_1599,43,13,Central,61.6,Average
901601,Driver_1600,57,10,North,71.7,Average
901602,Driver_1601,44,12,South,60.2,Average
901603,Driver_1602,23,17,Central,59.8,Low
901604,Driver_1603,44,27,South,70.2,Average
901605,Driver_1604,47,5,Central,86.0,Good
901606,Driver_1605,51,20,West,83.9,Good
901607,Driver_1606,34,1,Central,90.8,Excellent
901608,Driver_1607,48,18,North,91.2,Excellent
901609,Driver_1608,43,24,South,71.8,Average
901610,Driver_1609,62,0,West,94.9,Excellent
901611,Driver_1610,33,1,East,91.9,Excellent
901612,Driver_1611,43,21,East,56.2,Low
901613,Driver_1612,57,17,West,95.5,Excellent
901614,Driver_1613,45,4,North,69.5,Average
901615,Driver_1614,33,1,West,50.2,Low
901616,Driver_1615,25,29,South,52.5,Low
901617,Driver_1616,34,3,South,100.0,Excellent
901618,Driver_1617,22,30,North,87.9,Good
901619,Driver_1618,31,6,West,79.8,Good
901620,Driver_1619,58,17,West,57.1,Low
901621,Driver_1620,40,6,West,63.9,Average
901622,Driver_1621,53,20,West,95.0,Excellent
901623,Driver_1622,26,1,West,50.1,Low
901624,Driver_1623,47,4,West,51.8,Low
901625,Driver_1624,57,0,West,93.1,Excellent
901626,Driver_1625,27,5,South,84.6,Good
901627,Driver_1626,63,22,East,50.3,Low
901628,Driver_1627,58,13,West,69.8,Average
901629,Driver_1628,40,19,West,80.7,Good
901630,Driver_1629,21,8,Central,68.9,Average
901631,Driver_1630,52,25,Central,53.3,Low
901632,Driver_1631,27,28,South,60.1,Average
901633,Driver_1632,60,6,East,50.6,Low
901634,Driver_1633,49,23,North,93.2,Excellent
901635,Driver_1634,23,5,North,85.1,Good
901636,Driver_1635,33,4,East,50.8,Low
901637,Driver_1636,44,18,East,54.4,Low
901638,Driver_1637,42,6,Central,66.3,Average
901639,Driver_1638,31,1,West,85.6,Good
901640,Driver_1639,56,15,East,54.9,Low
901641,Driver_1640,58,20,West,83.5,Good
901642,Driver_1641,28,3,North,63.2,Average
901643,Driver_1642,41,0,South,61.7,Average
901644,Driver_1643,37,22,West,58.5,Low
901645,Driver_1644,58,28,Central,91.2,Excellent
901646,Driver_1645,49,1,South,80.3,Good
901647,Driver_1646,62,19,East,76.4,Good
901648,Driver_1647,40,19,East,61.9,Average
901649,Driver_1648,51,20,West,85.4,Good
901650,Driver_1649,31,22,Central,54.7,Low
901651,Driver_1650,54,8,East,94.7,Excellent
901652,Driver_1651,43,30,South,61.5,Average
901653,Driver_1652,55,1,West,97.9,Excellent
901654,Driver_1653,44,22,South,67.5,Average
901655,Driver_1654,23,14,Central,71.8,Average
901656,Driver_1655,63,26,West,97.2,Excellent
901657,Driver_1656,32,13,East,85.6,Good
901658,Driver_1657,63,17,North,96.4,Excellent
901659,Driver_1658,46,14,East,89.3,Good
901660,Driver_1659,52,20,East,88.7,Good
901661,Driver_1660,42,1,West,66.0,Average
901662,Driver_1661,43,15,East,64.0,Average
901663,Driver_1662,52,10,East,74.6,Average
901664,Driver_1663,58,17,North,81.9,Good
901665,Driver_1664,33,22,North,98.2,Excellent
901666,Driver_1665,30,6,South,73.4,Average
901667,Driver_1666,52,30,Central,65.5,Average
901668,Driver_1667,58,24,West,69.4,Average
901669,Driver_1668,46,7,West,78.7,Good
901670,Driver_1669,21,15,Central,90.8,Excellent
901671,Driver_1670,52,19,North,79.7,Good
901672,Driver_1671,53,0,North,92.1,Excellent
901673,Driver_1672,24,14,South,98.5,Excellent
901674,Driver_1673,34,23,Central,52.4,Low
901675,Driver_1674,45,9,West,71.7,Average
901676,Driver_1675,52,15,North,58.3,Low
901677,Driver_1676,45,12,South,93.1,Excellent
901678,Driver_1677,44,5,East,95.3,Excellent
901679,Driver_1678,29,17,North,86.9,Good
901680,Driver_1679,22,30,East,96.7,Excellent
901681,Driver_1680,49,13,Central,67.0,Average
901682,Driver_1681,56,21,East,70.3,Average
901683,Driver_1682,48,22,West,60.8,Average
901684,Driver_1683,49,28,West,84.8,Good
901685,Driver_1684,47,25,Central,58.6,Low
901686,Driver_1685,42,30,West,71.2,Average
901687,Driver_1686,49,4,South,66.0,Average
901688,Driver_1687,30,26,North,79.1,Good
901689,Driver_1688,33,1,West,68.2,Average
901690,Driver_1689,26,17,South,95.6,Excellent
901691,Driver_1690,55,0,North,82.0,Good
901692,Driver_1691,54,11,West,97.4,Excellent
901693,Driver_1692,24,22,West,64.7,Average
901694,Driver_1693,57,1,West,67.7,Average
901695,Driver_1694,51,27,West,95.0,Excellent
901696,Driver_1695,26,2,West,73.1,Average
901697,Driver_1696,59,5,East,56.8,Low
901698,Driver_1697,22,20,South,72.4,Average
901699,Driver_1698,59,24,North,90.6,Excellent
901700,Driver_1699,37,1,Central,96.8,Excellent
901701,Driver_1700,46,14,East,52.2,Low
901702,Driver_1701,22,6,West,70.7,Average
901703,Driver_1702,60,19,South,69.8,Average
901704,Driver_1703,60,6,West,65.7,Average
901705,Driver_1704,46,30,Central,99.8,Excellent
901706,Driver_1705,29,7,Central,53.8,Low
901707,Driver_1706,61,28,West,55.6,Low
901708,Driver_1707,38,28,North,89.2,Good
901709,Driver_1708,60,14,West,92.0,Excellent
901710,Driver_1709,55,0,Central,58.3,Low
901711,Driver_1710,56,17,North,98.9,Excellent
901712,Driver_1711,61,9,West,59.8,Low
901713,Driver_1712,44,23,Central,66.4,Average
901714,Driver_1713,28,2,Central,75.6,Good
901715,Driver_1714,59,23,West,85.3,Good
901716,Driver_1715,62,30,Central,64.0,Average
901717,Driver_1716,33,13,West,52.7,Low
901718,Driver_1717,31,17,South,71.3,Average
901719,Driver_1718,36,22,South,86.5,Good
901720,Driver_1719,52,4,East,71.3,Average
901721,Driver_1720,34,6,North,98.9,Excellent
901722,Driver_1721,51,29,East,95.1,Excellent
901723,Driver_1722,58,15,West,65.1,Average
901724,Driver_1723,52,26,Central,94.4,Excellent
901725,Driver_1724,38,10,South,99.5,Excellent
901726,Driver_1725,42,25,North,64.0,Average
901727,Driver_1726,25,23,East,67.1,Average
901728,Driver_1727,40,10,Central,99.9,Excellent
901729,Driver_1728,39,8,West,86.4,Good
901730,Driver_1729,22,25,South,80.8,Good
901731,Driver_1730,42,0,Central,70.5,Average
901732,Driver_1731,24,24,South,75.6,Good
901733,Driver_1732,49,19,West,73.6,Average
901734,Driver_1733,55,19,Central,68.2,Average
901735,Driver_1734,32,3,East,65.5,Average
901736,Driver_1735,45,12,Central,98.8,Excellent
901737,Driver_1736,52,14,Central,86.9,Good
901738,Driver_1737,61,13,Central,58.6,Low
901739,Driver_1738,43,1,East,90.2,Excellent
901740,Driver_1739,27,3,North,75.9,Good
901741,Driver_1740,28,7,Central,69.0,Average
901742,Driver_1741,31,11,North,83.2,Good
901743,Driver_1742,27,6,West,96.1,Excellent
901744,Driver_1743,35,27,North,64.5,Average
901745,Driver_1744,41,8,South,73.1,Average
901746,Driver_1745,32,8,Central,54.8,Low
901747,Driver_1746,51,29,North,93.2,Excellent
901748,Driver_1747,30,25,East,98.0,Excellent
901749,Driver_1748,41,27,Central,59.4,Low
901750,Driver_1749,63,14,East,51.9,Low
901751,Driver_1750,59,11,North,78.1,Good
901752,Driver_1751,42,19,West,85.0,Good
901753,Driver_1752,57,7,Central,90.2,Excellent
901754,Driver_1753,37,24,East,67.4,Average
901755,Driver_1754,47,2,East,79.9,Good
901756,Driver_1755,34,17,North,61.0,Average
901757,Driver_1756,53,22,North,96.3,Excellent
901758,Driver_1757,36,21,West,89.0,Good
901759,Driver_1758,53,10,West,75.5,Good
901760,Driver_1759,46,27,East,74.5,Average
901761,Driver_1760,25,24,East,53.8,Low
901762,Driver_1761,25,23,Central,74.4,Average
901763,Driver_1762,29,9,North,94.8,Excellent
901764,Driver_1763,62,18,North,91.2,Excellent
901765,Driver_1764,56,9,East,87.3,Good
901766,Driver_1765,35,8,East,75.7,Good
901767,Driver_1766,57,11,South,68.0,Average
901768,Driver_1767,54,26,North,50.4,Low
901769,Driver_1768,44,20,West,91.0,Excellent
901770,Driver_1769,33,13,West,94.7,Excellent
901771,Driver_1770,61,23,Central,53.7,Low
901772,Driver_1771,43,23,North,73.6,Average
901773,Driver_1772,63,3,South,91.3,Excellent
901774,Driver_1773,45,3,East,64.5,Average
901775,Driver_1774,59,28,Central,53.8,Low
901776,Driver_1775,29,19,East,87.2,Good
901777,Driver_1776,33,8,Central,70.3,Average
901778,Driver_1777,52,21,West,85.2,Good
901779,Driver_1778,34,28,Central,67.7,Average
901780,Driver_1779,23,17,East,94.1,Excellent
901781,Driver_1780,26,28,East,55.5,Low
901782,Driver_1781,33,15,East,55.7,Low
901783,Driver_1782,33,20,North,70.4,Average
901784,Driver_1783,34,19,North,85.5,Good
901785,Driver_1784,59,2,West,64.5,Average
901786,Driver_1785,27,16,Central,61.3,Average
901787,Driver_1786,35,10,North,59.8,Low
901788,Driver_1787,44,17,East,58.3,Low
901789,Driver_1788,41,1,Central,81.0,Good
901790,Driver_1789,28,0,West,88.8,Good
901791,Driver_1790,44,27,South,50.7,Low
901792,Driver_1791,44,14,East,77.5,Good
901793,Driver_1792,46,25,West,65.2,Average
901794,Driver_1793,38,6,East,89.9,Good
901795,Driver_1794,32,21,East,64.3,Average
901796,Driver_1795,25,6,East,55.5,Low
901797,Driver_1796,41,19,North,71.7,Average
901798,Driver_1797,24,26,North,94.0,Excellent
901799,Driver_1798,33,27,East,83.2,Good
901800,Driver_1799,27,18,West,75.0,Average
901801,Driver_1800,63,0,East,72.8,Average
901802,Driver_1801,33,5,South,99.3,Excellent
901803,Driver_1802,38,22,West,83.5,Good
901804,Driver_1803,47,26,East,63.6,Average
901805,Driver_1804,26,23,West,56.7,Low
901806,Driver_1805,36,25,North,95.5,Excellent
901807,Driver_1806,42,30,East,65.8,Average
901808,Driver_1807,59,21,South,99.8,Excellent
901809,Driver_1808,58,30,East,55.4,Low
901810,Driver_1809,58,6,West,63.6,Average
901811,Driver_1810,57,20,Central,73.0,Average
901812,Driver_1811,62,7,North,80.6,Good
901813,Driver_1812,45,13,East,59.7,Low
901814,Driver_1813,46,4,North,87.3,Good
901815,Driver_1814,58,30,North,79.5,Good
901816,Driver_1815,62,30,Central,69.5,Average
901817,Driver_1816,54,26,East,90.0,Good
901818,Driver_1817,29,21,East,76.3,Good
901819,Driver_1818,23,11,North,93.3,Excellent
901820,Driver_1819,52,28,South,61.5,Average
901821,Driver_1820,56,16,Central,93.8,Excellent
901822,Driver_1821,60,15,North,52.4,Low
901823,Driver_1822,60,17,West,54.3,Low
901824,Driver_1823,30,7,South,55.5,Low
901825,Driver_1824,54,15,Central,61.5,Average
901826,Driver_1825,59,5,West,65.6,Average
901827,Driver_1826,31,1,West,95.5,Excellent
901828,Driver_1827,34,28,West,94.0,Excellent
901829,Driver_1828,47,14,East,56.5,Low
901830,Driver_1829,51,6,West,95.0,Excellent
901831,Driver_1830,28,22,North,77.7,Good
901832,Driver_1831,30,28,East,65.2,Average
901833,Driver_1832,44,29,West,55.3,Low
901834,Driver_1833,47,29,Central,77.4,Good
901835,Driver_1834,43,1,West,60.7,Average
901836,Driver_1835,28,28,South,62.3,Average
901837,Driver_1836,58,17,North,60.5,Average
901838,Driver_1837,37,12,Central,74.8,Average
901839,Driver_1838,31,26,West,89.8,Good
901840,Driver_1839,62,21,Central,68.7,Average
901841,Driver_1840,51,5,North,97.8,Excellent
901842,Driver_1841,37,6,East,88.5,Good
901843,Driver_1842,28,24,North,98.0,Excellent
901844,Driver_1843,31,29,North,77.4,Good
901845,Driver_1844,29,15,South,62.0,Average
901846,Driver_1845,36,25,North,52.8,Low
901847,Driver_1846,52,5,South,95.1,Excellent
901848,Driver_1847,42,14,East,80.0,Good
901849,Driver_1848,50,29,North,75.0,Average
901850,Driver_1849,41,20,Central,59.6,Low
901851,Driver_1850,55,9,North,59.6,Low
901852,Driver_1851,21,21,South,53.5,Low
901853,Driver_1852,46,24,South,64.6,Average
901854,Driver_1853,40,30,South,58.4,Low
901855,Driver_1854,46,5,Central,79.9,Good
901856,Driver_1855,23,20,South,98.3,Excellent
901857,Driver_1856,57,13,South,86.6,Good
901858,Driver_1857,27,13,East,66.1,Average
901859,Driver_1858,23,20,South,64.4,Average
901860,Driver_1859,30,4,North,78.1,Good
901861,Driver_1860,54,5,North,97.8,Excellent
901862,Driver_1861,32,27,North,77.4,Good
901863,Driver_1862,21,12,East,69.0,Average
901864,Driver_1863,23,24,East,96.3,Excellent
901865,Driver_1864,51,4,East,90.6,Excellent
901866,Driver_1865,54,25,Central,51.7,Low
901867,Driver_1866,21,14,West,67.8,Average
901868,Driver_1867,58,29,South,96.7,Excellent
901869,Driver_1868,33,11,West,81.9,Good
901870,Driver_1869,50,0,East,63.7,Average
901871,Driver_1870,56,7,Central,72.5,Average
901872,Driver_1871,26,25,Central,70.1,Average
901873,Driver_1872,61,4,North,75.6,Good
901874,Driver_1873,57,9,East,55.6,Low
901875,Driver_1874,21,22,South,92.9,Excellent
901876,Driver_1875,26,25,East,51.1,Low
901877,Driver_1876,37,1,South,99.7,Excellent
901878,Driver_1877,53,17,Central,89.9,Good
901879,Driver_1878,57,6,West,58.0,Low
901880,Driver_1879,50,9,East,77.3,Good
901881,Driver_1880,32,28,North,72.6,Average
901882,Driver_1881,24,26,Central,68.7,Average
901883,Driver_1882,24,8,Central,71.2,Average
901884,Driver_1883,51,29,South,95.9,Excellent
901885,Driver_1884,35,30,Central,85.6,Good
901886,Driver_1885,60,15,South,67.9,Average
901887,Driver_1886,53,20,East,86.6,Good
901888,Driver_1887,61,11,West,60.8,Average
901889,Driver_1888,23,13,North,91.9,Excellent
901890,Driver_1889,46,24,South,93.2,Excellent
901891,Driver_1890,27,21,South,70.6,Average
901892,Driver_1891,43,25,East,93.8,Excellent
901893,Driver_1892,39,20,Central,85.7,Good
901894,Driver_1893,51,7,Central,87.9,Good
901895,Driver_1894,44,2,South,90.7,Excellent
901896,Driver_1895,30,20,South,84.5,Good
901897,Driver_1896,31,3,Central,62.7,Average
901898,Driver_1897,47,6,Central,50.8,Low
901899,Driver_1898,38,26,East,54.6,Low
901900,Driver_1899,43,25,South,91.1,Excellent
901901,Driver_1900,37,12,South,57.3,Low
901902,Driver_1901,50,27,East,59.0,Low
901903,Driver_1902,34,10,South,61.3,Average
901904,Driver_1903,41,17,North,72.4,Average
901905,Driver_1904,23,21,Central,90.4,Excellent
901906,Driver_1905,29,22,North,86.2,Good
901907,Driver_1906,23,27,South,78.4,Good
901908,Driver_1907,54,25,East,92.7,Excellent
901909,Driver_1908,31,24,South,75.2,Good
901910,Driver_1909,58,16,South,60.3,Average
901911,Driver_1910,54,14,Central,65.5,Average
901912,Driver_1911,39,2,North,73.1,Average
901913,Driver_1912,39,23,Central,75.0,Average
901914,Driver_1913,38,7,South,86.8,Good
901915,Driver_1914,52,26,South,89.8,Good
901916,Driver_1915,42,17,North,89.0,Good
901917,Driver_1916,61,17,West,63.3,Average
901918,Driver_1917,63,26,North,96.3,Excellent
901919,Driver_1918,36,26,South,85.3,Good
901920,Driver_1919,53,8,East,66.5,Average
901921,Driver_1920,63,10,West,77.6,Good
901922,Driver_1921,61,10,North,76.4,Good
901923,Driver_1922,33,10,North,56.3,Low
901924,Driver_1923,56,24,Central,51.0,Low
901925,Driver_1924,41,2,West,71.1,Average
901926,Driver_1925,24,21,North,98.8,Excellent
901927,Driver_1926,34,10,West,81.3,Good
901928,Driver_1927,47,8,North,51.8,Low
901929,Driver_1928,44,14,East,55.4,Low
901930,Driver_1929,42,15,East,91.6,Excellent
901931,Driver_1930,49,23,South,52.3,Low
901932,Driver_1931,44,30,North,54.5,Low
901933,Driver_1932,49,19,North,80.0,Good
901934,Driver_1933,25,25,West,89.8,Good
901935,Driver_1934,46,27,Central,75.0,Average
901936,Driver_1935,48,4,Central,95.8,Excellent
901937,Driver_1936,54,11,Central,75.6,Good
901938,Driver_1937,55,0,South,86.2,Good
901939,Driver_1938,43,6,Central,77.0,Good
901940,Driver_1939,63,2,North,83.0,Good
901941,Driver_1940,58,25,South,97.1,Excellent
901942,Driver_1941,41,7,West,67.2,Average
901943,Driver_1942,24,9,Central,74.8,Average
901944,Driver_1943,58,12,East,97.4,Excellent
901945,Driver_1944,63,3,West,70.0,Average
901946,Driver_1945,23,7,North,93.8,Excellent
901947,Driver_1946,39,18,West,57.2,Low
901948,Driver_1947,30,14,Central,97.1,Excellent
901949,Driver_1948,35,24,North,59.4,Low
901950,Driver_1949,50,15,East,73.8,Average
901951,Driver_1950,51,8,East,67.1,Average
901952,Driver_1951,39,14,Central,86.4,Good
901953,Driver_1952,52,8,Central,92.0,Excellent
901954,Driver_1953,57,27,Central,87.6,Good
901955,Driver_1954,47,24,West,87.8,Good
901956,Driver_1955,36,25,Central,98.5,Excellent
901957,Driver_1956,57,15,West,51.9,Low
901958,Driver_1957,31,21,West,79.7,Good
901959,Driver_1958,63,1,Central,87.9,Good
901960,Driver_1959,23,27,West,89.6,Good
901961,Driver_1960,44,28,Central,87.7,Good
901962,Driver_1961,38,8,South,53.4,Low
901963,Driver_1962,61,6,North,51.5,Low
901964,Driver_1963,43,18,West,62.4,Average
901965,Driver_1964,57,21,East,52.2,Low
901966,Driver_1965,36,7,West,84.8,Good
901967,Driver_1966,38,1,West,58.4,Low
901968,Driver_1967,27,26,Central,93.5,Excellent
901969,Driver_1968,26,4,North,75.0,Average
901970,Driver_1969,40,14,West,84.6,Good
901971,Driver_1970,28,27,South,73.6,Average
901972,Driver_1971,28,20,North,87.5,Good
901973,Driver_1972,49,16,East,95.1,Excellent
901974,Driver_1973,34,6,South,95.8,Excellent
901975,Driver_1974,40,23,Central,58.7,Low
901976,Driver_1975,32,25,North,57.4,Low
901977,Driver_1976,53,7,Central,70.9,Average
901978,Driver_1977,23,24,Central,68.6,Average
901979,Driver_1978,50,1,Central,69.0,Average
901980,Driver_1979,36,6,South,79.4,Good
901981,Driver_1980,31,3,West,66.5,Average
901982,Driver_1981,22,16,Central,94.0,Excellent
901983,Driver_1982,49,12,North,67.8,Average
901984,Driver_1983,51,27,North,68.9,Average
901985,Driver_1984,58,11,East,67.7,Average
901986,Driver_1985,29,24,North,55.5,Low
901987,Driver_1986,50,19,East,59.1,Low
901988,Driver_1987,36,13,East,72.6,Average
901989,Driver_1988,26,21,North,61.5,Average
901990,Driver_1989,44,1,West,60.4,Average
901991,Driver_1990,48,23,North,69.8,Average
901992,Driver_1991,27,0,West,54.3,Low
901993,Driver_1992,45,30,North,71.8,Average
901994,Driver_1993,59,1,North,75.7,Good
901995,Driver_1994,56,25,South,54.3,Low
901996,Driver_1995,25,20,South,99.6,Excellent
901997,Driver_1996,53,7,South,79.4,Good
901998,Driver_1997,56,26,North,73.3,Average
901999,Driver_1998,51,27,North,91.1,Excellent
902000,Driver_1999,55,24,Central,51.2,Low
902001,Driver_2000,22,24,South,91.2,Excellent
902002,Driver_2001,46,19,North,92.3,Excellent
902003,Driver_2002,56,29,North,62.8,Average
902004,Driver_2003,51,1,North,90.1,Excellent
902005,Driver_2004,55,13,East,85.0,Good
902006,Driver_2005,41,14,South,93.0,Excellent
902007,Driver_2006,55,4,Central,73.8,Average
902008,Driver_2007,28,18,South,79.5,Good
902009,Driver_2008,44,17,South,63.4,Average
902010,Driver_2009,55,23,South,58.1,Low
902011,Driver_2010,21,8,North,86.4,Good
902012,Driver_2011,60,11,North,73.9,Average
902013,Driver_2012,43,8,North,84.5,Good
902014,Driver_2013,51,0,South,69.1,Average
902015,Driver_2014,22,25,East,53.9,Low
902016,Driver_2015,47,23,West,54.9,Low
902017,Driver_2016,55,24,North,98.4,Excellent
902018,Driver_2017,44,11,Central,95.9,Excellent
902019,Driver_2018,60,27,North,85.7,Good
902020,Driver_2019,28,3,Central,88.3,Good
902021,Driver_2020,54,8,South,88.8,Good
902022,Driver_2021,44,22,East,78.3,Good
902023,Driver_2022,39,22,South,91.2,Excellent
902024,Driver_2023,42,28,North,80.4,Good
902025,Driver_2024,28,21,West,65.6,Average
902026,Driver_2025,62,9,North,52.3,Low
902027,Driver_2026,31,11,North,83.3,Good
902028,Driver_2027,59,13,West,53.9,Low
902029,Driver_2028,31,12,East,90.3,Excellent
902030,Driver_2029,34,15,North,58.8,Low
902031,Driver_2030,32,17,North,73.5,Average
902032,Driver_2031,28,26,South,66.3,Average
902033,Driver_2032,35,25,East,77.3,Good
902034,Driver_2033,26,10,East,73.1,Average
902035,Driver_2034,37,5,East,56.8,Low
902036,Driver_2035,37,11,East,63.3,Average
902037,Driver_2036,27,3,South,64.3,Average
902038,Driver_2037,50,24,North,57.2,Low
902039,Driver_2038,22,15,North,59.7,Low
902040,Driver_2039,38,17,West,72.3,Average
902041,Driver_2040,33,27,South,65.1,Average
902042,Driver_2041,25,21,East,83.5,Good
902043,Driver_2042,50,14,Central,53.1,Low
902044,Driver_2043,56,10,West,78.2,Good
902045,Driver_2044,30,20,Central,94.4,Excellent
902046,Driver_2045,24,6,Central,54.7,Low
902047,Driver_2046,23,2,South,71.7,Average
902048,Driver_2047,34,12,Central,73.5,Average
902049,Driver_2048,60,30,Central,73.6,Average
902050,Driver_2049,32,30,South,54.4,Low
902051,Driver_2050,37,22,Central,95.6,Excellent
902052,Driver_2051,37,12,East,69.4,Average
902053,Driver_2052,39,0,South,53.1,Low
902054,Driver_2053,54,10,East,90.0,Good
902055,Driver_2054,44,13,Central,85.5,Good
902056,Driver_2055,48,12,South,97.4,Excellent
902057,Driver_2056,34,12,East,73.8,Average
902058,Driver_2057,30,26,East,67.2,Average
902059,Driver_2058,39,11,Central,92.4,Excellent
902060,Driver_2059,46,4,Central,58.8,Low
902061,Driver_2060,60,18,South,80.6,Good
902062,Driver_2061,34,15,North,98.0,Excellent
902063,Driver_2062,61,8,North,91.1,Excellent
902064,Driver_2063,38,17,East,73.4,Average
902065,Driver_2064,43,16,South,52.9,Low
902066,Driver_2065,41,23,Central,67.7,Average
902067,Driver_2066,22,27,Central,96.8,Excellent
902068,Driver_2067,47,14,North,62.6,Average
902069,Driver_2068,46,21,East,68.1,Average
902070,Driver_2069,36,12,West,72.9,Average
902071,Driver_2070,33,6,East,81.0,Good
902072,Driver_2071,22,8,West,80.2,Good
902073,Driver_2072,37,5,South,72.7,Average
902074,Driver_2073,39,24,East,88.0,Good
902075,Driver_2074,24,17,North,76.2,Good
902076,Driver_2075,49,29,South,82.5,Good
902077,Driver_2076,46,17,East,80.3,Good
902078,Driver_2077,55,27,North,98.3,Excellent
902079,Driver_2078,41,3,Central,69.9,Average
902080,Driver_2079,29,1,East,95.7,Excellent
902081,Driver_2080,31,3,West,93.5,Excellent
902082,Driver_2081,61,26,Central,91.6,Excellent
902083,Driver_2082,30,14,Central,52.3,Low
902084,Driver_2083,58,16,North,91.1,Excellent
902085,Driver_2084,55,14,West,58.8,Low
902086,Driver_2085,63,16,South,59.9,Low
902087,Driver_2086,34,13,East,54.1,Low
902088,Driver_2087,36,28,South,81.6,Good
902089,Driver_2088,23,26,North,67.2,Average
902090,Driver_2089,50,7,North,72.3,Average
902091,Driver_2090,54,5,North,80.4,Good
902092,Driver_2091,45,13,East,68.3,Average
902093,Driver_2092,30,27,West,95.3,Excellent
902094,Driver_2093,59,16,West,93.0,Excellent
902095,Driver_2094,45,17,West,83.3,Good
902096,Driver_2095,63,1,West,64.0,Average
902097,Driver_2096,63,8,Central,97.0,Excellent
902098,Driver_2097,22,4,South,52.5,Low
902099,Driver_2098,27,26,East,75.0,Average
902100,Driver_2099,56,26,South,99.9,Excellent
902101,Driver_2100,27,17,North,86.7,Good
902102,Driver_2101,41,3,West,80.9,Good
902103,Driver_2102,42,18,North,58.8,Low
902104,Driver_2103,41,28,South,76.4,Good
902105,Driver_2104,57,4,West,81.1,Good
902106,Driver_2105,37,1,Central,63.2,Average
902107,Driver_2106,60,4,East,58.6,Low
902108,Driver_2107,37,14,East,81.6,Good
902109,Driver_2108,27,22,North,80.2,Good
902110,Driver_2109,62,8,West,55.4,Low
902111,Driver_2110,55,23,Central,58.7,Low
902112,Driver_2111,58,9,South,67.3,Average
902113,Driver_2112,53,5,Central,75.6,Good
902114,Driver_2113,34,14,West,78.0,Good
902115,Driver_2114,54,29,East,69.9,Average
902116,Driver_2115,56,25,South,54.3,Low
902117,Driver_2116,61,5,South,98.6,Excellent
902118,Driver_2117,55,21,South,80.0,Good
902119,Driver_2118,44,2,North,74.0,Average
902120,Driver_2119,21,10,North,95.1,Excellent
902121,Driver_2120,51,9,West,94.2,Excellent
902122,Driver_2121,31,28,East,68.0,Average
902123,Driver_2122,25,6,West,88.5,Good
902124,Driver_2123,57,1,East,77.9,Good
902125,Driver_2124,56,17,North,87.4,Good
902126,Driver_2125,48,24,Central,90.0,Good
902127,Driver_2126,59,8,South,64.0,Average
902128,Driver_2127,40,0,Central,96.0,Excellent
902129,Driver_2128,49,24,Central,72.1,Average
902130,Driver_2129,28,9,East,90.6,Excellent
902131,Driver_2130,51,7,South,78.6,Good
902132,Driver_2131,58,20,North,89.9,Good
902133,Driver_2132,28,2,South,64.4,Average
902134,Driver_2133,54,19,North,53.8,Low
902135,Driver_2134,21,24,East,59.9,Low
902136,Driver_2135,47,3,South,84.7,Good
902137,Driver_2136,36,29,North,68.1,Average
902138,Driver_2137,52,26,North,88.1,Good
902139,Driver_2138,53,13,Central,57.9,Low
902140,Driver_2139,47,30,Central,82.7,Good
902141,Driver_2140,31,1,Central,86.9,Good
902142,Driver_2141,41,6,South,50.3,Low
902143,Driver_2142,50,14,West,67.5,Average
902144,Driver_2143,22,20,South,56.9,Low
902145,Driver_2144,28,25,South,86.2,Good
902146,Driver_2145,30,10,East,51.9,Low
902147,Driver_2146,38,26,West,70.9,Average
902148,Driver_2147,33,10,Central,62.4,Average
902149,Driver_2148,54,11,North,62.6,Average
902150,Driver_2149,30,21,West,88.4,Good
902151,Driver_2150,61,0,East,51.8,Low
902152,Driver_2151,29,11,East,97.0,Excellent
902153,Driver_2152,48,8,East,82.2,Good
902154,Driver_2153,25,15,South,59.8,Low
902155,Driver_2154,50,1,North,70.3,Average
902156,Driver_2155,30,2,South,86.4,Good
902157,Driver_2156,52,16,East,93.3,Excellent
902158,Driver_2157,41,1,North,71.7,Average
902159,Driver_2158,29,17,East,85.1,Good
902160,Driver_2159,27,3,East,69.8,Average
902161,Driver_2160,31,19,East,80.8,Good
902162,Driver_2161,38,23,West,52.4,Low
902163,Driver_2162,30,10,East,77.1,Good
902164,Driver_2163,36,12,West,99.2,Excellent
902165,Driver_2164,36,8,West,71.4,Average
902166,Driver_2165,60,24,West,78.3,Good
902167,Driver_2166,43,10,North,50.9,Low
902168,Driver_2167,45,24,Central,75.4,Good
902169,Driver_2168,39,23,East,95.4,Excellent
902170,Driver_2169,24,1,South,84.6,Good
902171,Driver_2170,55,23,Central,52.9,Low
902172,Driver_2171,62,9,Central,54.1,Low
902173,Driver_2172,45,14,West,85.7,Good
902174,Driver_2173,58,2,West,62.3,Average
902175,Driver_2174,27,12,Central,74.5,Average
902176,Driver_2175,21,18,East,72.5,Average
902177,Driver_2176,22,22,West,83.1,Good
902178,Driver_2177,53,22,South,89.7,Good
902179,Driver_2178,27,11,East,70.9,Average
902180,Driver_2179,60,30,South,88.2,Good
902181,Driver_2180,49,25,East,64.5,Average
902182,Driver_2181,31,30,West,80.9,Good
902183,Driver_2182,42,30,North,71.0,Average
902184,Driver_2183,38,23,Central,80.0,Good
902185,Driver_2184,30,12,South,68.3,Average
902186,Driver_2185,38,20,West,52.6,Low
902187,Driver_2186,43,4,Central,71.2,Average
902188,Driver_2187,37,17,West,50.2,Low
902189,Driver_2188,31,23,North,92.7,Excellent
902190,Driver_2189,63,21,North,72.0,Average
902191,Driver_2190,57,8,South,96.3,Excellent
902192,Driver_2191,49,23,South,84.4,Good
902193,Driver_2192,29,2,South,80.2,Good
902194,Driver_2193,45,11,East,68.0,Average
902195,Driver_2194,47,24,Central,63.3,Average
902196,Driver_2195,40,27,East,78.7,Good
902197,Driver_2196,57,10,North,70.7,Average
902198,Driver_2197,41,19,East,61.5,Average
902199,Driver_2198,43,6,Central,70.4,Average
902200,Driver_2199,51,12,South,93.6,Excellent
902201,Driver_2200,40,11,West,85.6,Good
902202,Driver_2201,44,20,East,78.6,Good
902203,Driver_2202,54,18,East,76.0,Good
902204,Driver_2203,24,5,Central,95.6,Excellent
902205,Driver_2204,21,0,Central,55.0,Low
902206,Driver_2205,36,23,South,73.8,Average
902207,Driver_2206,27,9,Central,79.3,Good
902208,Driver_2207,60,7,West,62.1,Average
902209,Driver_2208,22,15,South,63.5,Average
902210,Driver_2209,25,6,South,58.3,Low
902211,Driver_2210,55,28,Central,91.3,Excellent
902212,Driver_2211,45,29,East,87.2,Good
902213,Driver_2212,56,16,North,74.5,Average
902214,Driver_2213,50,10,South,92.7,Excellent
902215,Driver_2214,26,23,South,86.2,Good
902216,Driver_2215,31,14,West,88.7,Good
902217,Driver_2216,51,25,Central,69.7,Average
902218,Driver_2217,54,4,West,57.6,Low
902219,Driver_2218,59,17,Central,51.7,Low
902220,Driver_2219,29,18,North,63.1,Average
902221,Driver_2220,38,24,West,55.6,Low
902222,Driver_2221,34,9,North,64.8,Average
902223,Driver_2222,39,23,Central,74.3,Average
902224,Driver_2223,38,19,West,94.0,Excellent
902225,Driver_2224,58,0,South,67.0,Average
902226,Driver_2225,32,0,West,59.9,Low
902227,Driver_2226,34,22,Central,64.4,Average
902228,Driver_2227,28,20,East,81.4,Good
902229,Driver_2228,37,30,Central,78.3,Good
902230,Driver_2229,47,13,East,61.8,Average
902231,Driver_2230,59,7,Central,69.9,Average
902232,Driver_2231,23,20,West,85.2,Good
902233,Driver_2232,31,0,Central,80.3,Good
902234,Driver_2233,49,10,West,88.7,Good
902235,Driver_2234,21,7,North,76.9,Good
902236,Driver_2235,52,27,North,69.9,Average
902237,Driver_2236,53,8,East,92.3,Excellent
902238,Driver_2237,48,12,West,72.6,Average
902239,Driver_2238,51,6,West,59.2,Low
902240,Driver_2239,49,16,North,59.3,Low
902241,Driver_2240,42,4,West,94.7,Excellent
902242,Driver_2241,22,26,North,55.3,Low
902243,Driver_2242,62,4,East,64.7,Average
902244,Driver_2243,43,28,North,51.3,Low
902245,Driver_2244,35,3,South,67.3,Average
902246,Driver_2245,35,12,South,55.6,Low
902247,Driver_2246,31,0,East,68.9,Average
902248,Driver_2247,58,17,East,79.5,Good
902249,Driver_2248,52,26,North,91.8,Excellent
902250,Driver_2249,33,20,South,94.8,Excellent
902251,Driver_2250,55,5,South,78.5,Good
902252,Driver_2251,42,27,North,98.2,Excellent
902253,Driver_2252,62,11,South,86.2,Good
902254,Driver_2253,23,2,Central,96.2,Excellent
902255,Driver_2254,49,1,West,91.9,Excellent
902256,Driver_2255,56,3,Central,99.7,Excellent
902257,Driver_2256,55,12,East,64.1,Average
902258,Driver_2257,63,3,Central,68.5,Average
902259,Driver_2258,40,4,East,64.3,Average
902260,Driver_2259,29,2,Central,53.5,Low
902261,Driver_2260,21,5,South,58.5,Low
902262,Driver_2261,58,27,North,96.7,Excellent
902263,Driver_2262,56,16,West,57.0,Low
902264,Driver_2263,60,9,South,82.8,Good
902265,Driver_2264,57,28,South,74.1,Average
902266,Driver_2265,46,9,East,58.3,Low
902267,Driver_2266,55,1,Central,97.1,Excellent
902268,Driver_2267,27,18,East,73.0,Average
902269,Driver_2268,30,22,West,87.1,Good
902270,Driver_2269,55,22,Central,73.4,Average
902271,Driver_2270,60,24,South,71.9,Average
902272,Driver_2271,23,19,Central,98.4,Excellent
902273,Driver_2272,51,6,East,88.1,Good
902274,Driver_2273,59,4,South,53.8,Low
902275,Driver_2274,60,24,East,99.5,Excellent
902276,Driver_2275,53,2,East,71.0,Average
902277,Driver_2276,31,4,South,56.1,Low
902278,Driver_2277,48,26,North,73.7,Average
902279,Driver_2278,42,30,Central,70.9,Average
902280,Driver_2279,61,25,South,76.0,Good
902281,Driver_2280,24,21,West,99.1,Excellent
902282,Driver_2281,42,7,West,76.7,Good
902283,Driver_2282,61,0,North,89.2,Good
902284,Driver_2283,29,5,Central,53.0,Low
902285,Driver_2284,53,26,South,50.6,Low
902286,Driver_2285,39,15,East,86.0,Good
902287,Driver_2286,25,27,East,90.1,Excellent
902288,Driver_2287,53,30,Central,66.4,Average
902289,Driver_2288,58,1,Central,72.6,Average
902290,Driver_2289,48,21,East,83.8,Good
902291,Driver_2290,21,12,North,63.4,Average
902292,Driver_2291,22,26,North,69.7,Average
902293,Driver_2292,50,6,Central,53.4,Low
902294,Driver_2293,25,16,West,53.2,Low
902295,Driver_2294,56,24,East,54.7,Low
902296,Driver_2295,45,20,Central,92.1,Excellent
902297,Driver_2296,28,4,West,67.1,Average
902298,Driver_2297,42,26,Central,90.1,Excellent
902299,Driver_2298,27,14,East,52.8,Low
902300,Driver_2299,48,22,West,94.4,Excellent
902301,Driver_2300,47,30,West,87.4,Good
902302,Driver_2301,52,19,East,64.2,Average
902303,Driver_2302,54,27,East,94.9,Excellent
902304,Driver_2303,28,17,North,88.3,Good
902305,Driver_2304,45,9,West,95.3,Excellent
902306,Driver_2305,24,20,East,77.2,Good
902307,Driver_2306,22,7,West,56.0,Low
902308,Driver_2307,36,7,South,99.9,Excellent
902309,Driver_2308,39,23,Central,55.0,Low
902310,Driver_2309,33,29,South,59.7,Low
902311,Driver_2310,59,11,Central,54.4,Low
902312,Driver_2311,43,15,Central,55.0,Low
902313,Driver_2312,56,12,East,85.5,Good
902314,Driver_2313,60,7,South,92.0,Excellent
902315,Driver_2314,63,7,Central,89.1,Good
902316,Driver_2315,58,10,East,64.5,Average
902317,Driver_2316,38,28,Central,81.4,Good
902318,Driver_2317,44,28,West,68.8,Average
902319,Driver_2318,48,9,South,62.0,Average
902320,Driver_2319,42,1,West,57.1,Low
902321,Driver_2320,26,25,West,90.3,Excellent
902322,Driver_2321,56,24,South,69.3,Average
902323,Driver_2322,52,28,South,85.3,Good
902324,Driver_2323,35,4,North,71.1,Average
902325,Driver_2324,62,11,Central,97.2,Excellent
902326,Driver_2325,21,24,North,97.9,Excellent
902327,Driver_2326,57,12,Central,67.6,Average
902328,Driver_2327,59,20,West,69.1,Average
902329,Driver_2328,28,22,West,92.4,Excellent
902330,Driver_2329,53,26,South,91.3,Excellent
902331,Driver_2330,41,15,Central,96.7,Excellent
902332,Driver_2331,43,1,Central,52.6,Low
902333,Driver_2332,55,10,South,80.7,Good
902334,Driver_2333,38,10,Central,90.2,Excellent
902335,Driver_2334,24,27,West,60.5,Average
902336,Driver_2335,55,7,West,68.5,Average
902337,Driver_2336,37,15,East,95.5,Excellent
902338,Driver_2337,29,21,East,97.0,Excellent
902339,Driver_2338,38,28,East,96.8,Excellent
902340,Driver_2339,46,10,West,94.5,Excellent
902341,Driver_2340,35,12,South,60.8,Average
902342,Driver_2341,37,7,West,80.4,Good
902343,Driver_2342,39,29,East,87.1,Good
902344,Driver_2343,47,5,West,84.8,Good
902345,Driver_2344,62,8,West,78.9,Good
902346,Driver_2345,28,4,West,55.2,Low
902347,Driver_2346,46,30,Central,86.1,Good
902348,Driver_2347,31,23,West,57.5,Low
902349,Driver_2348,29,12,North,80.1,Good
902350,Driver_2349,24,25,Central,71.0,Average
902351,Driver_2350,53,24,Central,71.5,Average
902352,Driver_2351,21,20,East,63.1,Average
902353,Driver_2352,26,12,South,93.8,Excellent
902354,Driver_2353,28,14,East,60.7,Average
902355,Driver_2354,30,19,North,89.7,Good
902356,Driver_2355,36,27,North,77.7,Good
902357,Driver_2356,35,20,North,76.1,Good
902358,Driver_2357,47,24,Central,68.5,Average
902359,Driver_2358,60,13,East,96.9,Excellent
902360,Driver_2359,40,12,South,57.2,Low
902361,Driver_2360,26,0,Central,95.4,Excellent
902362,Driver_2361,43,30,Central,85.0,Good
902363,Driver_2362,35,27,Central,68.4,Average
902364,Driver_2363,54,26,Central,73.6,Average
902365,Driver_2364,36,26,West,78.0,Good
902366,Driver_2365,57,1,Central,56.6,Low
902367,Driver_2366,44,30,South,59.2,Low
902368,Driver_2367,38,18,Central,83.3,Good
902369,Driver_2368,35,25,North,70.0,Average
902370,Driver_2369,62,7,South,55.5,Low
902371,Driver_2370,22,27,East,54.9,Low
902372,Driver_2371,56,29,South,82.4,Good
902373,Driver_2372,55,17,North,51.4,Low
902374,Driver_2373,41,15,North,75.9,Good
902375,Driver_2374,32,27,West,98.0,Excellent
902376,Driver_2375,54,12,North,83.2,Good
902377,Driver_2376,58,12,East,93.3,Excellent
902378,Driver_2377,32,2,South,75.7,Good
902379,Driver_2378,30,13,East,89.0,Good
902380,Driver_2379,42,16,South,96.4,Excellent
902381,Driver_2380,50,16,North,74.6,Average
902382,Driver_2381,48,3,South,74.3,Average
902383,Driver_2382,39,27,South,78.9,Good
902384,Driver_2383,59,29,East,84.7,Good
902385,Driver_2384,22,16,North,71.5,Average
902386,Driver_2385,30,4,West,51.3,Low
902387,Driver_2386,23,4,Central,61.7,Average
902388,Driver_2387,58,4,South,75.6,Good
902389,Driver_2388,43,13,Central,90.0,Good
902390,Driver_2389,30,5,West,77.5,Good
902391,Driver_2390,31,0,West,63.5,Average
902392,Driver_2391,43,25,Central,54.1,Low
902393,Driver_2392,54,2,North,71.8,Average
902394,Driver_2393,37,29,West,58.8,Low
902395,Driver_2394,62,5,East,52.2,Low
902396,Driver_2395,55,13,East,66.4,Average
902397,Driver_2396,51,8,West,91.2,Excellent
902398,Driver_2397,47,24,East,52.9,Low
902399,Driver_2398,23,0,South,50.4,Low
902400,Driver_2399,33,5,South,93.4,Excellent
902401,Driver_2400,28,28,Central,81.7,Good
902402,Driver_2401,56,14,North,79.9,Good
902403,Driver_2402,55,13,North,66.3,Average
902404,Driver_2403,46,23,West,87.7,Good
902405,Driver_2404,58,5,East,65.6,Average
902406,Driver_2405,63,6,North,92.5,Excellent
902407,Driver_2406,34,20,East,67.4,Average
902408,Driver_2407,47,20,South,86.0,Good
902409,Driver_2408,39,29,East,74.8,Average
902410,Driver_2409,22,13,West,98.3,Excellent
902411,Driver_2410,59,23,West,63.0,Average
902412,Driver_2411,42,15,South,98.8,Excellent
902413,Driver_2412,43,29,Central,60.7,Average
902414,Driver_2413,28,0,South,88.4,Good
902415,Driver_2414,54,13,East,94.6,Excellent
902416,Driver_2415,40,6,Central,96.8,Excellent
902417,Driver_2416,48,10,Central,71.3,Average
902418,Driver_2417,38,29,Central,70.9,Average
902419,Driver_2418,24,3,Central,93.1,Excellent
902420,Driver_2419,51,4,Central,57.5,Low
902421,Driver_2420,32,30,South,55.5,Low
902422,Driver_2421,30,21,Central,77.7,Good
902423,Driver_2422,45,1,West,77.1,Good
902424,Driver_2423,45,5,North,50.2,Low
902425,Driver_2424,27,26,West,58.1,Low
902426,Driver_2425,53,16,East,55.9,Low
902427,Driver_2426,37,11,East,54.1,Low
902428,Driver_2427,24,28,South,76.5,Good
902429,Driver_2428,59,1,South,85.5,Good
902430,Driver_2429,55,20,North,67.2,Average
902431,Driver_2430,56,6,East,87.1,Good
902432,Driver_2431,54,5,North,80.1,Good
902433,Driver_2432,61,4,East,71.9,Average
902434,Driver_2433,55,3,Central,56.0,Low
902435,Driver_2434,61,26,Central,73.0,Average
902436,Driver_2435,33,26,South,74.3,Average
902437,Driver_2436,59,2,West,69.0,Average
902438,Driver_2437,63,7,South,82.0,Good
902439,Driver_2438,49,20,East,82.4,Good
902440,Driver_2439,43,3,South,83.6,Good
902441,Driver_2440,34,29,North,72.6,Average
902442,Driver_2441,42,4,North,76.6,Good
902443,Driver_2442,46,2,South,84.6,Good
902444,Driver_2443,33,23,Central,72.0,Average
902445,Driver_2444,44,13,South,72.4,Average
902446,Driver_2445,36,17,South,98.6,Excellent
902447,Driver_2446,36,21,North,97.3,Excellent
902448,Driver_2447,63,1,South,75.4,Good
902449,Driver_2448,49,16,Central,55.2,Low
902450,Driver_2449,30,23,West,85.7,Good
902451,Driver_2450,26,22,West,61.9,Average
902452,Driver_2451,28,18,West,96.1,Excellent
902453,Driver_2452,31,17,East,99.1,Excellent
902454,Driver_2453,41,17,Central,82.3,Good
902455,Driver_2454,61,24,North,86.8,Good
902456,Driver_2455,22,27,West,73.1,Average
902457,Driver_2456,42,3,West,96.0,Excellent
902458,Driver_2457,46,27,East,94.0,Excellent
902459,Driver_2458,35,9,East,84.4,Good
902460,Driver_2459,24,5,East,89.9,Good
902461,Driver_2460,61,0,Central,70.9,Average
902462,Driver_2461,24,3,South,89.6,Good
902463,Driver_2462,33,29,West,72.8,Average
902464,Driver_2463,52,16,South,82.2,Good
902465,Driver_2464,60,29,East,68.2,Average
902466,Driver_2465,56,11,East,63.0,Average
902467,Driver_2466,35,28,South,69.3,Average
902468,Driver_2467,25,10,North,74.3,Average
902469,Driver_2468,35,15,Central,78.4,Good
902470,Driver_2469,60,22,South,54.7,Low
902471,Driver_2470,22,27,South,53.0,Low
902472,Driver_2471,23,6,East,52.3,Low
902473,Driver_2472,43,30,East,72.0,Average
902474,Driver_2473,26,12,South,60.3,Average
902475,Driver_2474,24,24,South,88.1,Good
902476,Driver_2475,22,29,North,51.3,Low
902477,Driver_2476,48,21,Central,90.8,Excellent
902478,Driver_2477,25,14,North,67.9,Average
902479,Driver_2478,21,24,South,56.4,Low
902480,Driver_2479,24,5,South,92.2,Excellent
902481,Driver_2480,47,2,North,75.0,Average
902482,Driver_2481,22,26,Central,70.0,Average
902483,Driver_2482,58,4,Central,61.4,Average
902484,Driver_2483,61,12,West,95.0,Excellent
902485,Driver_2484,52,29,East,94.9,Excellent
902486,Driver_2485,56,27,East,82.3,Good
902487,Driver_2486,23,23,North,61.7,Average
902488,Driver_2487,37,17,West,51.2,Low
902489,Driver_2488,41,16,Central,95.6,Excellent
902490,Driver_2489,57,20,West,77.7,Good
902491,Driver_2490,57,23,West,57.7,Low
902492,Driver_2491,23,1,West,50.4,Low
902493,Driver_2492,22,10,North,70.6,Average
902494,Driver_2493,53,2,Central,55.5,Low
902495,Driver_2494,27,18,North,98.2,Excellent
902496,Driver_2495,55,28,South,79.2,Good
902497,Driver_2496,22,27,Central,65.6,Average
902498,Driver_2497,51,7,West,78.8,Good
902499,Driver_2498,49,15,West,80.9,Good
902500,Driver_2499,38,15,North,77.1,Good
902501,Driver_2500,32,14,Central,67.1,Average
902502,Driver_2501,29,13,North,58.8,Low
902503,Driver_2502,24,30,Central,99.7,Excellent
902504,Driver_2503,34,18,West,99.9,Excellent
902505,Driver_2504,33,1,Central,57.8,Low
902506,Driver_2505,62,21,South,64.7,Average
902507,Driver_2506,41,12,West,82.6,Good
902508,Driver_2507,28,19,West,62.9,Average
902509,Driver_2508,31,24,South,66.9,Average
902510,Driver_2509,37,22,South,54.6,Low
902511,Driver_2510,63,23,East,61.7,Average
902512,Driver_2511,53,28,Central,52.2,Low
902513,Driver_2512,56,3,West,98.0,Excellent
902514,Driver_2513,54,9,West,89.4,Good
902515,Driver_2514,58,29,Central,81.7,Good
902516,Driver_2515,44,21,Central,52.3,Low
902517,Driver_2516,59,11,East,70.5,Average
902518,Driver_2517,28,24,South,86.3,Good
902519,Driver_2518,50,6,West,87.2,Good
902520,Driver_2519,54,24,Central,97.2,Excellent
902521,Driver_2520,34,30,North,57.8,Low
902522,Driver_2521,46,16,West,68.1,Average
902523,Driver_2522,59,28,West,73.5,Average
902524,Driver_2523,38,4,North,94.8,Excellent
902525,Driver_2524,25,12,Central,91.2,Excellent
902526,Driver_2525,63,26,East,76.5,Good
902527,Driver_2526,55,8,East,99.2,Excellent
902528,Driver_2527,23,12,North,95.5,Excellent
902529,Driver_2528,41,28,North,69.8,Average
902530,Driver_2529,36,24,Central,99.1,Excellent
902531,Driver_2530,47,14,North,82.6,Good
902532,Driver_2531,23,1,North,96.6,Excellent
902533,Driver_2532,31,30,Central,97.6,Excellent
902534,Driver_2533,50,18,East,52.1,Low
902535,Driver_2534,58,21,Central,84.4,Good
902536,Driver_2535,59,26,East,54.8,Low
902537,Driver_2536,59,6,Central,87.0,Good
902538,Driver_2537,53,6,West,58.2,Low
902539,Driver_2538,21,7,East,80.5,Good
902540,Driver_2539,42,5,West,98.5,Excellent
902541,Driver_2540,42,6,North,81.7,Good
902542,Driver_2541,53,16,South,91.1,Excellent
902543,Driver_2542,38,13,Central,71.3,Average
902544,Driver_2543,30,20,North,99.0,Excellent
902545,Driver_2544,49,10,South,52.0,Low
902546,Driver_2545,49,13,Central,78.1,Good
902547,Driver_2546,33,28,North,84.9,Good
902548,Driver_2547,33,18,North,99.5,Excellent
902549,Driver_2548,60,2,West,90.9,Excellent
902550,Driver_2549,43,0,Central,69.1,Average
902551,Driver_2550,59,3,West,79.5,Good
902552,Driver_2551,49,23,Central,91.2,Excellent
902553,Driver_2552,27,11,Central,69.4,Average
902554,Driver_2553,33,0,North,65.7,Average
902555,Driver_2554,35,13,West,71.4,Average
902556,Driver_2555,38,26,West,64.2,Average
902557,Driver_2556,28,10,South,99.9,Excellent
902558,Driver_2557,47,11,North,82.7,Good
902559,Driver_2558,42,15,North,71.4,Average
902560,Driver_2559,26,10,North,97.9,Excellent
902561,Driver_2560,24,30,Central,52.5,Low
902562,Driver_2561,54,3,South,84.5,Good
902563,Driver_2562,50,10,Central,85.6,Good
902564,Driver_2563,56,17,Central,68.3,Average
902565,Driver_2564,49,19,Central,80.8,Good
902566,Driver_2565,45,0,South,77.1,Good
902567,Driver_2566,47,8,North,50.2,Low
902568,Driver_2567,47,22,East,63.0,Average
902569,Driver_2568,58,27,West,65.2,Average
902570,Driver_2569,62,3,West,55.0,Low
902571,Driver_2570,50,24,Central,75.4,Good
902572,Driver_2571,29,12,Central,76.2,Good
902573,Driver_2572,43,6,Central,58.2,Low
902574,Driver_2573,26,12,West,51.6,Low
902575,Driver_2574,59,10,East,94.9,Excellent
902576,Driver_2575,39,18,West,81.1,Good
902577,Driver_2576,27,16,South,85.4,Good
902578,Driver_2577,44,14,West,74.7,Average
902579,Driver_2578,30,11,South,95.5,Excellent
902580,Driver_2579,55,29,North,55.8,Low
902581,Driver_2580,37,24,Central,87.1,Good
902582,Driver_2581,57,24,East,86.0,Good
902583,Driver_2582,41,17,West,63.6,Average
902584,Driver_2583,32,9,South,61.3,Average
902585,Driver_2584,25,26,Central,83.2,Good
902586,Driver_2585,31,25,West,93.8,Excellent
902587,Driver_2586,62,14,South,54.1,Low
902588,Driver_2587,60,3,Central,66.1,Average
902589,Driver_2588,38,0,East,94.4,Excellent
902590,Driver_2589,62,6,Central,68.0,Average
902591,Driver_2590,22,4,North,66.6,Average
902592,Driver_2591,27,24,North,54.2,Low
902593,Driver_2592,35,22,Central,60.2,Average
902594,Driver_2593,30,27,West,70.9,Average
902595,Driver_2594,59,20,West,65.1,Average
902596,Driver_2595,34,1,North,67.4,Average
902597,Driver_2596,56,1,West,50.9,Low
902598,Driver_2597,43,17,South,70.2,Average
902599,Driver_2598,57,28,East,93.0,Excellent
902600,Driver_2599,24,4,West,76.5,Good
902601,Driver_2600,44,13,South,81.5,Good
902602,Driver_2601,46,22,East,75.7,Good
902603,Driver_2602,23,21,West,84.1,Good
902604,Driver_2603,37,28,South,75.6,Good
902605,Driver_2604,42,29,East,56.7,Low
902606,Driver_2605,48,27,South,64.3,Average
902607,Driver_2606,27,28,South,53.9,Low
902608,Driver_2607,39,8,East,67.3,Average
902609,Driver_2608,59,8,Central,73.7,Average
902610,Driver_2609,60,3,South,68.5,Average
902611,Driver_2610,25,25,Central,66.1,Average
902612,Driver_2611,43,7,East,85.2,Good
902613,Driver_2612,31,27,East,94.0,Excellent
902614,Driver_2613,49,1,East,64.4,Average
902615,Driver_2614,56,2,North,87.8,Good
902616,Driver_2615,63,14,South,75.3,Good
902617,Driver_2616,41,7,East,79.2,Good
902618,Driver_2617,57,10,East,95.9,Excellent
902619,Driver_2618,44,17,East,84.9,Good
902620,Driver_2619,46,11,Central,54.1,Low
902621,Driver_2620,36,6,North,84.6,Good
902622,Driver_2621,25,27,North,54.0,Low
902623,Driver_2622,46,10,East,93.8,Excellent
902624,Driver_2623,47,21,East,59.1,Low
902625,Driver_2624,41,21,Central,81.0,Good
902626,Driver_2625,52,25,Central,66.1,Average
902627,Driver_2626,56,29,North,96.7,Excellent
902628,Driver_2627,54,23,Central,99.6,Excellent
902629,Driver_2628,45,18,North,91.3,Excellent
902630,Driver_2629,63,16,Central,63.8,Average
902631,Driver_2630,38,6,North,69.2,Average
902632,Driver_2631,54,28,East,76.1,Good
902633,Driver_2632,30,2,Central,70.9,Average
902634,Driver_2633,25,28,West,97.0,Excellent
902635,Driver_2634,33,12,East,60.9,Average
902636,Driver_2635,62,8,South,74.5,Average
902637,Driver_2636,40,16,West,78.2,Good
902638,Driver_2637,59,18,East,91.0,Excellent
902639,Driver_2638,49,18,East,58.8,Low
902640,Driver_2639,50,2,South,61.2,Average
902641,Driver_2640,30,22,East,75.1,Good
902642,Driver_2641,54,6,North,86.4,Good
902643,Driver_2642,45,3,North,67.6,Average
902644,Driver_2643,34,23,North,89.0,Good
902645,Driver_2644,46,7,East,50.2,Low
902646,Driver_2645,23,14,East,69.8,Average
902647,Driver_2646,29,3,Central,73.5,Average
902648,Driver_2647,39,13,North,53.5,Low
902649,Driver_2648,53,14,West,78.2,Good
902650,Driver_2649,40,12,South,71.7,Average
902651,Driver_2650,30,18,South,52.5,Low
902652,Driver_2651,59,12,South,78.2,Good
902653,Driver_2652,57,25,West,84.3,Good
902654,Driver_2653,45,8,East,93.9,Excellent
902655,Driver_2654,23,18,North,86.4,Good
902656,Driver_2655,31,2,West,68.8,Average
902657,Driver_2656,58,29,East,93.6,Excellent
902658,Driver_2657,36,10,North,94.8,Excellent
902659,Driver_2658,58,8,Central,97.3,Excellent
902660,Driver_2659,37,6,East,60.5,Average
902661,Driver_2660,32,10,Central,99.8,Excellent
902662,Driver_2661,39,4,West,67.1,Average
902663,Driver_2662,55,8,West,67.2,Average
902664,Driver_2663,32,30,North,93.3,Excellent
902665,Driver_2664,45,1,North,68.6,Average
902666,Driver_2665,59,10,West,93.9,Excellent
902667,Driver_2666,46,26,Central,72.0,Average
902668,Driver_2667,24,25,East,82.4,Good
902669,Driver_2668,45,22,West,50.8,Low
902670,Driver_2669,53,22,South,82.6,Good
902671,Driver_2670,29,22,North,68.0,Average
902672,Driver_2671,35,13,West,70.5,Average
902673,Driver_2672,55,0,North,91.9,Excellent
902674,Driver_2673,54,2,West,86.5,Good
902675,Driver_2674,28,2,South,98.4,Excellent
902676,Driver_2675,36,24,Central,82.2,Good
902677,Driver_2676,29,22,East,65.7,Average
902678,Driver_2677,53,8,North,76.4,Good
902679,Driver_2678,63,13,North,89.1,Good
902680,Driver_2679,23,2,South,82.1,Good
902681,Driver_2680,26,2,North,100.0,Excellent
902682,Driver_2681,32,9,Central,51.5,Low
902683,Driver_2682,34,5,East,84.8,Good
902684,Driver_2683,41,17,North,60.4,Average
902685,Driver_2684,58,23,Central,56.6,Low
902686,Driver_2685,21,2,South,77.6,Good
902687,Driver_2686,45,17,North,60.4,Average
902688,Driver_2687,26,0,North,96.4,Excellent
902689,Driver_2688,60,3,West,63.6,Average
902690,Driver_2689,28,0,West,82.2,Good
902691,Driver_2690,50,22,West,56.2,Low
902692,Driver_2691,42,6,South,86.8,Good
902693,Driver_2692,56,5,West,69.6,Average
902694,Driver_2693,31,18,South,54.0,Low
902695,Driver_2694,52,6,Central,70.3,Average
902696,Driver_2695,39,10,Central,96.8,Excellent
902697,Driver_2696,42,2,West,85.8,Good
902698,Driver_2697,57,11,West,51.2,Low
902699,Driver_2698,29,25,South,80.5,Good
902700,Driver_2699,43,28,West,87.3,Good
902701,Driver_2700,25,26,East,90.5,Excellent
902702,Driver_2701,24,13,North,73.0,Average
902703,Driver_2702,61,18,Central,85.7,Good
902704,Driver_2703,39,23,West,95.0,Excellent
902705,Driver_2704,49,16,South,64.0,Average
902706,Driver_2705,26,6,East,87.9,Good
902707,Driver_2706,26,20,South,92.8,Excellent
902708,Driver_2707,42,8,South,90.2,Excellent
902709,Driver_2708,44,22,East,91.1,Excellent
902710,Driver_2709,58,25,West,57.3,Low
902711,Driver_2710,41,13,North,69.8,Average
902712,Driver_2711,44,6,South,75.5,Good
902713,Driver_2712,35,23,Central,62.7,Average
902714,Driver_2713,58,3,East,91.5,Excellent
902715,Driver_2714,29,6,East,78.2,Good
902716,Driver_2715,50,30,Central,88.4,Good
902717,Driver_2716,35,12,South,96.6,Excellent
902718,Driver_2717,53,29,Central,53.1,Low
902719,Driver_2718,39,9,West,99.2,Excellent
902720,Driver_2719,49,12,West,74.7,Average
902721,Driver_2720,42,12,East,71.6,Average
902722,Driver_2721,34,0,North,62.4,Average
902723,Driver_2722,21,22,East,53.5,Low
902724,Driver_2723,26,4,North,54.6,Low
902725,Driver_2724,33,13,Central,84.5,Good
902726,Driver_2725,34,22,West,95.5,Excellent
902727,Driver_2726,52,16,West,98.3,Excellent
902728,Driver_2727,46,0,West,55.4,Low
902729,Driver_2728,28,19,Central,79.0,Good
902730,Driver_2729,53,27,South,83.5,Good
902731,Driver_2730,44,11,North,56.6,Low
902732,Driver_2731,31,12,South,52.3,Low
902733,Driver_2732,28,6,Central,53.8,Low
902734,Driver_2733,42,30,South,73.9,Average
902735,Driver_2734,37,1,West,52.3,Low
902736,Driver_2735,53,5,South,52.3,Low
902737,Driver_2736,41,27,North,63.0,Average
902738,Driver_2737,47,16,Central,86.4,Good
902739,Driver_2738,22,0,Central,91.2,Excellent
902740,Driver_2739,55,1,South,99.5,Excellent
902741,Driver_2740,48,7,East,80.1,Good
902742,Driver_2741,23,17,Central,56.7,Low
902743,Driver_2742,41,28,East,94.3,Excellent
902744,Driver_2743,50,25,Central,94.2,Excellent
902745,Driver_2744,29,8,North,89.3,Good
902746,Driver_2745,39,17,East,55.5,Low
902747,Driver_2746,32,26,East,80.8,Good
902748,Driver_2747,54,8,South,79.1,Good
902749,Driver_2748,54,27,North,73.8,Average
902750,Driver_2749,61,19,North,70.8,Average
902751,Driver_2750,56,30,North,97.8,Excellent
902752,Driver_2751,25,17,South,80.8,Good
902753,Driver_2752,26,6,East,66.3,Average
902754,Driver_2753,21,12,Central,64.1,Average
902755,Driver_2754,47,18,Central,97.7,Excellent
902756,Driver_2755,26,18,East,98.4,Excellent
902757,Driver_2756,59,12,South,54.9,Low
902758,Driver_2757,63,7,East,97.6,Excellent
902759,Driver_2758,32,9,Central,77.2,Good
902760,Driver_2759,61,4,South,70.2,Average
902761,Driver_2760,54,29,South,87.9,Good
902762,Driver_2761,51,2,East,61.7,Average
902763,Driver_2762,33,27,North,53.3,Low
902764,Driver_2763,45,27,South,50.9,Low
902765,Driver_2764,54,20,West,77.1,Good
902766,Driver_2765,42,6,North,79.4,Good
902767,Driver_2766,53,1,North,87.2,Good
902768,Driver_2767,47,9,East,60.1,Average
902769,Driver_2768,32,14,South,69.8,Average
902770,Driver_2769,62,25,South,69.9,Average
902771,Driver_2770,59,29,Central,52.2,Low
902772,Driver_2771,55,10,North,70.0,Average
902773,Driver_2772,42,22,East,92.4,Excellent
902774,Driver_2773,48,6,South,86.7,Good
902775,Driver_2774,46,16,Central,60.6,Average
902776,Driver_2775,40,0,Central,97.0,Excellent
902777,Driver_2776,61,16,West,67.7,Average
902778,Driver_2777,27,14,South,63.7,Average
902779,Driver_2778,37,29,Central,92.5,Excellent
902780,Driver_2779,48,21,East,80.8,Good
902781,Driver_2780,47,6,North,90.7,Excellent
902782,Driver_2781,54,6,Central,85.3,Good
902783,Driver_2782,63,20,East,85.6,Good
902784,Driver_2783,57,20,Central,68.3,Average
902785,Driver_2784,44,1,West,95.4,Excellent
902786,Driver_2785,24,19,North,84.5,Good
902787,Driver_2786,54,28,West,93.8,Excellent
902788,Driver_2787,55,19,West,54.0,Low
902789,Driver_2788,25,8,South,78.7,Good
902790,Driver_2789,59,30,North,99.0,Excellent
902791,Driver_2790,30,23,East,59.8,Low
902792,Driver_2791,45,13,West,93.2,Excellent
902793,Driver_2792,32,10,West,80.8,Good
902794,Driver_2793,50,18,Central,55.2,Low
902795,Driver_2794,35,11,Central,76.5,Good
902796,Driver_2795,48,13,West,55.5,Low
902797,Driver_2796,63,19,North,87.3,Good
902798,Driver_2797,21,1,North,58.3,Low
902799,Driver_2798,59,25,West,89.9,Good
902800,Driver_2799,29,28,West,78.1,Good
902801,Driver_2800,61,8,North,65.2,Average
902802,Driver_2801,39,2,Central,88.4,Good
902803,Driver_2802,31,4,South,63.5,Average
902804,Driver_2803,31,6,East,83.4,Good
902805,Driver_2804,54,20,Central,84.8,Good
902806,Driver_2805,51,16,South,73.8,Average
902807,Driver_2806,45,24,North,92.2,Excellent
902808,Driver_2807,57,23,West,63.2,Average
902809,Driver_2808,54,27,North,85.9,Good
902810,Driver_2809,36,18,North,55.0,Low
902811,Driver_2810,41,21,North,56.8,Low
902812,Driver_2811,63,18,Central,62.8,Average
902813,Driver_2812,59,20,Central,92.0,Excellent
902814,Driver_2813,53,6,North,90.0,Good
902815,Driver_2814,25,27,South,50.4,Low
902816,Driver_2815,55,15,Central,68.3,Average
902817,Driver_2816,62,13,Central,82.4,Good
902818,Driver_2817,63,8,South,54.9,Low
902819,Driver_2818,57,29,Central,69.3,Average
902820,Driver_2819,43,28,Central,99.2,Excellent
902821,Driver_2820,47,27,Central,51.3,Low
902822,Driver_2821,53,29,Central,58.4,Low
902823,Driver_2822,41,29,North,86.5,Good
902824,Driver_2823,57,11,West,97.2,Excellent
902825,Driver_2824,52,27,South,93.8,Excellent
902826,Driver_2825,36,6,North,51.0,Low
902827,Driver_2826,36,23,Central,73.1,Average
902828,Driver_2827,51,11,South,50.5,Low
902829,Driver_2828,25,6,East,94.0,Excellent
902830,Driver_2829,23,23,North,87.6,Good
902831,Driver_2830,53,29,South,99.4,Excellent
902832,Driver_2831,38,4,North,91.1,Excellent
902833,Driver_2832,45,5,Central,86.4,Good
902834,Driver_2833,25,0,South,96.8,Excellent
902835,Driver_2834,58,17,South,53.3,Low
902836,Driver_2835,40,28,East,86.9,Good
902837,Driver_2836,21,15,East,91.9,Excellent
902838,Driver_2837,44,7,South,65.6,Average
902839,Driver_2838,41,12,East,83.9,Good
902840,Driver_2839,28,9,West,69.5,Average
902841,Driver_2840,45,20,West,78.4,Good
902842,Driver_2841,51,26,North,83.9,Good
902843,Driver_2842,48,6,East,76.8,Good
902844,Driver_2843,59,23,North,75.9,Good
902845,Driver_2844,24,24,North,64.6,Average
902846,Driver_2845,31,0,West,69.5,Average
902847,Driver_2846,34,6,South,81.4,Good
902848,Driver_2847,33,24,Central,56.3,Low
902849,Driver_2848,23,9,South,60.0,Low
902850,Driver_2849,32,11,North,63.0,Average
902851,Driver_2850,39,8,South,78.5,Good
902852,Driver_2851,25,29,North,92.7,Excellent
902853,Driver_2852,44,5,West,64.9,Average
902854,Driver_2853,25,21,East,70.9,Average
902855,Driver_2854,57,15,East,58.4,Low
902856,Driver_2855,38,17,West,77.1,Good
902857,Driver_2856,55,19,South,98.9,Excellent
902858,Driver_2857,28,7,North,67.7,Average
902859,Driver_2858,21,19,Central,86.8,Good
902860,Driver_2859,57,28,West,82.9,Good
902861,Driver_2860,37,26,West,79.0,Good
902862,Driver_2861,33,17,West,55.3,Low
902863,Driver_2862,54,14,South,68.0,Average
902864,Driver_2863,54,13,East,52.6,Low
902865,Driver_2864,52,21,North,75.9,Good
902866,Driver_2865,47,18,Central,92.4,Excellent
902867,Driver_2866,32,28,North,56.2,Low
902868,Driver_2867,29,13,East,58.4,Low
902869,Driver_2868,24,9,Central,89.2,Good
902870,Driver_2869,36,20,North,72.2,Average
902871,Driver_2870,25,26,East,60.9,Average
902872,Driver_2871,35,27,Central,59.7,Low
902873,Driver_2872,36,28,South,97.6,Excellent
902874,Driver_2873,27,29,North,54.9,Low
902875,Driver_2874,46,25,Central,75.0,Average
902876,Driver_2875,45,26,South,63.9,Average
902877,Driver_2876,40,29,East,78.5,Good
902878,Driver_2877,37,21,Central,73.1,Average
902879,Driver_2878,32,12,South,65.9,Average
902880,Driver_2879,60,24,Central,91.6,Excellent
902881,Driver_2880,63,25,North,90.2,Excellent
902882,Driver_2881,35,25,South,55.6,Low
902883,Driver_2882,33,13,North,63.3,Average
902884,Driver_2883,38,2,North,76.4,Good
902885,Driver_2884,49,2,North,94.2,Excellent
902886,Driver_2885,40,10,East,98.0,Excellent
902887,Driver_2886,32,14,West,61.2,Average
902888,Driver_2887,36,5,South,55.4,Low
902889,Driver_2888,39,2,East,61.8,Average
902890,Driver_2889,53,25,West,73.2,Average
902891,Driver_2890,58,30,Central,54.7,Low
902892,Driver_2891,28,2,East,82.5,Good
902893,Driver_2892,31,19,East,95.8,Excellent
902894,Driver_2893,55,7,West,80.1,Good
902895,Driver_2894,30,28,North,51.3,Low
902896,Driver_2895,44,1,Central,61.2,Average
902897,Driver_2896,49,1,Central,57.0,Low
902898,Driver_2897,54,16,East,58.6,Low
902899,Driver_2898,60,21,East,94.6,Excellent
902900,Driver_2899,61,22,South,94.9,Excellent
902901,Driver_2900,63,3,North,61.4,Average
902902,Driver_2901,53,20,East,97.9,Excellent
902903,Driver_2902,22,24,North,93.7,Excellent
902904,Driver_2903,37,13,South,96.4,Excellent
902905,Driver_2904,34,5,South,77.1,Good
902906,Driver_2905,41,0,North,70.6,Average
902907,Driver_2906,30,7,West,98.6,Excellent
902908,Driver_2907,44,15,West,71.0,Average
902909,Driver_2908,47,20,East,69.4,Average
902910,Driver_2909,60,4,East,95.8,Excellent
902911,Driver_2910,54,11,East,65.0,Average
902912,Driver_2911,48,21,North,92.3,Excellent
902913,Driver_2912,38,15,Central,77.8,Good
902914,Driver_2913,54,10,West,60.8,Average
902915,Driver_2914,41,10,Central,50.7,Low
902916,Driver_2915,33,25,Central,85.7,Good
902917,Driver_2916,31,0,East,95.2,Excellent
902918,Driver_2917,30,8,South,58.9,Low
902919,Driver_2918,60,27,North,83.0,Good
902920,Driver_2919,21,1,East,94.9,Excellent
902921,Driver_2920,26,7,Central,74.2,Average
902922,Driver_2921,59,14,East,88.0,Good
902923,Driver_2922,42,13,South,76.0,Good
902924,Driver_2923,50,16,North,82.4,Good
902925,Driver_2924,29,28,South,78.9,Good
902926,Driver_2925,57,4,East,60.1,Average
902927,Driver_2926,36,25,Central,97.4,Excellent
902928,Driver_2927,52,21,Central,60.1,Average
902929,Driver_2928,28,21,Central,91.8,Excellent
902930,Driver_2929,54,14,East,54.6,Low
902931,Driver_2930,58,13,Central,54.0,Low
902932,Driver_2931,37,26,East,51.1,Low
902933,Driver_2932,56,6,North,80.3,Good
902934,Driver_2933,26,13,Central,63.7,Average
902935,Driver_2934,63,7,North,53.9,Low
902936,Driver_2935,62,23,West,65.1,Average
902937,Driver_2936,51,1,Central,72.3,Average
902938,Driver_2937,38,14,East,97.5,Excellent
902939,Driver_2938,32,8,South,82.1,Good
902940,Driver_2939,55,17,South,89.2,Good
902941,Driver_2940,37,14,North,70.6,Average
902942,Driver_2941,36,21,South,97.0,Excellent
902943,Driver_2942,59,1,North,97.1,Excellent
902944,Driver_2943,53,9,Central,99.5,Excellent
902945,Driver_2944,21,1,Central,61.9,Average
902946,Driver_2945,31,26,South,51.3,Low
902947,Driver_2946,27,23,Central,53.8,Low
902948,Driver_2947,54,4,South,75.1,Good
902949,Driver_2948,55,5,South,91.2,Excellent
902950,Driver_2949,32,27,West,93.5,Excellent
902951,Driver_2950,58,22,North,55.3,Low
902952,Driver_2951,38,3,North,69.7,Average
902953,Driver_2952,44,12,Central,57.1,Low
902954,Driver_2953,60,23,North,88.8,Good
902955,Driver_2954,38,19,Central,97.0,Excellent
902956,Driver_2955,33,4,West,70.8,Average
902957,Driver_2956,61,11,Central,60.4,Average
902958,Driver_2957,52,15,South,57.3,Low
902959,Driver_2958,34,4,Central,69.8,Average
902960,Driver_2959,47,26,South,93.2,Excellent
902961,Driver_2960,37,24,East,95.5,Excellent
902962,Driver_2961,44,6,South,96.9,Excellent
902963,Driver_2962,50,24,South,53.1,Low
902964,Driver_2963,41,13,South,83.6,Good
902965,Driver_2964,40,28,South,79.9,Good
902966,Driver_2965,47,2,Central,53.3,Low
902967,Driver_2966,38,11,South,52.0,Low
902968,Driver_2967,42,16,East,63.7,Average
902969,Driver_2968,60,3,Central,80.6,Good
902970,Driver_2969,61,8,West,81.6,Good
902971,Driver_2970,53,10,North,77.4,Good
902972,Driver_2971,45,24,North,65.8,Average
902973,Driver_2972,60,24,North,54.5,Low
902974,Driver_2973,56,6,Central,54.4,Low
902975,Driver_2974,53,12,East,59.8,Low
902976,Driver_2975,56,7,South,74.0,Average
902977,Driver_2976,62,6,East,53.3,Low
902978,Driver_2977,35,5,North,51.7,Low
902979,Driver_2978,31,18,East,56.7,Low
902980,Driver_2979,47,15,Central,96.8,Excellent
902981,Driver_2980,22,14,South,65.6,Average
902982,Driver_2981,42,22,Central,98.5,Excellent
902983,Driver_2982,37,11,Central,91.5,Excellent
902984,Driver_2983,36,30,North,71.3,Average
902985,Driver_2984,30,17,North,55.5,Low
902986,Driver_2985,51,30,West,64.2,Average
902987,Driver_2986,29,24,West,50.7,Low
902988,Driver_2987,34,1,South,85.0,Good
902989,Driver_2988,37,12,East,67.8,Average
902990,Driver_2989,61,0,Central,70.6,Average
902991,Driver_2990,49,19,East,69.2,Average
902992,Driver_2991,22,12,South,85.5,Good
902993,Driver_2992,39,4,Central,54.1,Low
902994,Driver_2993,62,23,Central,99.6,Excellent
902995,Driver_2994,43,20,North,66.6,Average
902996,Driver_2995,33,28,North,80.6,Good
902997,Driver_2996,52,9,South,55.9,Low
902998,Driver_2997,41,0,South,74.3,Average
902999,Driver_2998,25,10,Central,82.7,Good
903000,Driver_2999,40,13,North,80.3,Good
903001,Driver_3000,58,12,South,56.0,Low
903002,Driver_3001,34,29,North,82.4,Good
903003,Driver_3002,54,7,North,80.0,Good
903004,Driver_3003,57,30,East,85.2,Good
903005,Driver_3004,21,23,Central,58.5,Low
903006,Driver_3005,53,23,West,65.3,Average
903007,Driver_3006,42,30,West,64.0,Average
903008,Driver_3007,50,19,West,85.5,Good
903009,Driver_3008,57,7,West,71.7,Average
903010,Driver_3009,46,24,Central,55.6,Low
903011,Driver_3010,23,29,West,88.6,Good
903012,Driver_3011,46,7,Central,88.6,Good
903013,Driver_3012,50,12,South,70.4,Average
903014,Driver_3013,55,11,Central,99.4,Excellent
903015,Driver_3014,53,1,East,88.9,Good
903016,Driver_3015,60,2,West,69.9,Average
903017,Driver_3016,52,16,North,71.5,Average
903018,Driver_3017,56,17,Central,60.6,Average
903019,Driver_3018,33,10,Central,50.2,Low
903020,Driver_3019,32,26,West,56.1,Low
903021,Driver_3020,42,4,North,97.8,Excellent
903022,Driver_3021,29,26,East,58.0,Low
903023,Driver_3022,57,4,North,94.8,Excellent
903024,Driver_3023,36,11,South,85.1,Good
903025,Driver_3024,43,20,West,68.7,Average
903026,Driver_3025,53,2,North,72.5,Average
903027,Driver_3026,30,18,West,61.7,Average
903028,Driver_3027,59,22,South,81.5,Good
903029,Driver_3028,36,4,East,53.3,Low
903030,Driver_3029,58,8,East,50.6,Low
903031,Driver_3030,23,14,Central,82.1,Good
903032,Driver_3031,54,20,Central,75.6,Good
903033,Driver_3032,28,24,South,81.7,Good
903034,Driver_3033,63,28,South,87.9,Good
903035,Driver_3034,62,1,East,57.3,Low
903036,Driver_3035,21,2,West,90.3,Excellent
903037,Driver_3036,44,29,East,95.8,Excellent
903038,Driver_3037,31,0,South,73.0,Average
903039,Driver_3038,46,13,North,73.0,Average
903040,Driver_3039,33,4,North,54.3,Low
903041,Driver_3040,37,10,North,50.0,Low
903042,Driver_3041,28,11,North,61.1,Average
903043,Driver_3042,63,13,East,95.0,Excellent
903044,Driver_3043,27,3,South,85.8,Good
903045,Driver_3044,54,27,South,71.1,Average
903046,Driver_3045,51,29,East,83.2,Good
903047,Driver_3046,30,25,South,78.2,Good
903048,Driver_3047,29,9,North,55.0,Low
903049,Driver_3048,35,1,East,74.5,Average
903050,Driver_3049,50,24,West,95.5,Excellent
903051,Driver_3050,21,6,East,65.4,Average
903052,Driver_3051,46,12,West,58.1,Low
903053,Driver_3052,48,4,South,74.7,Average
903054,Driver_3053,43,19,South,75.1,Good
903055,Driver_3054,61,26,West,89.0,Good
903056,Driver_3055,27,23,West,78.4,Good
903057,Driver_3056,31,22,Central,75.8,Good
903058,Driver_3057,51,7,West,63.0,Average
903059,Driver_3058,54,1,North,77.2,Good
903060,Driver_3059,54,1,North,58.8,Low
903061,Driver_3060,61,7,Central,79.0,Good
903062,Driver_3061,62,21,North,84.9,Good
903063,Driver_3062,58,4,Central,55.1,Low
903064,Driver_3063,57,11,East,58.6,Low
903065,Driver_3064,36,13,North,94.6,Excellent
903066,Driver_3065,23,22,North,50.8,Low
903067,Driver_3066,60,24,West,97.1,Excellent
903068,Driver_3067,26,23,East,80.4,Good
903069,Driver_3068,46,30,East,70.3,Average
903070,Driver_3069,43,21,West,94.2,Excellent
903071,Driver_3070,34,0,South,55.2,Low
903072,Driver_3071,56,4,North,91.6,Excellent
903073,Driver_3072,32,30,North,64.8,Average
903074,Driver_3073,61,18,South,53.7,Low
903075,Driver_3074,43,9,West,87.9,Good
903076,Driver_3075,39,17,North,95.1,Excellent
903077,Driver_3076,46,10,Central,71.2,Average
903078,Driver_3077,24,7,North,53.3,Low
903079,Driver_3078,61,18,West,81.4,Good
903080,Driver_3079,45,2,East,50.9,Low
903081,Driver_3080,55,7,East,99.4,Excellent
903082,Driver_3081,37,17,East,64.1,Average
903083,Driver_3082,56,3,West,67.6,Average
903084,Driver_3083,27,18,West,80.3,Good
903085,Driver_3084,29,19,West,52.3,Low
903086,Driver_3085,25,9,North,78.5,Good
903087,Driver_3086,34,6,Central,53.5,Low
903088,Driver_3087,48,24,Central,65.3,Average
903089,Driver_3088,61,13,Central,65.8,Average
903090,Driver_3089,26,16,North,62.6,Average
903091,Driver_3090,32,2,South,98.0,Excellent
903092,Driver_3091,41,19,North,91.3,Excellent
903093,Driver_3092,35,9,South,78.9,Good
903094,Driver_3093,57,25,East,75.9,Good
903095,Driver_3094,43,2,East,70.9,Average
903096,Driver_3095,58,15,West,95.2,Excellent
903097,Driver_3096,42,4,East,97.5,Excellent
903098,Driver_3097,27,19,North,66.8,Average
903099,Driver_3098,38,16,West,92.2,Excellent
903100,Driver_3099,30,2,South,90.6,Excellent
903101,Driver_3100,39,18,South,56.5,Low
903102,Driver_3101,35,0,Central,71.8,Average
903103,Driver_3102,32,0,Central,81.5,Good
903104,Driver_3103,60,14,South,82.8,Good
903105,Driver_3104,38,25,North,80.1,Good
903106,Driver_3105,35,28,East,61.7,Average
903107,Driver_3106,40,4,West,86.1,Good
903108,Driver_3107,41,11,North,65.0,Average
903109,Driver_3108,24,3,Central,97.2,Excellent
903110,Driver_3109,22,22,North,90.9,Excellent
903111,Driver_3110,44,17,West,93.0,Excellent
903112,Driver_3111,48,6,South,77.6,Good
903113,Driver_3112,30,20,East,91.6,Excellent
903114,Driver_3113,23,28,East,91.6,Excellent
903115,Driver_3114,29,2,South,62.1,Average
903116,Driver_3115,54,18,West,59.4,Low
903117,Driver_3116,43,25,West,65.0,Average
903118,Driver_3117,34,14,Central,77.1,Good
903119,Driver_3118,39,6,West,89.1,Good
903120,Driver_3119,42,29,South,85.8,Good
903121,Driver_3120,27,10,East,66.1,Average
903122,Driver_3121,46,27,East,92.0,Excellent
903123,Driver_3122,46,15,North,99.3,Excellent
903124,Driver_3123,30,6,South,63.4,Average
903125,Driver_3124,59,21,South,53.5,Low
903126,Driver_3125,51,5,Central,91.0,Excellent
903127,Driver_3126,43,29,West,52.5,Low
903128,Driver_3127,53,14,East,60.8,Average
903129,Driver_3128,51,18,East,79.6,Good
903130,Driver_3129,30,28,West,83.0,Good
903131,Driver_3130,25,30,West,73.4,Average
903132,Driver_3131,49,2,South,68.5,Average
903133,Driver_3132,21,7,South,93.9,Excellent
903134,Driver_3133,26,11,North,85.6,Good
903135,Driver_3134,32,6,South,56.0,Low
903136,Driver_3135,47,5,West,86.0,Good
903137,Driver_3136,32,5,East,62.1,Average
903138,Driver_3137,26,26,East,78.7,Good
903139,Driver_3138,58,20,West,58.7,Low
903140,Driver_3139,50,30,West,64.4,Average
903141,Driver_3140,59,18,North,73.1,Average
903142,Driver_3141,41,0,South,77.7,Good
903143,Driver_3142,45,18,Central,71.6,Average
903144,Driver_3143,46,3,South,88.9,Good
903145,Driver_3144,43,18,West,50.7,Low
903146,Driver_3145,58,21,East,90.6,Excellent
903147,Driver_3146,46,12,Central,55.8,Low
903148,Driver_3147,23,20,East,61.4,Average
903149,Driver_3148,55,27,Central,78.0,Good
903150,Driver_3149,23,13,Central,86.2,Good
903151,Driver_3150,62,4,South,83.5,Good
903152,Driver_3151,51,6,South,51.6,Low
903153,Driver_3152,60,29,Central,69.4,Average
903154,Driver_3153,55,25,Central,63.6,Average
903155,Driver_3154,32,20,West,59.0,Low
903156,Driver_3155,32,2,West,66.5,Average
903157,Driver_3156,28,10,South,74.2,Average
903158,Driver_3157,50,4,West,99.2,Excellent
903159,Driver_3158,31,28,South,77.5,Good
903160,Driver_3159,33,17,West,91.7,Excellent
903161,Driver_3160,50,28,West,60.5,Average
903162,Driver_3161,51,14,West,94.1,Excellent
903163,Driver_3162,21,20,North,73.3,Average
903164,Driver_3163,63,12,South,81.8,Good
903165,Driver_3164,29,0,North,83.2,Good
903166,Driver_3165,46,3,South,57.9,Low
903167,Driver_3166,39,15,South,56.1,Low
903168,Driver_3167,36,15,West,52.6,Low
903169,Driver_3168,61,6,Central,67.9,Average
903170,Driver_3169,34,19,West,53.4,Low
903171,Driver_3170,43,21,East,93.1,Excellent
903172,Driver_3171,34,14,South,95.3,Excellent
903173,Driver_3172,32,11,North,50.4,Low
903174,Driver_3173,60,21,West,78.3,Good
903175,Driver_3174,56,26,North,64.0,Average
903176,Driver_3175,37,7,South,71.0,Average
903177,Driver_3176,23,25,East,84.3,Good
903178,Driver_3177,52,13,East,92.3,Excellent
903179,Driver_3178,24,22,Central,51.4,Low
903180,Driver_3179,57,20,East,99.3,Excellent
903181,Driver_3180,40,26,East,96.0,Excellent
903182,Driver_3181,50,28,West,79.6,Good
903183,Driver_3182,23,0,West,70.0,Average
903184,Driver_3183,27,21,South,65.7,Average
903185,Driver_3184,36,10,East,88.5,Good
903186,Driver_3185,50,11,North,70.1,Average
903187,Driver_3186,58,0,East,81.4,Good
903188,Driver_3187,56,17,Central,74.5,Average
903189,Driver_3188,42,7,North,99.1,Excellent
903190,Driver_3189,59,27,West,58.7,Low
903191,Driver_3190,57,0,North,89.5,Good
903192,Driver_3191,24,9,North,95.5,Excellent
903193,Driver_3192,43,8,North,73.2,Average
903194,Driver_3193,59,0,North,82.9,Good
903195,Driver_3194,46,26,South,75.4,Good
903196,Driver_3195,30,5,Central,80.8,Good
903197,Driver_3196,34,3,East,51.2,Low
903198,Driver_3197,31,10,Central,60.3,Average
903199,Driver_3198,24,13,North,92.0,Excellent
903200,Driver_3199,47,25,East,80.8,Good
903201,Driver_3200,21,25,West,50.2,Low
903202,Driver_3201,24,27,North,97.9,Excellent
903203,Driver_3202,61,21,North,81.8,Good
903204,Driver_3203,34,21,North,73.9,Average
903205,Driver_3204,30,3,East,93.3,Excellent
903206,Driver_3205,52,15,West,85.0,Good
903207,Driver_3206,51,18,Central,64.7,Average
903208,Driver_3207,28,14,West,59.6,Low
903209,Driver_3208,28,23,West,95.9,Excellent
903210,Driver_3209,25,8,North,66.9,Average
903211,Driver_3210,46,14,West,57.5,Low
903212,Driver_3211,41,25,South,77.0,Good
903213,Driver_3212,33,25,North,82.0,Good
903214,Driver_3213,21,17,West,99.9,Excellent
903215,Driver_3214,56,7,North,76.3,Good
903216,Driver_3215,26,30,Central,90.7,Excellent
903217,Driver_3216,44,22,South,68.2,Average
903218,Driver_3217,49,9,North,50.6,Low
903219,Driver_3218,51,16,Central,77.2,Good
903220,Driver_3219,37,5,West,93.8,Excellent
903221,Driver_3220,53,22,Central,74.1,Average
903222,Driver_3221,51,23,West,93.5,Excellent
903223,Driver_3222,45,7,South,92.9,Excellent
903224,Driver_3223,50,1,Central,75.9,Good
903225,Driver_3224,26,0,Central,84.3,Good
903226,Driver_3225,60,29,South,88.9,Good
903227,Driver_3226,32,13,East,96.3,Excellent
903228,Driver_3227,33,14,North,51.6,Low
903229,Driver_3228,48,4,Central,83.0,Good
903230,Driver_3229,39,24,West,80.4,Good
903231,Driver_3230,48,19,East,84.2,Good
903232,Driver_3231,38,14,North,58.3,Low
903233,Driver_3232,58,4,South,88.9,Good
903234,Driver_3233,28,29,Central,64.4,Average
903235,Driver_3234,27,4,Central,73.7,Average
903236,Driver_3235,23,12,Central,86.4,Good
903237,Driver_3236,43,5,Central,93.6,Excellent
903238,Driver_3237,26,21,West,79.7,Good
903239,Driver_3238,41,8,Central,96.3,Excellent
903240,Driver_3239,58,7,North,53.0,Low
903241,Driver_3240,63,8,South,63.7,Average
903242,Driver_3241,46,9,North,67.4,Average
903243,Driver_3242,52,12,Central,73.1,Average
903244,Driver_3243,59,28,South,58.6,Low
903245,Driver_3244,32,18,Central,77.1,Good
903246,Driver_3245,30,5,West,89.7,Good
903247,Driver_3246,42,24,East,68.2,Average
903248,Driver_3247,60,10,West,76.0,Good
903249,Driver_3248,37,24,North,59.9,Low
903250,Driver_3249,29,2,Central,66.3,Average
903251,Driver_3250,59,23,North,74.4,Average
903252,Driver_3251,39,19,East,87.5,Good
903253,Driver_3252,46,13,East,88.2,Good
903254,Driver_3253,27,19,East,76.7,Good
903255,Driver_3254,40,1,Central,85.0,Good
903256,Driver_3255,46,12,South,53.8,Low
903257,Driver_3256,35,6,West,68.1,Average
903258,Driver_3257,33,20,East,61.3,Average
903259,Driver_3258,36,19,Central,54.2,Low
903260,Driver_3259,28,20,West,83.1,Good
903261,Driver_3260,47,19,West,87.9,Good
903262,Driver_3261,33,21,East,51.7,Low
903263,Driver_3262,56,29,Central,78.5,Good
903264,Driver_3263,58,26,North,61.6,Average
903265,Driver_3264,54,19,Central,79.4,Good
903266,Driver_3265,45,30,East,91.3,Excellent
903267,Driver_3266,57,18,East,66.2,Average
903268,Driver_3267,56,18,East,88.5,Good
903269,Driver_3268,61,27,East,68.9,Average
903270,Driver_3269,55,11,West,76.8,Good
903271,Driver_3270,27,2,South,79.4,Good
903272,Driver_3271,25,29,West,94.9,Excellent
903273,Driver_3272,37,5,North,97.9,Excellent
903274,Driver_3273,59,19,Central,66.0,Average
903275,Driver_3274,22,27,North,68.4,Average
903276,Driver_3275,49,2,North,88.0,Good
903277,Driver_3276,36,24,West,72.1,Average
903278,Driver_3277,58,24,West,93.1,Excellent
903279,Driver_3278,28,24,East,84.7,Good
903280,Driver_3279,57,27,East,89.4,Good
903281,Driver_3280,57,30,West,83.7,Good
903282,Driver_3281,39,10,West,95.9,Excellent
903283,Driver_3282,21,3,North,51.2,Low
903284,Driver_3283,55,25,East,92.5,Excellent
903285,Driver_3284,45,14,South,58.9,Low
903286,Driver_3285,23,30,East,80.8,Good
903287,Driver_3286,30,26,West,96.0,Excellent
903288,Driver_3287,43,27,West,90.6,Excellent
903289,Driver_3288,55,30,Central,60.6,Average
903290,Driver_3289,55,16,West,65.6,Average
903291,Driver_3290,46,17,West,52.9,Low
903292,Driver_3291,24,21,East,56.0,Low
903293,Driver_3292,36,16,North,53.0,Low
903294,Driver_3293,32,27,South,60.1,Average
903295,Driver_3294,28,23,East,92.4,Excellent
903296,Driver_3295,61,27,South,89.5,Good
903297,Driver_3296,55,26,West,99.7,Excellent
903298,Driver_3297,44,26,Central,93.7,Excellent
903299,Driver_3298,35,9,East,73.1,Average
903300,Driver_3299,21,19,Central,85.3,Good
903301,Driver_3300,53,20,North,83.1,Good
903302,Driver_3301,54,30,Central,62.8,Average
903303,Driver_3302,46,29,Central,90.0,Good
903304,Driver_3303,31,25,West,58.4,Low
903305,Driver_3304,60,4,West,96.9,Excellent
903306,Driver_3305,23,28,South,59.8,Low
903307,Driver_3306,58,6,South,65.8,Average
903308,Driver_3307,49,23,North,60.3,Average
903309,Driver_3308,48,6,East,100.0,Excellent
903310,Driver_3309,36,6,North,73.5,Average
903311,Driver_3310,28,23,Central,59.2,Low
903312,Driver_3311,47,14,North,78.0,Good
903313,Driver_3312,52,3,North,75.5,Good
903314,Driver_3313,56,18,North,77.1,Good
903315,Driver_3314,39,2,Central,58.1,Low
903316,Driver_3315,59,30,West,92.4,Excellent
903317,Driver_3316,28,13,West,96.2,Excellent
903318,Driver_3317,23,9,Central,96.6,Excellent
903319,Driver_3318,35,18,West,75.8,Good
903320,Driver_3319,54,0,North,99.1,Excellent
903321,Driver_3320,39,24,North,83.4,Good
903322,Driver_3321,46,22,West,61.8,Average
903323,Driver_3322,42,27,West,85.3,Good
903324,Driver_3323,58,24,East,99.5,Excellent
903325,Driver_3324,53,7,North,75.3,Good
903326,Driver_3325,22,20,South,60.0,Low
903327,Driver_3326,54,10,South,86.0,Good
903328,Driver_3327,34,15,South,79.5,Good
903329,Driver_3328,34,28,North,79.0,Good
903330,Driver_3329,46,5,North,63.4,Average
903331,Driver_3330,60,21,East,92.8,Excellent
903332,Driver_3331,33,27,South,84.0,Good
903333,Driver_3332,45,23,South,59.5,Low
903334,Driver_3333,35,20,Central,77.2,Good
903335,Driver_3334,44,23,North,50.3,Low
903336,Driver_3335,49,0,West,56.1,Low
903337,Driver_3336,29,12,North,63.0,Average
903338,Driver_3337,38,19,Central,94.7,Excellent
903339,Driver_3338,33,21,Central,75.7,Good
903340,Driver_3339,26,16,South,75.5,Good
903341,Driver_3340,54,24,Central,71.3,Average
903342,Driver_3341,45,9,West,91.4,Excellent
903343,Driver_3342,34,14,Central,53.8,Low
903344,Driver_3343,37,2,Central,60.9,Average
903345,Driver_3344,59,25,North,74.9,Average
903346,Driver_3345,52,2,West,70.4,Average
903347,Driver_3346,34,25,East,84.4,Good
903348,Driver_3347,38,0,North,78.1,Good
903349,Driver_3348,31,11,East,51.0,Low
903350,Driver_3349,26,14,West,78.0,Good
903351,Driver_3350,38,24,North,62.1,Average
903352,Driver_3351,56,9,South,94.3,Excellent
903353,Driver_3352,55,23,West,96.9,Excellent
903354,Driver_3353,33,18,West,68.5,Average
903355,Driver_3354,55,29,South,99.9,Excellent
903356,Driver_3355,41,2,Central,99.8,Excellent
903357,Driver_3356,31,7,West,98.8,Excellent
903358,Driver_3357,33,8,North,54.7,Low
903359,Driver_3358,55,16,East,83.2,Good
903360,Driver_3359,50,1,South,63.1,Average
903361,Driver_3360,27,9,South,58.7,Low
903362,Driver_3361,56,18,North,91.3,Excellent
903363,Driver_3362,50,7,Central,86.0,Good
903364,Driver_3363,34,11,North,91.6,Excellent
903365,Driver_3364,46,20,North,93.9,Excellent
903366,Driver_3365,33,11,West,84.1,Good
903367,Driver_3366,49,3,Central,84.5,Good
903368,Driver_3367,23,18,Central,91.5,Excellent
903369,Driver_3368,38,25,East,62.3,Average
903370,Driver_3369,24,3,South,78.0,Good
903371,Driver_3370,35,1,East,71.6,Average
903372,Driver_3371,46,19,West,72.2,Average
903373,Driver_3372,60,4,North,92.4,Excellent
903374,Driver_3373,29,14,East,62.8,Average
903375,Driver_3374,32,30,North,52.8,Low
903376,Driver_3375,61,14,South,65.1,Average
903377,Driver_3376,33,7,East,96.0,Excellent
903378,Driver_3377,57,1,East,85.9,Good
903379,Driver_3378,50,21,East,71.6,Average
903380,Driver_3379,28,18,East,78.6,Good
903381,Driver_3380,32,19,West,88.2,Good
903382,Driver_3381,33,29,Central,52.2,Low
903383,Driver_3382,30,26,East,54.2,Low
903384,Driver_3383,36,28,North,91.6,Excellent
903385,Driver_3384,51,30,South,81.3,Good
903386,Driver_3385,38,4,East,94.5,Excellent
903387,Driver_3386,46,23,Central,68.3,Average
903388,Driver_3387,63,4,East,81.6,Good
903389,Driver_3388,59,18,East,96.0,Excellent
903390,Driver_3389,56,7,North,63.2,Average
903391,Driver_3390,29,6,West,91.8,Excellent
903392,Driver_3391,59,24,South,69.0,Average
903393,Driver_3392,39,11,West,59.1,Low
903394,Driver_3393,28,3,Central,92.3,Excellent
903395,Driver_3394,51,15,East,52.7,Low
903396,Driver_3395,31,9,North,74.7,Average
903397,Driver_3396,46,24,Central,96.6,Excellent
903398,Driver_3397,52,3,North,51.3,Low
903399,Driver_3398,33,6,West,77.2,Good
903400,Driver_3399,61,23,North,87.4,Good
903401,Driver_3400,39,0,South,56.1,Low
903402,Driver_3401,30,24,West,66.6,Average
903403,Driver_3402,40,2,South,82.3,Good
903404,Driver_3403,39,27,North,94.5,Excellent
903405,Driver_3404,54,7,North,87.8,Good
903406,Driver_3405,39,18,South,63.8,Average
903407,Driver_3406,34,27,North,97.5,Excellent
903408,Driver_3407,57,21,Central,82.6,Good
903409,Driver_3408,50,2,West,78.8,Good
903410,Driver_3409,59,21,East,98.8,Excellent
903411,Driver_3410,62,10,Central,86.7,Good
903412,Driver_3411,48,28,North,96.7,Excellent
903413,Driver_3412,30,22,West,64.6,Average
903414,Driver_3413,41,0,West,98.4,Excellent
903415,Driver_3414,29,20,West,90.5,Excellent
903416,Driver_3415,53,22,South,73.5,Average
903417,Driver_3416,44,9,Central,79.5,Good
903418,Driver_3417,30,26,West,82.6,Good
903419,Driver_3418,40,7,West,52.1,Low
903420,Driver_3419,44,24,West,95.7,Excellent
903421,Driver_3420,60,1,East,94.1,Excellent
903422,Driver_3421,22,0,West,57.2,Low
903423,Driver_3422,37,17,Central,75.3,Good
903424,Driver_3423,41,8,West,64.6,Average
903425,Driver_3424,34,3,East,77.8,Good
903426,Driver_3425,40,27,Central,85.3,Good
903427,Driver_3426,63,25,North,81.4,Good
903428,Driver_3427,60,19,South,95.2,Excellent
903429,Driver_3428,39,4,East,54.7,Low
903430,Driver_3429,56,0,Central,78.0,Good
903431,Driver_3430,58,27,East,54.6,Low
903432,Driver_3431,34,4,East,79.2,Good
903433,Driver_3432,54,19,South,64.3,Average
903434,Driver_3433,59,4,North,74.5,Average
903435,Driver_3434,60,25,North,79.6,Good
903436,Driver_3435,55,26,West,96.9,Excellent
903437,Driver_3436,23,11,West,73.7,Average
903438,Driver_3437,29,6,Central,80.3,Good
903439,Driver_3438,45,26,Central,93.0,Excellent
903440,Driver_3439,53,8,North,68.8,Average
903441,Driver_3440,37,13,East,77.7,Good
903442,Driver_3441,61,16,North,74.5,Average
903443,Driver_3442,32,12,North,66.4,Average
903444,Driver_3443,52,13,Central,70.5,Average
903445,Driver_3444,53,14,North,93.8,Excellent
903446,Driver_3445,35,28,West,97.8,Excellent
903447,Driver_3446,28,1,South,66.9,Average
903448,Driver_3447,59,12,Central,56.9,Low
903449,Driver_3448,60,14,Central,56.2,Low
903450,Driver_3449,24,6,West,70.4,Average
903451,Driver_3450,55,29,South,75.9,Good
903452,Driver_3451,31,21,Central,89.0,Good
903453,Driver_3452,42,25,East,63.7,Average
903454,Driver_3453,45,16,Central,80.6,Good
903455,Driver_3454,33,0,East,74.8,Average
903456,Driver_3455,29,16,West,68.8,Average
903457,Driver_3456,21,6,Central,50.0,Low
903458,Driver_3457,63,8,Central,52.3,Low
903459,Driver_3458,27,21,North,89.8,Good
903460,Driver_3459,32,2,North,54.0,Low
903461,Driver_3460,36,30,Central,86.8,Good
903462,Driver_3461,47,18,East,85.2,Good
903463,Driver_3462,38,4,Central,66.1,Average
903464,Driver_3463,58,6,Central,78.9,Good
903465,Driver_3464,47,10,North,52.3,Low
903466,Driver_3465,53,1,South,64.4,Average
903467,Driver_3466,22,7,North,72.7,Average
903468,Driver_3467,29,20,North,54.7,Low
903469,Driver_3468,50,15,North,79.5,Good
903470,Driver_3469,45,18,East,92.0,Excellent
903471,Driver_3470,36,1,Central,96.5,Excellent
903472,Driver_3471,56,30,Central,59.9,Low
903473,Driver_3472,49,10,Central,74.5,Average
903474,Driver_3473,58,6,Central,63.7,Average
903475,Driver_3474,54,2,North,85.0,Good
903476,Driver_3475,50,9,East,91.3,Excellent
903477,Driver_3476,54,19,South,84.2,Good
903478,Driver_3477,31,25,East,73.4,Average
903479,Driver_3478,43,1,South,54.4,Low
903480,Driver_3479,42,17,Central,55.0,Low
903481,Driver_3480,40,10,Central,66.0,Average
903482,Driver_3481,46,16,North,99.2,Excellent
903483,Driver_3482,61,16,East,55.3,Low
903484,Driver_3483,22,26,East,99.3,Excellent
903485,Driver_3484,56,29,Central,68.3,Average
903486,Driver_3485,48,11,South,67.3,Average
903487,Driver_3486,31,18,North,67.7,Average
903488,Driver_3487,27,8,South,76.5,Good
903489,Driver_3488,38,6,North,97.5,Excellent
903490,Driver_3489,56,0,North,63.4,Average
903491,Driver_3490,51,8,South,63.1,Average
903492,Driver_3491,42,26,North,51.6,Low
903493,Driver_3492,38,12,North,94.1,Excellent
903494,Driver_3493,63,23,North,86.3,Good
903495,Driver_3494,47,14,East,77.2,Good
903496,Driver_3495,53,29,West,91.9,Excellent
903497,Driver_3496,35,12,East,78.5,Good
903498,Driver_3497,26,8,East,52.2,Low
903499,Driver_3498,34,23,West,75.1,Good
903500,Driver_3499,52,27,Central,92.7,Excellent
903501,Driver_3500,36,23,West,79.7,Good
903502,Driver_3501,59,23,West,60.6,Average
903503,Driver_3502,38,5,North,74.4,Average
903504,Driver_3503,36,19,South,82.3,Good
903505,Driver_3504,45,17,Central,57.9,Low
903506,Driver_3505,62,8,West,70.1,Average
903507,Driver_3506,41,16,South,95.7,Excellent
903508,Driver_3507,32,14,East,58.5,Low
903509,Driver_3508,40,16,East,53.1,Low
903510,Driver_3509,32,8,North,57.4,Low
903511,Driver_3510,58,23,West,58.4,Low
903512,Driver_3511,27,12,Central,78.3,Good
903513,Driver_3512,54,4,North,78.8,Good
903514,Driver_3513,51,16,South,74.3,Average
903515,Driver_3514,61,6,West,57.9,Low
903516,Driver_3515,53,29,North,97.3,Excellent
903517,Driver_3516,41,3,South,53.4,Low
903518,Driver_3517,58,8,East,85.8,Good
903519,Driver_3518,43,28,West,54.8,Low
903520,Driver_3519,30,8,South,65.4,Average
903521,Driver_3520,39,15,South,74.4,Average
903522,Driver_3521,59,14,South,92.0,Excellent
903523,Driver_3522,49,4,South,76.8,Good
903524,Driver_3523,26,20,West,69.0,Average
903525,Driver_3524,58,4,East,66.7,Average
903526,Driver_3525,26,23,East,75.2,Good
903527,Driver_3526,42,24,North,67.4,Average
903528,Driver_3527,37,22,North,61.9,Average
903529,Driver_3528,24,10,North,64.6,Average
903530,Driver_3529,38,4,West,85.1,Good
903531,Driver_3530,37,19,South,91.0,Excellent
903532,Driver_3531,44,13,East,91.6,Excellent
903533,Driver_3532,49,2,Central,50.3,Low
903534,Driver_3533,28,8,Central,83.7,Good
903535,Driver_3534,27,2,South,60.3,Average
903536,Driver_3535,29,7,Central,73.8,Average
903537,Driver_3536,40,8,North,59.2,Low
903538,Driver_3537,41,18,South,55.8,Low
903539,Driver_3538,38,2,West,68.3,Average
903540,Driver_3539,42,17,East,82.2,Good
903541,Driver_3540,63,24,East,55.4,Low
903542,Driver_3541,50,20,South,54.3,Low
903543,Driver_3542,46,4,Central,80.8,Good
903544,Driver_3543,27,28,West,85.9,Good
903545,Driver_3544,28,18,North,85.6,Good
903546,Driver_3545,31,23,South,97.8,Excellent
903547,Driver_3546,32,25,Central,82.9,Good
903548,Driver_3547,55,25,West,68.5,Average
903549,Driver_3548,51,10,North,62.2,Average
903550,Driver_3549,34,14,Central,81.3,Good
903551,Driver_3550,51,24,South,50.0,Low
903552,Driver_3551,53,16,West,59.5,Low
903553,Driver_3552,63,13,North,86.9,Good
903554,Driver_3553,56,1,South,87.7,Good
903555,Driver_3554,28,2,East,63.0,Average
903556,Driver_3555,35,18,East,54.3,Low
903557,Driver_3556,48,0,East,79.3,Good
903558,Driver_3557,36,7,Central,83.2,Good
903559,Driver_3558,35,12,North,50.3,Low
903560,Driver_3559,53,1,West,72.7,Average
903561,Driver_3560,32,18,Central,92.1,Excellent
903562,Driver_3561,61,9,North,50.9,Low
903563,Driver_3562,23,26,North,69.4,Average
903564,Driver_3563,52,23,West,98.2,Excellent
903565,Driver_3564,35,15,South,86.1,Good
903566,Driver_3565,54,8,East,57.1,Low
903567,Driver_3566,58,16,Central,65.3,Average
903568,Driver_3567,29,21,South,72.6,Average
903569,Driver_3568,42,22,South,81.9,Good
903570,Driver_3569,45,30,North,91.7,Excellent
903571,Driver_3570,46,24,West,68.7,Average
903572,Driver_3571,34,17,North,67.9,Average
903573,Driver_3572,33,1,North,93.9,Excellent
903574,Driver_3573,45,6,South,52.0,Low
903575,Driver_3574,22,27,West,74.4,Average
903576,Driver_3575,46,1,North,83.7,Good
903577,Driver_3576,61,11,North,60.1,Average
903578,Driver_3577,23,29,East,67.3,Average
903579,Driver_3578,42,7,North,52.4,Low
903580,Driver_3579,50,7,East,94.9,Excellent
903581,Driver_3580,63,6,Central,63.7,Average
903582,Driver_3581,62,3,Central,66.2,Average
903583,Driver_3582,36,10,Central,60.0,Low
903584,Driver_3583,38,30,North,72.2,Average
903585,Driver_3584,23,25,West,91.4,Excellent
903586,Driver_3585,30,23,Central,89.5,Good
903587,Driver_3586,59,1,North,77.9,Good
903588,Driver_3587,27,30,West,61.1,Average
903589,Driver_3588,26,6,North,50.3,Low
903590,Driver_3589,60,29,East,81.1,Good
903591,Driver_3590,60,10,North,52.9,Low
903592,Driver_3591,61,27,North,70.6,Average
903593,Driver_3592,55,4,North,63.8,Average
903594,Driver_3593,36,29,North,55.1,Low
903595,Driver_3594,50,25,Central,50.3,Low
903596,Driver_3595,33,17,South,75.9,Good
903597,Driver_3596,29,19,South,87.0,Good
903598,Driver_3597,50,13,North,66.6,Average
903599,Driver_3598,40,0,Central,90.5,Excellent
903600,Driver_3599,23,11,East,81.8,Good
903601,Driver_3600,51,29,South,89.6,Good
903602,Driver_3601,30,0,East,76.3,Good
903603,Driver_3602,30,4,Central,64.6,Average
903604,Driver_3603,55,20,Central,54.0,Low
903605,Driver_3604,63,30,West,67.4,Average
903606,Driver_3605,59,26,Central,55.2,Low
903607,Driver_3606,32,27,Central,97.4,Excellent
903608,Driver_3607,50,23,South,87.7,Good
903609,Driver_3608,56,20,Central,65.6,Average
903610,Driver_3609,63,3,East,74.8,Average
903611,Driver_3610,58,22,East,86.7,Good
903612,Driver_3611,31,30,North,65.7,Average
903613,Driver_3612,34,2,West,63.4,Average
903614,Driver_3613,39,10,North,82.3,Good
903615,Driver_3614,50,16,Central,60.2,Average
903616,Driver_3615,43,12,North,64.8,Average
903617,Driver_3616,57,16,Central,82.0,Good
903618,Driver_3617,28,10,East,81.7,Good
903619,Driver_3618,26,12,East,53.6,Low
903620,Driver_3619,56,12,North,50.5,Low
903621,Driver_3620,56,4,North,81.6,Good
903622,Driver_3621,40,29,Central,71.9,Average
903623,Driver_3622,35,10,South,94.1,Excellent
903624,Driver_3623,48,16,Central,88.7,Good
903625,Driver_3624,39,13,West,85.9,Good
903626,Driver_3625,47,1,West,77.5,Good
903627,Driver_3626,22,25,East,86.5,Good
903628,Driver_3627,36,21,West,74.3,Average
903629,Driver_3628,36,24,North,76.4,Good
903630,Driver_3629,46,25,South,90.5,Excellent
903631,Driver_3630,49,30,South,93.3,Excellent
903632,Driver_3631,31,19,East,99.1,Excellent
903633,Driver_3632,42,18,West,75.8,Good
903634,Driver_3633,53,22,North,90.7,Excellent
903635,Driver_3634,29,7,North,82.9,Good
903636,Driver_3635,42,1,North,89.9,Good
903637,Driver_3636,49,12,North,84.9,Good
903638,Driver_3637,57,22,North,70.6,Average
903639,Driver_3638,40,18,East,80.0,Good
903640,Driver_3639,57,26,South,87.5,Good
903641,Driver_3640,26,6,Central,68.9,Average
903642,Driver_3641,41,18,South,82.2,Good
903643,Driver_3642,35,12,South,61.1,Average
903644,Driver_3643,45,9,East,75.3,Good
903645,Driver_3644,49,16,Central,87.9,Good
903646,Driver_3645,44,17,South,53.4,Low
903647,Driver_3646,42,18,West,55.4,Low
903648,Driver_3647,35,5,East,99.3,Excellent
903649,Driver_3648,59,8,East,59.1,Low
903650,Driver_3649,35,1,South,57.7,Low
903651,Driver_3650,49,0,South,83.3,Good
903652,Driver_3651,35,3,Central,85.2,Good
903653,Driver_3652,63,14,West,72.7,Average
903654,Driver_3653,50,29,West,78.9,Good
903655,Driver_3654,37,14,West,90.3,Excellent
903656,Driver_3655,55,13,North,80.5,Good
903657,Driver_3656,57,30,Central,82.2,Good
903658,Driver_3657,62,14,South,56.4,Low
903659,Driver_3658,38,22,East,68.8,Average
903660,Driver_3659,34,22,Central,73.5,Average
903661,Driver_3660,32,30,Central,84.3,Good
903662,Driver_3661,55,18,North,69.6,Average
903663,Driver_3662,27,1,North,87.9,Good
903664,Driver_3663,41,27,North,79.2,Good
903665,Driver_3664,40,17,North,82.2,Good
903666,Driver_3665,26,27,North,54.9,Low
903667,Driver_3666,31,30,East,76.7,Good
903668,Driver_3667,55,10,Central,73.6,Average
903669,Driver_3668,47,24,Central,62.4,Average
903670,Driver_3669,56,14,North,95.4,Excellent
903671,Driver_3670,47,20,South,93.5,Excellent
903672,Driver_3671,22,2,South,52.2,Low
903673,Driver_3672,61,30,Central,58.2,Low
903674,Driver_3673,52,24,Central,72.7,Average
903675,Driver_3674,51,22,East,93.3,Excellent
903676,Driver_3675,56,17,North,97.6,Excellent
903677,Driver_3676,30,11,South,50.0,Low
903678,Driver_3677,22,3,Central,82.2,Good
903679,Driver_3678,28,26,West,73.2,Average
903680,Driver_3679,55,5,Central,60.2,Average
903681,Driver_3680,50,10,Central,68.3,Average
903682,Driver_3681,23,10,Central,67.9,Average
903683,Driver_3682,31,28,East,93.8,Excellent
903684,Driver_3683,47,3,South,92.1,Excellent
903685,Driver_3684,35,12,West,87.0,Good
903686,Driver_3685,53,15,Central,92.1,Excellent
903687,Driver_3686,47,2,South,87.7,Good
903688,Driver_3687,48,13,North,79.5,Good
903689,Driver_3688,47,23,East,94.1,Excellent
903690,Driver_3689,51,19,South,87.1,Good
903691,Driver_3690,33,26,West,63.5,Average
903692,Driver_3691,39,18,South,73.2,Average
903693,Driver_3692,55,28,North,52.1,Low
903694,Driver_3693,35,26,North,78.8,Good
903695,Driver_3694,49,20,South,85.0,Good
903696,Driver_3695,32,18,West,99.8,Excellent
903697,Driver_3696,45,11,Central,96.1,Excellent
903698,Driver_3697,46,25,Central,79.8,Good
903699,Driver_3698,35,7,West,89.9,Good
903700,Driver_3699,42,13,West,71.9,Average
903701,Driver_3700,36,1,North,58.0,Low
903702,Driver_3701,38,1,North,66.8,Average
903703,Driver_3702,27,23,North,63.8,Average
903704,Driver_3703,36,20,North,97.2,Excellent
903705,Driver_3704,50,24,West,69.7,Average
903706,Driver_3705,49,0,West,68.5,Average
903707,Driver_3706,61,28,South,84.2,Good
903708,Driver_3707,33,2,East,55.9,Low
903709,Driver_3708,27,16,North,89.1,Good
903710,Driver_3709,59,26,Central,86.8,Good
903711,Driver_3710,37,12,Central,51.3,Low
903712,Driver_3711,29,14,South,99.8,Excellent
903713,Driver_3712,28,21,East,70.6,Average
903714,Driver_3713,60,7,Central,71.8,Average
903715,Driver_3714,53,13,Central,92.5,Excellent
903716,Driver_3715,61,13,South,82.8,Good
903717,Driver_3716,47,16,Central,76.6,Good
903718,Driver_3717,22,13,West,54.3,Low
903719,Driver_3718,26,18,South,60.0,Low
903720,Driver_3719,61,6,North,70.0,Average
903721,Driver_3720,63,14,East,65.9,Average
903722,Driver_3721,26,8,North,84.3,Good
903723,Driver_3722,26,2,North,84.8,Good
903724,Driver_3723,56,12,East,70.9,Average
903725,Driver_3724,33,5,West,91.9,Excellent
903726,Driver_3725,36,4,Central,78.8,Good
903727,Driver_3726,24,11,South,83.2,Good
903728,Driver_3727,48,19,North,76.7,Good
903729,Driver_3728,26,29,West,63.7,Average
903730,Driver_3729,40,18,Central,75.8,Good
903731,Driver_3730,37,4,South,86.3,Good
903732,Driver_3731,45,11,North,85.9,Good
903733,Driver_3732,31,19,North,70.4,Average
903734,Driver_3733,48,9,South,81.3,Good
903735,Driver_3734,49,11,South,58.5,Low
903736,Driver_3735,23,26,West,82.3,Good
903737,Driver_3736,41,27,Central,81.6,Good
903738,Driver_3737,49,10,West,92.9,Excellent
903739,Driver_3738,44,28,Central,88.2,Good
903740,Driver_3739,51,17,West,67.7,Average
903741,Driver_3740,61,0,Central,52.1,Low
903742,Driver_3741,58,3,South,50.1,Low
903743,Driver_3742,40,23,North,64.7,Average
903744,Driver_3743,56,15,West,62.5,Average
903745,Driver_3744,39,13,West,72.8,Average
903746,Driver_3745,30,24,North,84.6,Good
903747,Driver_3746,54,29,South,65.0,Average
903748,Driver_3747,26,15,East,65.4,Average
903749,Driver_3748,53,5,South,51.3,Low
903750,Driver_3749,30,4,West,80.3,Good
903751,Driver_3750,28,12,West,69.9,Average
903752,Driver_3751,46,27,Central,92.2,Excellent
903753,Driver_3752,59,5,East,100.0,Excellent
903754,Driver_3753,45,6,East,96.7,Excellent
903755,Driver_3754,43,2,Central,84.9,Good
903756,Driver_3755,42,22,South,58.1,Low
903757,Driver_3756,48,29,West,99.5,Excellent
903758,Driver_3757,30,19,West,51.0,Low
903759,Driver_3758,53,14,East,87.7,Good
903760,Driver_3759,44,18,South,84.5,Good
903761,Driver_3760,49,3,East,97.2,Excellent
903762,Driver_3761,60,27,North,67.7,Average
903763,Driver_3762,33,16,Central,52.8,Low
903764,Driver_3763,59,19,North,75.2,Good
903765,Driver_3764,56,5,North,81.6,Good
903766,Driver_3765,51,17,West,68.6,Average
903767,Driver_3766,47,1,East,98.1,Excellent
903768,Driver_3767,59,9,West,93.0,Excellent
903769,Driver_3768,46,11,South,70.7,Average
903770,Driver_3769,36,26,North,60.4,Average
903771,Driver_3770,31,23,South,87.3,Good
903772,Driver_3771,26,1,South,76.4,Good
903773,Driver_3772,45,23,Central,84.2,Good
903774,Driver_3773,39,24,Central,53.7,Low
903775,Driver_3774,38,11,South,68.2,Average
903776,Driver_3775,47,7,East,96.8,Excellent
903777,Driver_3776,37,12,East,68.5,Average
903778,Driver_3777,62,17,South,84.3,Good
903779,Driver_3778,23,22,West,58.0,Low
903780,Driver_3779,38,17,West,57.9,Low
903781,Driver_3780,33,4,West,73.8,Average
903782,Driver_3781,37,6,West,63.7,Average
903783,Driver_3782,22,8,South,89.0,Good
903784,Driver_3783,30,26,South,80.9,Good
903785,Driver_3784,50,2,South,55.1,Low
903786,Driver_3785,40,24,East,62.8,Average
903787,Driver_3786,21,21,Central,58.3,Low
903788,Driver_3787,21,30,North,50.2,Low
903789,Driver_3788,36,14,East,96.5,Excellent
903790,Driver_3789,34,12,West,94.2,Excellent
903791,Driver_3790,33,24,West,80.0,Good
903792,Driver_3791,22,5,West,59.3,Low
903793,Driver_3792,54,8,South,65.4,Average
903794,Driver_3793,30,15,East,51.2,Low
903795,Driver_3794,58,28,East,54.5,Low
903796,Driver_3795,50,9,North,68.2,Average
903797,Driver_3796,23,15,East,77.5,Good
903798,Driver_3797,22,16,Central,74.1,Average
903799,Driver_3798,58,30,East,80.4,Good
903800,Driver_3799,55,10,South,69.5,Average
903801,Driver_3800,31,17,East,76.6,Good
903802,Driver_3801,34,14,North,62.6,Average
903803,Driver_3802,42,11,North,65.8,Average
903804,Driver_3803,28,27,North,99.3,Excellent
903805,Driver_3804,49,7,East,73.1,Average
903806,Driver_3805,49,17,Central,84.7,Good
903807,Driver_3806,62,7,East,53.6,Low
903808,Driver_3807,54,2,West,80.0,Good
903809,Driver_3808,36,16,North,64.6,Average
903810,Driver_3809,52,13,West,84.3,Good
903811,Driver_3810,24,26,West,69.7,Average
903812,Driver_3811,37,28,East,70.6,Average
903813,Driver_3812,26,21,West,76.7,Good
903814,Driver_3813,24,7,East,62.7,Average
903815,Driver_3814,30,24,West,55.7,Low
903816,Driver_3815,46,12,Central,65.7,Average
903817,Driver_3816,60,5,Central,58.5,Low
903818,Driver_3817,22,7,West,87.3,Good
903819,Driver_3818,53,12,East,78.6,Good
903820,Driver_3819,27,6,South,61.0,Average
903821,Driver_3820,60,21,West,74.4,Average
903822,Driver_3821,42,30,Central,61.7,Average
903823,Driver_3822,39,0,West,86.8,Good
903824,Driver_3823,30,28,Central,61.4,Average
903825,Driver_3824,56,20,East,83.0,Good
903826,Driver_3825,49,13,Central,97.7,Excellent
903827,Driver_3826,59,16,South,91.4,Excellent
903828,Driver_3827,25,2,West,99.1,Excellent
903829,Driver_3828,23,21,Central,91.3,Excellent
903830,Driver_3829,57,30,South,57.4,Low
903831,Driver_3830,37,4,Central,52.3,Low
903832,Driver_3831,27,27,North,52.5,Low
903833,Driver_3832,57,14,East,96.7,Excellent
903834,Driver_3833,32,25,South,63.9,Average
903835,Driver_3834,52,21,Central,58.0,Low
903836,Driver_3835,28,1,East,97.5,Excellent
903837,Driver_3836,50,24,West,94.2,Excellent
903838,Driver_3837,40,23,North,89.7,Good
903839,Driver_3838,38,10,Central,53.8,Low
903840,Driver_3839,58,27,North,63.5,Average
903841,Driver_3840,58,3,North,97.3,Excellent
903842,Driver_3841,25,0,West,78.4,Good
903843,Driver_3842,41,27,North,60.9,Average
903844,Driver_3843,22,1,East,57.8,Low
903845,Driver_3844,29,15,South,50.3,Low
903846,Driver_3845,37,29,East,95.9,Excellent
903847,Driver_3846,50,13,East,53.1,Low
903848,Driver_3847,59,5,West,65.0,Average
903849,Driver_3848,24,26,North,75.6,Good
903850,Driver_3849,55,27,East,63.1,Average
903851,Driver_3850,56,23,North,50.6,Low
903852,Driver_3851,63,2,Central,92.3,Excellent
903853,Driver_3852,48,3,Central,58.6,Low
903854,Driver_3853,23,3,South,71.0,Average
903855,Driver_3854,23,12,Central,78.1,Good
903856,Driver_3855,29,21,East,50.7,Low
903857,Driver_3856,43,30,West,72.9,Average
903858,Driver_3857,28,25,East,74.4,Average
903859,Driver_3858,30,13,South,97.4,Excellent
903860,Driver_3859,58,19,East,91.3,Excellent
903861,Driver_3860,43,7,Central,67.4,Average
903862,Driver_3861,28,0,East,55.5,Low
903863,Driver_3862,39,29,West,51.4,Low
903864,Driver_3863,56,27,East,69.5,Average
903865,Driver_3864,52,4,Central,75.8,Good
903866,Driver_3865,60,23,East,87.6,Good
903867,Driver_3866,36,15,East,68.5,Average
903868,Driver_3867,57,2,East,91.4,Excellent
903869,Driver_3868,28,1,North,54.8,Low
903870,Driver_3869,34,16,West,74.1,Average
903871,Driver_3870,47,8,East,90.9,Excellent
903872,Driver_3871,63,21,Central,92.5,Excellent
903873,Driver_3872,24,19,West,80.3,Good
903874,Driver_3873,49,8,North,68.3,Average
903875,Driver_3874,48,14,East,89.1,Good
903876,Driver_3875,44,22,Central,83.2,Good
903877,Driver_3876,52,1,Central,86.2,Good
903878,Driver_3877,54,30,Central,77.9,Good
903879,Driver_3878,42,0,South,78.3,Good
903880,Driver_3879,33,5,East,81.1,Good
903881,Driver_3880,44,2,Central,52.4,Low
903882,Driver_3881,36,17,Central,94.4,Excellent
903883,Driver_3882,62,25,South,70.5,Average
903884,Driver_3883,44,13,West,92.6,Excellent
903885,Driver_3884,21,23,South,50.8,Low
903886,Driver_3885,51,18,West,68.6,Average
903887,Driver_3886,25,23,North,72.4,Average
903888,Driver_3887,21,30,Central,61.1,Average
903889,Driver_3888,48,10,West,83.5,Good
903890,Driver_3889,48,10,South,51.2,Low
903891,Driver_3890,29,12,West,92.1,Excellent
903892,Driver_3891,51,28,West,94.0,Excellent
903893,Driver_3892,30,4,South,96.7,Excellent
903894,Driver_3893,61,2,North,75.9,Good
903895,Driver_3894,28,18,Central,65.9,Average
903896,Driver_3895,34,5,Central,98.7,Excellent
903897,Driver_3896,44,13,North,70.3,Average
903898,Driver_3897,32,8,West,92.1,Excellent
903899,Driver_3898,25,28,Central,69.0,Average
903900,Driver_3899,22,19,Central,95.5,Excellent
903901,Driver_3900,42,5,East,59.1,Low
903902,Driver_3901,59,22,West,69.3,Average
903903,Driver_3902,31,15,West,84.9,Good
903904,Driver_3903,41,14,North,71.8,Average
903905,Driver_3904,29,29,South,66.5,Average
903906,Driver_3905,33,27,East,59.4,Low
903907,Driver_3906,45,1,Central,62.4,Average
903908,Driver_3907,24,5,West,69.6,Average
903909,Driver_3908,52,26,East,64.8,Average
903910,Driver_3909,34,1,North,73.1,Average
903911,Driver_3910,38,7,Central,72.1,Average
903912,Driver_3911,45,9,South,95.0,Excellent
903913,Driver_3912,43,1,West,71.1,Average
903914,Driver_3913,36,21,North,90.9,Excellent
903915,Driver_3914,29,5,East,55.1,Low
903916,Driver_3915,57,26,North,54.3,Low
903917,Driver_3916,37,26,West,69.3,Average
903918,Driver_3917,29,5,North,62.9,Average
903919,Driver_3918,31,21,North,75.1,Good
903920,Driver_3919,60,8,Central,96.7,Excellent
903921,Driver_3920,55,24,South,85.0,Good
903922,Driver_3921,57,19,North,87.4,Good
903923,Driver_3922,37,7,East,72.5,Average
903924,Driver_3923,60,10,West,64.3,Average
903925,Driver_3924,39,6,South,89.8,Good
903926,Driver_3925,24,11,North,68.2,Average
903927,Driver_3926,44,22,South,53.6,Low
903928,Driver_3927,62,16,Central,77.6,Good
903929,Driver_3928,52,26,North,76.2,Good
903930,Driver_3929,26,6,West,53.6,Low
903931,Driver_3930,23,15,East,77.6,Good
903932,Driver_3931,38,24,South,71.1,Average
903933,Driver_3932,44,5,South,62.8,Average
903934,Driver_3933,41,26,West,63.1,Average
903935,Driver_3934,61,13,Central,78.5,Good
903936,Driver_3935,37,0,North,99.8,Excellent
903937,Driver_3936,53,1,South,61.1,Average
903938,Driver_3937,47,11,North,59.1,Low
903939,Driver_3938,62,4,West,93.3,Excellent
903940,Driver_3939,31,8,West,98.6,Excellent
903941,Driver_3940,63,13,Central,90.5,Excellent
903942,Driver_3941,31,19,West,74.6,Average
903943,Driver_3942,29,22,South,58.7,Low
903944,Driver_3943,44,13,South,71.1,Average
903945,Driver_3944,54,3,East,67.0,Average
903946,Driver_3945,40,19,Central,98.0,Excellent
903947,Driver_3946,52,19,West,73.9,Average
903948,Driver_3947,47,20,Central,61.0,Average
903949,Driver_3948,46,28,North,94.6,Excellent
903950,Driver_3949,51,22,East,68.5,Average
903951,Driver_3950,35,26,Central,60.0,Low
903952,Driver_3951,43,30,Central,50.9,Low
903953,Driver_3952,54,5,West,99.0,Excellent
903954,Driver_3953,27,15,West,80.4,Good
903955,Driver_3954,54,12,East,57.3,Low
903956,Driver_3955,27,6,Central,51.9,Low
903957,Driver_3956,49,10,South,57.5,Low
903958,Driver_3957,47,13,Central,91.2,Excellent
903959,Driver_3958,27,30,South,96.7,Excellent
903960,Driver_3959,22,0,East,61.0,Average
903961,Driver_3960,63,19,Central,65.2,Average
903962,Driver_3961,50,4,East,51.8,Low
903963,Driver_3962,43,5,South,56.4,Low
903964,Driver_3963,47,30,East,64.1,Average
903965,Driver_3964,57,24,South,53.0,Low
903966,Driver_3965,23,15,East,53.7,Low
903967,Driver_3966,34,22,East,68.4,Average
903968,Driver_3967,63,7,South,86.2,Good
903969,Driver_3968,39,21,West,77.6,Good
903970,Driver_3969,55,4,Central,93.7,Excellent
903971,Driver_3970,36,10,West,91.6,Excellent
903972,Driver_3971,48,12,Central,85.0,Good
903973,Driver_3972,26,21,North,70.0,Average
903974,Driver_3973,59,1,South,99.2,Excellent
903975,Driver_3974,60,22,East,90.5,Excellent
903976,Driver_3975,37,16,Central,81.3,Good
903977,Driver_3976,47,15,West,67.0,Average
903978,Driver_3977,46,3,East,83.7,Good
903979,Driver_3978,59,8,West,57.0,Low
903980,Driver_3979,60,17,East,89.6,Good
903981,Driver_3980,41,24,North,63.6,Average
903982,Driver_3981,23,2,East,83.6,Good
903983,Driver_3982,50,29,West,92.7,Excellent
903984,Driver_3983,25,25,North,95.2,Excellent
903985,Driver_3984,34,27,North,77.9,Good
903986,Driver_3985,22,9,North,52.9,Low
903987,Driver_3986,51,11,West,58.7,Low
903988,Driver_3987,56,22,South,51.2,Low
903989,Driver_3988,44,26,South,78.9,Good
903990,Driver_3989,29,3,South,98.2,Excellent
903991,Driver_3990,57,30,South,57.6,Low
903992,Driver_3991,59,30,West,59.4,Low
903993,Driver_3992,52,4,West,56.7,Low
903994,Driver_3993,25,28,West,93.2,Excellent
903995,Driver_3994,22,7,South,82.3,Good
903996,Driver_3995,47,3,East,72.1,Average
903997,Driver_3996,33,16,West,80.8,Good
903998,Driver_3997,52,9,South,72.1,Average
903999,Driver_3998,37,0,South,57.3,Low
904000,Driver_3999,60,29,West,99.7,Excellent
904001,Driver_4000,59,27,West,84.0,Good
904002,Driver_4001,25,19,South,96.9,Excellent
904003,Driver_4002,25,12,Central,59.5,Low
904004,Driver_4003,35,19,North,57.7,Low
904005,Driver_4004,52,6,South,51.5,Low
904006,Driver_4005,56,4,East,67.3,Average
904007,Driver_4006,50,17,East,74.5,Average
904008,Driver_4007,48,20,East,78.3,Good
904009,Driver_4008,59,0,West,86.9,Good
904010,Driver_4009,42,20,East,96.7,Excellent
904011,Driver_4010,26,29,West,67.9,Average
904012,Driver_4011,32,23,East,96.3,Excellent
904013,Driver_4012,59,6,North,95.5,Excellent
904014,Driver_4013,45,13,East,83.9,Good
904015,Driver_4014,49,14,West,98.6,Excellent
904016,Driver_4015,57,18,East,58.1,Low
904017,Driver_4016,24,14,West,73.3,Average
904018,Driver_4017,25,13,West,86.8,Good
904019,Driver_4018,62,16,East,53.6,Low
904020,Driver_4019,26,18,North,94.2,Excellent
904021,Driver_4020,33,24,East,86.0,Good
904022,Driver_4021,54,1,Central,65.1,Average
904023,Driver_4022,47,16,East,56.2,Low
904024,Driver_4023,63,7,South,78.1,Good
904025,Driver_4024,60,14,West,79.2,Good
904026,Driver_4025,25,23,West,86.2,Good
904027,Driver_4026,46,10,East,76.4,Good
904028,Driver_4027,45,8,North,70.3,Average
904029,Driver_4028,48,30,Central,75.8,Good
904030,Driver_4029,63,10,Central,58.6,Low
904031,Driver_4030,36,21,East,69.1,Average
904032,Driver_4031,40,29,South,86.9,Good
904033,Driver_4032,40,29,Central,77.7,Good
904034,Driver_4033,38,23,West,78.0,Good
904035,Driver_4034,42,4,East,82.1,Good
904036,Driver_4035,39,21,South,95.0,Excellent
904037,Driver_4036,24,12,Central,73.4,Average
904038,Driver_4037,29,12,West,98.6,Excellent
904039,Driver_4038,61,13,South,61.9,Average
904040,Driver_4039,36,22,North,70.9,Average
904041,Driver_4040,52,29,West,75.3,Good
904042,Driver_4041,60,12,North,52.6,Low
904043,Driver_4042,53,22,East,62.6,Average
904044,Driver_4043,38,15,East,84.7,Good
904045,Driver_4044,22,30,South,83.7,Good
904046,Driver_4045,46,7,South,97.1,Excellent
904047,Driver_4046,29,22,East,72.2,Average
904048,Driver_4047,23,3,East,70.6,Average
904049,Driver_4048,32,12,North,70.4,Average
904050,Driver_4049,46,0,South,76.1,Good
904051,Driver_4050,26,18,West,87.8,Good
904052,Driver_4051,30,3,Central,84.9,Good
904053,Driver_4052,48,1,West,74.7,Average
904054,Driver_4053,40,29,West,96.9,Excellent
904055,Driver_4054,63,2,North,95.4,Excellent
904056,Driver_4055,42,13,North,85.2,Good
904057,Driver_4056,33,7,South,55.8,Low
904058,Driver_4057,38,14,South,92.9,Excellent
904059,Driver_4058,39,14,North,69.3,Average
904060,Driver_4059,26,11,North,86.4,Good
904061,Driver_4060,53,11,South,94.1,Excellent
904062,Driver_4061,63,11,East,71.9,Average
904063,Driver_4062,36,30,North,88.2,Good
904064,Driver_4063,61,30,Central,55.9,Low
904065,Driver_4064,59,14,Central,52.0,Low
904066,Driver_4065,40,8,South,73.1,Average
904067,Driver_4066,37,24,Central,71.1,Average
904068,Driver_4067,45,8,West,89.8,Good
904069,Driver_4068,51,21,North,54.6,Low
904070,Driver_4069,52,20,Central,89.4,Good
904071,Driver_4070,60,13,North,76.7,Good
904072,Driver_4071,39,26,Central,54.9,Low
904073,Driver_4072,63,18,East,54.1,Low
904074,Driver_4073,28,19,East,61.5,Average
904075,Driver_4074,60,28,West,56.8,Low
904076,Driver_4075,54,17,South,72.3,Average
904077,Driver_4076,49,21,East,87.8,Good
904078,Driver_4077,46,11,North,91.6,Excellent
904079,Driver_4078,48,28,Central,81.7,Good
904080,Driver_4079,22,5,Central,97.7,Excellent
904081,Driver_4080,28,24,North,81.0,Good
904082,Driver_4081,30,23,North,81.3,Good
904083,Driver_4082,36,16,North,88.9,Good
904084,Driver_4083,50,10,South,90.3,Excellent
904085,Driver_4084,48,21,Central,83.9,Good
904086,Driver_4085,57,21,Central,67.9,Average
904087,Driver_4086,29,27,East,80.7,Good
904088,Driver_4087,48,27,South,66.5,Average
904089,Driver_4088,44,11,West,54.5,Low
904090,Driver_4089,26,16,Central,88.2,Good
904091,Driver_4090,49,29,North,62.7,Average
904092,Driver_4091,34,5,Central,67.9,Average
904093,Driver_4092,35,2,East,50.2,Low
904094,Driver_4093,41,0,East,66.8,Average
904095,Driver_4094,30,9,East,69.1,Average
904096,Driver_4095,22,18,Central,82.2,Good
904097,Driver_4096,52,12,South,79.4,Good
904098,Driver_4097,58,25,South,90.0,Good
904099,Driver_4098,50,11,West,57.8,Low
904100,Driver_4099,37,5,Central,65.1,Average
904101,Driver_4100,23,10,North,96.7,Excellent
904102,Driver_4101,60,15,North,59.3,Low
904103,Driver_4102,49,22,East,64.4,Average
904104,Driver_4103,49,8,North,58.0,Low
904105,Driver_4104,32,28,East,52.7,Low
904106,Driver_4105,61,29,South,61.6,Average
904107,Driver_4106,46,30,South,82.0,Good
904108,Driver_4107,23,18,East,74.7,Average
904109,Driver_4108,42,10,West,93.0,Excellent
904110,Driver_4109,48,0,Central,86.5,Good
904111,Driver_4110,62,13,North,69.0,Average
904112,Driver_4111,31,13,Central,75.7,Good
904113,Driver_4112,54,16,Central,87.8,Good
904114,Driver_4113,53,5,South,53.9,Low
904115,Driver_4114,60,24,West,62.5,Average
904116,Driver_4115,33,20,North,86.6,Good
904117,Driver_4116,62,0,North,54.6,Low
904118,Driver_4117,46,14,East,82.9,Good
904119,Driver_4118,38,5,South,80.0,Good
904120,Driver_4119,34,14,West,66.7,Average
904121,Driver_4120,63,0,Central,66.8,Average
904122,Driver_4121,61,4,South,91.9,Excellent
904123,Driver_4122,25,1,Central,97.5,Excellent
904124,Driver_4123,27,10,South,91.1,Excellent
904125,Driver_4124,39,28,Central,90.2,Excellent
904126,Driver_4125,52,3,Central,80.4,Good
904127,Driver_4126,39,8,South,92.6,Excellent
904128,Driver_4127,57,18,East,72.2,Average
904129,Driver_4128,54,14,West,80.7,Good
904130,Driver_4129,29,16,South,82.7,Good
904131,Driver_4130,25,5,West,62.5,Average
904132,Driver_4131,38,21,East,66.9,Average
904133,Driver_4132,58,26,East,61.1,Average
904134,Driver_4133,26,2,North,77.6,Good
904135,Driver_4134,45,12,North,94.2,Excellent
904136,Driver_4135,43,5,South,85.7,Good
904137,Driver_4136,56,18,South,99.7,Excellent
904138,Driver_4137,36,30,Central,51.4,Low
904139,Driver_4138,28,8,West,91.9,Excellent
904140,Driver_4139,63,10,Central,75.4,Good
904141,Driver_4140,41,15,East,75.4,Good
904142,Driver_4141,21,14,Central,81.4,Good
904143,Driver_4142,49,13,East,85.5,Good
904144,Driver_4143,57,28,Central,86.4,Good
904145,Driver_4144,24,0,West,59.4,Low
904146,Driver_4145,51,22,West,85.3,Good
904147,Driver_4146,24,27,East,96.9,Excellent
904148,Driver_4147,61,1,West,64.7,Average
904149,Driver_4148,45,13,Central,71.6,Average
904150,Driver_4149,46,21,West,67.9,Average
904151,Driver_4150,45,13,Central,92.8,Excellent
904152,Driver_4151,44,19,East,80.1,Good
904153,Driver_4152,24,21,Central,92.0,Excellent
904154,Driver_4153,42,24,East,93.9,Excellent
904155,Driver_4154,30,13,North,71.5,Average
904156,Driver_4155,30,30,Central,50.6,Low
904157,Driver_4156,43,5,East,80.6,Good
904158,Driver_4157,36,24,Central,63.3,Average
904159,Driver_4158,41,20,North,90.9,Excellent
904160,Driver_4159,54,20,North,70.9,Average
904161,Driver_4160,22,7,East,70.6,Average
904162,Driver_4161,60,2,South,95.9,Excellent
904163,Driver_4162,61,1,South,71.9,Average
904164,Driver_4163,60,18,North,65.1,Average
904165,Driver_4164,33,21,East,57.8,Low
904166,Driver_4165,27,21,North,53.0,Low
904167,Driver_4166,62,14,Central,59.5,Low
904168,Driver_4167,47,19,South,54.8,Low
904169,Driver_4168,57,23,Central,51.1,Low
904170,Driver_4169,48,4,North,99.5,Excellent
904171,Driver_4170,37,29,Central,76.3,Good
904172,Driver_4171,45,24,West,86.7,Good
904173,Driver_4172,32,27,West,78.5,Good
904174,Driver_4173,31,1,South,87.4,Good
904175,Driver_4174,58,26,East,85.7,Good
904176,Driver_4175,22,26,Central,60.9,Average
904177,Driver_4176,31,12,Central,52.1,Low
904178,Driver_4177,36,19,North,83.7,Good
904179,Driver_4178,46,30,South,55.8,Low
904180,Driver_4179,41,19,Central,61.1,Average
904181,Driver_4180,37,7,West,63.1,Average
904182,Driver_4181,38,24,South,99.1,Excellent
904183,Driver_4182,35,23,Central,68.5,Average
904184,Driver_4183,24,8,Central,63.6,Average
904185,Driver_4184,60,0,Central,53.0,Low
904186,Driver_4185,27,20,East,86.1,Good
904187,Driver_4186,26,30,West,91.7,Excellent
904188,Driver_4187,32,12,Central,88.9,Good
904189,Driver_4188,58,8,Central,68.5,Average
904190,Driver_4189,61,15,Central,89.8,Good
904191,Driver_4190,22,16,South,93.2,Excellent
904192,Driver_4191,43,0,North,59.2,Low
904193,Driver_4192,55,10,South,70.8,Average
904194,Driver_4193,28,5,East,90.4,Excellent
904195,Driver_4194,22,1,West,69.6,Average
904196,Driver_4195,27,6,North,80.9,Good
904197,Driver_4196,39,15,South,77.7,Good
904198,Driver_4197,55,2,South,82.5,Good
904199,Driver_4198,32,14,East,71.4,Average
904200,Driver_4199,40,25,Central,73.0,Average
904201,Driver_4200,59,21,North,94.8,Excellent
904202,Driver_4201,37,0,South,53.7,Low
904203,Driver_4202,47,6,East,51.3,Low
904204,Driver_4203,47,0,West,79.9,Good
904205,Driver_4204,62,27,Central,82.3,Good
904206,Driver_4205,43,15,West,71.6,Average
904207,Driver_4206,22,30,South,72.6,Average
904208,Driver_4207,58,9,North,94.1,Excellent
904209,Driver_4208,43,8,East,56.3,Low
904210,Driver_4209,31,7,North,58.8,Low
904211,Driver_4210,62,11,East,56.7,Low
904212,Driver_4211,53,10,North,84.3,Good
904213,Driver_4212,57,19,South,88.2,Good
904214,Driver_4213,57,22,East,90.5,Excellent
904215,Driver_4214,39,2,East,73.9,Average
904216,Driver_4215,33,19,East,75.0,Average
904217,Driver_4216,26,0,South,61.0,Average
904218,Driver_4217,48,11,West,72.6,Average
904219,Driver_4218,41,30,Central,64.4,Average
904220,Driver_4219,60,13,East,66.2,Average
904221,Driver_4220,27,20,West,65.8,Average
904222,Driver_4221,56,8,North,57.4,Low
904223,Driver_4222,61,13,East,60.9,Average
904224,Driver_4223,37,5,South,93.2,Excellent
904225,Driver_4224,60,17,South,97.6,Excellent
904226,Driver_4225,56,13,North,69.9,Average
904227,Driver_4226,30,19,Central,79.9,Good
904228,Driver_4227,53,11,Central,93.6,Excellent
904229,Driver_4228,59,16,East,79.8,Good
904230,Driver_4229,45,2,North,56.0,Low
904231,Driver_4230,54,21,North,72.8,Average
904232,Driver_4231,28,1,South,85.8,Good
904233,Driver_4232,32,21,North,73.2,Average
904234,Driver_4233,39,26,East,87.2,Good
904235,Driver_4234,55,5,East,74.9,Average
904236,Driver_4235,61,0,South,67.5,Average
904237,Driver_4236,45,10,North,59.1,Low
904238,Driver_4237,39,12,South,60.2,Average
904239,Driver_4238,27,16,South,55.4,Low
904240,Driver_4239,56,15,East,77.9,Good
904241,Driver_4240,60,7,West,98.5,Excellent
904242,Driver_4241,51,8,North,61.3,Average
904243,Driver_4242,58,20,East,83.8,Good
904244,Driver_4243,45,12,East,73.5,Average
904245,Driver_4244,58,7,West,73.9,Average
904246,Driver_4245,27,3,South,79.1,Good
904247,Driver_4246,31,23,Central,92.9,Excellent
904248,Driver_4247,36,15,West,95.4,Excellent
904249,Driver_4248,58,18,East,61.6,Average
904250,Driver_4249,60,18,West,72.0,Average
904251,Driver_4250,47,29,West,91.0,Excellent
904252,Driver_4251,63,11,South,70.6,Average
904253,Driver_4252,36,26,East,57.5,Low
904254,Driver_4253,21,19,North,57.0,Low
904255,Driver_4254,40,28,South,80.6,Good
904256,Driver_4255,51,6,Central,63.2,Average
904257,Driver_4256,32,12,South,69.1,Average
904258,Driver_4257,21,16,West,58.4,Low
904259,Driver_4258,45,7,North,54.9,Low
904260,Driver_4259,54,2,South,88.9,Good
904261,Driver_4260,39,10,North,98.4,Excellent
904262,Driver_4261,38,27,East,51.1,Low
904263,Driver_4262,37,9,North,53.5,Low
904264,Driver_4263,34,17,South,64.6,Average
904265,Driver_4264,29,29,West,82.7,Good
904266,Driver_4265,60,27,West,69.0,Average
904267,Driver_4266,22,19,East,74.6,Average
904268,Driver_4267,38,16,East,73.2,Average
904269,Driver_4268,58,27,Central,92.6,Excellent
904270,Driver_4269,29,7,South,87.9,Good
904271,Driver_4270,34,8,Central,58.0,Low
904272,Driver_4271,41,12,East,67.4,Average
904273,Driver_4272,44,26,South,95.7,Excellent
904274,Driver_4273,30,23,North,94.3,Excellent
904275,Driver_4274,56,16,West,82.8,Good
904276,Driver_4275,50,4,West,53.3,Low
904277,Driver_4276,37,19,East,83.5,Good
904278,Driver_4277,42,22,Central,67.1,Average
904279,Driver_4278,31,12,West,76.0,Good
904280,Driver_4279,36,19,North,81.3,Good
904281,Driver_4280,56,26,East,99.0,Excellent
904282,Driver_4281,44,9,East,78.7,Good
904283,Driver_4282,53,14,South,93.8,Excellent
904284,Driver_4283,61,0,South,83.8,Good
904285,Driver_4284,48,24,East,53.3,Low
904286,Driver_4285,61,28,East,61.5,Average
904287,Driver_4286,51,16,South,65.6,Average
904288,Driver_4287,41,2,North,80.7,Good
904289,Driver_4288,59,20,East,51.7,Low
904290,Driver_4289,35,20,Central,53.8,Low
904291,Driver_4290,42,30,East,65.0,Average
904292,Driver_4291,58,16,West,95.9,Excellent
904293,Driver_4292,45,7,North,53.9,Low
904294,Driver_4293,46,14,South,78.3,Good
904295,Driver_4294,31,20,South,98.4,Excellent
904296,Driver_4295,38,29,East,79.9,Good
904297,Driver_4296,61,24,North,64.3,Average
904298,Driver_4297,40,16,Central,81.3,Good
904299,Driver_4298,47,9,Central,74.4,Average
904300,Driver_4299,49,1,North,58.0,Low
904301,Driver_4300,44,28,North,71.8,Average
904302,Driver_4301,58,21,East,81.3,Good
904303,Driver_4302,62,18,South,63.6,Average
904304,Driver_4303,43,27,North,96.2,Excellent
904305,Driver_4304,61,29,East,68.0,Average
904306,Driver_4305,26,30,East,87.6,Good
904307,Driver_4306,45,24,South,94.5,Excellent
904308,Driver_4307,46,2,West,97.1,Excellent
904309,Driver_4308,50,20,North,93.5,Excellent
904310,Driver_4309,49,18,South,88.7,Good
904311,Driver_4310,21,5,Central,53.9,Low
904312,Driver_4311,23,15,North,86.9,Good
904313,Driver_4312,41,28,South,70.9,Average
904314,Driver_4313,51,21,South,62.1,Average
904315,Driver_4314,57,3,West,71.0,Average
904316,Driver_4315,38,19,West,62.3,Average
904317,Driver_4316,23,19,East,79.1,Good
904318,Driver_4317,54,30,North,95.6,Excellent
904319,Driver_4318,60,4,West,59.5,Low
904320,Driver_4319,57,30,West,52.6,Low
904321,Driver_4320,61,17,East,90.6,Excellent
904322,Driver_4321,23,25,Central,65.6,Average
904323,Driver_4322,57,24,East,60.2,Average
904324,Driver_4323,63,25,Central,63.3,Average
904325,Driver_4324,55,13,North,85.0,Good
904326,Driver_4325,55,4,North,90.0,Good
904327,Driver_4326,41,12,West,89.1,Good
904328,Driver_4327,59,0,Central,80.5,Good
904329,Driver_4328,55,22,East,62.0,Average
904330,Driver_4329,22,27,North,76.7,Good
904331,Driver_4330,51,14,South,81.1,Good
904332,Driver_4331,23,16,Central,93.1,Excellent
904333,Driver_4332,49,4,South,86.5,Good
904334,Driver_4333,39,30,North,86.5,Good
904335,Driver_4334,41,2,Central,73.7,Average
904336,Driver_4335,26,20,West,88.1,Good
904337,Driver_4336,31,20,North,80.8,Good
904338,Driver_4337,34,26,East,51.7,Low
904339,Driver_4338,37,8,West,59.0,Low
904340,Driver_4339,27,9,South,80.9,Good
904341,Driver_4340,22,26,West,83.2,Good
904342,Driver_4341,45,29,North,99.2,Excellent
904343,Driver_4342,28,27,Central,71.2,Average
904344,Driver_4343,55,6,Central,55.0,Low
904345,Driver_4344,37,17,South,92.6,Excellent
904346,Driver_4345,50,0,North,68.4,Average
904347,Driver_4346,46,25,North,51.6,Low
904348,Driver_4347,35,0,East,98.0,Excellent
904349,Driver_4348,39,26,East,77.8,Good
904350,Driver_4349,52,14,South,93.2,Excellent
904351,Driver_4350,36,18,Central,52.4,Low
904352,Driver_4351,44,24,North,90.4,Excellent
904353,Driver_4352,52,19,South,82.4,Good
904354,Driver_4353,55,1,North,89.7,Good
904355,Driver_4354,63,30,North,70.0,Average
904356,Driver_4355,29,2,North,77.5,Good
904357,Driver_4356,50,12,East,90.1,Excellent
904358,Driver_4357,44,3,West,81.4,Good
904359,Driver_4358,36,14,East,50.6,Low
904360,Driver_4359,54,0,North,54.0,Low
904361,Driver_4360,59,12,Central,95.4,Excellent
904362,Driver_4361,31,11,Central,94.7,Excellent
904363,Driver_4362,50,5,Central,82.7,Good
904364,Driver_4363,33,30,North,69.8,Average
904365,Driver_4364,26,17,South,76.9,Good
904366,Driver_4365,60,30,South,56.7,Low
904367,Driver_4366,49,15,West,63.9,Average
904368,Driver_4367,58,29,South,98.3,Excellent
904369,Driver_4368,62,4,West,99.1,Excellent
904370,Driver_4369,22,1,West,50.7,Low
904371,Driver_4370,27,14,South,59.0,Low
904372,Driver_4371,43,23,Central,56.2,Low
904373,Driver_4372,30,12,North,84.4,Good
904374,Driver_4373,62,30,South,61.3,Average
904375,Driver_4374,22,19,West,70.9,Average
904376,Driver_4375,37,14,Central,81.5,Good
904377,Driver_4376,63,13,Central,93.7,Excellent
904378,Driver_4377,25,10,North,92.4,Excellent
904379,Driver_4378,55,17,East,61.7,Average
904380,Driver_4379,44,1,North,75.8,Good
904381,Driver_4380,57,24,North,94.1,Excellent
904382,Driver_4381,48,9,East,65.5,Average
904383,Driver_4382,52,24,East,89.0,Good
904384,Driver_4383,32,21,North,91.7,Excellent
904385,Driver_4384,25,11,West,85.2,Good
904386,Driver_4385,59,19,North,58.8,Low
904387,Driver_4386,39,16,North,94.2,Excellent
904388,Driver_4387,53,22,Central,54.1,Low
904389,Driver_4388,52,11,West,65.5,Average
904390,Driver_4389,48,23,Central,90.9,Excellent
904391,Driver_4390,46,1,North,60.6,Average
904392,Driver_4391,62,21,Central,82.2,Good
904393,Driver_4392,29,13,South,70.2,Average
904394,Driver_4393,25,11,West,97.6,Excellent
904395,Driver_4394,24,9,North,57.7,Low
904396,Driver_4395,37,22,North,71.6,Average
904397,Driver_4396,23,6,South,85.7,Good
904398,Driver_4397,27,30,East,66.9,Average
904399,Driver_4398,33,24,South,89.0,Good
904400,Driver_4399,43,11,North,51.0,Low
904401,Driver_4400,55,27,North,64.6,Average
904402,Driver_4401,53,29,North,71.2,Average
904403,Driver_4402,27,9,West,78.5,Good
904404,Driver_4403,28,15,Central,51.3,Low
904405,Driver_4404,21,14,East,83.0,Good
904406,Driver_4405,58,17,North,74.9,Average
904407,Driver_4406,45,11,Central,91.4,Excellent
904408,Driver_4407,57,18,East,60.2,Average
904409,Driver_4408,48,9,Central,57.6,Low
904410,Driver_4409,58,6,North,70.0,Average
904411,Driver_4410,33,16,East,84.6,Good
904412,Driver_4411,62,30,South,56.1,Low
904413,Driver_4412,52,15,West,67.0,Average
904414,Driver_4413,23,11,Central,58.1,Low
904415,Driver_4414,50,5,Central,57.1,Low
904416,Driver_4415,62,10,North,80.6,Good
904417,Driver_4416,60,0,West,97.2,Excellent
904418,Driver_4417,22,5,East,56.6,Low
904419,Driver_4418,42,1,Central,56.7,Low
904420,Driver_4419,56,18,East,92.9,Excellent
904421,Driver_4420,62,9,North,54.3,Low
904422,Driver_4421,43,7,East,70.0,Average
904423,Driver_4422,42,23,North,52.8,Low
904424,Driver_4423,26,6,West,77.7,Good
904425,Driver_4424,51,17,Central,52.0,Low
904426,Driver_4425,28,7,Central,55.7,Low
904427,Driver_4426,56,0,East,50.1,Low
904428,Driver_4427,36,8,Central,72.5,Average
904429,Driver_4428,21,8,South,71.2,Average
904430,Driver_4429,39,8,North,78.5,Good
904431,Driver_4430,52,18,South,79.6,Good
904432,Driver_4431,54,14,South,79.3,Good
904433,Driver_4432,41,12,South,57.3,Low
904434,Driver_4433,48,11,East,98.9,Excellent
904435,Driver_4434,62,13,East,85.5,Good
904436,Driver_4435,62,23,North,86.6,Good
904437,Driver_4436,53,2,Central,54.5,Low
904438,Driver_4437,21,4,East,77.0,Good
904439,Driver_4438,23,20,Central,91.5,Excellent
904440,Driver_4439,35,30,North,51.8,Low
904441,Driver_4440,48,12,South,72.0,Average
904442,Driver_4441,52,20,West,65.9,Average
904443,Driver_4442,50,12,Central,98.1,Excellent
904444,Driver_4443,32,28,South,52.2,Low
904445,Driver_4444,35,29,North,70.7,Average
904446,Driver_4445,60,30,South,95.0,Excellent
904447,Driver_4446,30,10,West,77.9,Good
904448,Driver_4447,61,16,Central,72.1,Average
904449,Driver_4448,55,2,West,97.7,Excellent
904450,Driver_4449,53,29,East,86.5,Good
904451,Driver_4450,35,19,West,64.0,Average
904452,Driver_4451,58,13,South,96.6,Excellent
904453,Driver_4452,22,7,West,58.1,Low
904454,Driver_4453,56,12,East,84.1,Good
904455,Driver_4454,63,11,East,95.0,Excellent
904456,Driver_4455,28,20,South,71.9,Average
904457,Driver_4456,39,1,North,55.0,Low
904458,Driver_4457,45,3,West,62.7,Average
904459,Driver_4458,49,24,East,95.8,Excellent
904460,Driver_4459,32,24,Central,66.7,Average
904461,Driver_4460,63,9,Central,60.6,Average
904462,Driver_4461,60,20,West,53.4,Low
904463,Driver_4462,32,26,North,72.8,Average
904464,Driver_4463,46,17,East,84.4,Good
904465,Driver_4464,48,17,West,68.7,Average
904466,Driver_4465,47,6,North,79.7,Good
904467,Driver_4466,33,14,East,65.8,Average
904468,Driver_4467,34,1,North,80.9,Good
904469,Driver_4468,34,14,West,80.6,Good
904470,Driver_4469,42,26,Central,81.9,Good
904471,Driver_4470,36,1,West,60.5,Average
904472,Driver_4471,54,4,Central,70.5,Average
904473,Driver_4472,37,26,North,51.2,Low
904474,Driver_4473,30,23,East,52.8,Low
904475,Driver_4474,27,9,West,92.3,Excellent
904476,Driver_4475,26,6,East,63.2,Average
904477,Driver_4476,41,24,West,78.8,Good
904478,Driver_4477,56,12,South,95.8,Excellent
904479,Driver_4478,49,9,West,71.8,Average
904480,Driver_4479,24,13,East,71.2,Average
904481,Driver_4480,36,19,East,51.7,Low
904482,Driver_4481,53,16,West,70.7,Average
904483,Driver_4482,36,8,West,96.0,Excellent
904484,Driver_4483,49,10,South,95.4,Excellent
904485,Driver_4484,48,25,South,84.8,Good
904486,Driver_4485,63,24,East,84.6,Good
904487,Driver_4486,24,28,South,53.5,Low
904488,Driver_4487,41,2,South,61.0,Average
904489,Driver_4488,56,22,East,56.1,Low
904490,Driver_4489,30,5,North,69.4,Average
904491,Driver_4490,22,23,West,89.3,Good
904492,Driver_4491,23,5,Central,96.9,Excellent
904493,Driver_4492,22,22,Central,56.9,Low
904494,Driver_4493,28,25,West,87.5,Good
904495,Driver_4494,49,8,East,93.8,Excellent
904496,Driver_4495,25,19,Central,96.3,Excellent
904497,Driver_4496,23,15,South,55.2,Low
904498,Driver_4497,43,16,North,63.0,Average
904499,Driver_4498,30,8,South,81.0,Good
904500,Driver_4499,59,23,South,66.4,Average
904501,Driver_4500,62,1,West,73.2,Average
904502,Driver_4501,50,3,North,74.7,Average
904503,Driver_4502,22,24,West,97.1,Excellent
904504,Driver_4503,47,20,South,97.3,Excellent
904505,Driver_4504,59,23,North,96.1,Excellent
904506,Driver_4505,23,29,East,91.2,Excellent
904507,Driver_4506,38,26,West,70.5,Average
904508,Driver_4507,55,14,South,54.4,Low
904509,Driver_4508,55,17,Central,75.3,Good
904510,Driver_4509,50,22,East,78.2,Good
904511,Driver_4510,33,24,West,75.7,Good
904512,Driver_4511,45,29,South,51.2,Low
904513,Driver_4512,26,18,South,71.4,Average
904514,Driver_4513,39,15,East,53.5,Low
904515,Driver_4514,34,10,South,98.8,Excellent
904516,Driver_4515,28,27,North,60.5,Average
904517,Driver_4516,21,28,North,63.2,Average
904518,Driver_4517,41,25,East,70.6,Average
904519,Driver_4518,54,14,West,87.0,Good
904520,Driver_4519,41,27,North,84.9,Good
904521,Driver_4520,25,15,South,82.7,Good
904522,Driver_4521,47,19,West,75.0,Average
904523,Driver_4522,45,15,West,61.4,Average
904524,Driver_4523,59,14,West,73.5,Average
904525,Driver_4524,21,21,West,69.0,Average
904526,Driver_4525,39,19,North,80.7,Good
904527,Driver_4526,30,19,South,71.3,Average
904528,Driver_4527,47,13,West,70.9,Average
904529,Driver_4528,22,11,North,51.8,Low
904530,Driver_4529,41,9,Central,97.1,Excellent
904531,Driver_4530,41,30,West,64.0,Average
904532,Driver_4531,43,13,East,93.5,Excellent
904533,Driver_4532,49,6,West,53.2,Low
904534,Driver_4533,55,13,South,85.6,Good
904535,Driver_4534,47,25,North,73.5,Average
904536,Driver_4535,27,20,North,56.3,Low
904537,Driver_4536,49,17,West,61.1,Average
904538,Driver_4537,30,11,South,57.4,Low
904539,Driver_4538,54,9,North,54.2,Low
904540,Driver_4539,29,23,South,79.8,Good
904541,Driver_4540,22,6,West,70.0,Average
904542,Driver_4541,57,14,East,64.6,Average
904543,Driver_4542,29,2,Central,79.1,Good
904544,Driver_4543,37,28,West,61.9,Average
904545,Driver_4544,56,5,Central,69.1,Average
904546,Driver_4545,30,17,East,63.7,Average
904547,Driver_4546,37,9,West,66.1,Average
904548,Driver_4547,44,1,South,71.1,Average
904549,Driver_4548,21,15,South,93.2,Excellent
904550,Driver_4549,37,12,Central,80.9,Good
904551,Driver_4550,46,3,South,85.4,Good
904552,Driver_4551,50,24,South,86.0,Good
904553,Driver_4552,58,4,South,64.4,Average
904554,Driver_4553,41,2,Central,89.5,Good
904555,Driver_4554,36,5,West,56.6,Low
904556,Driver_4555,43,19,East,76.2,Good
904557,Driver_4556,59,24,East,89.7,Good
904558,Driver_4557,41,16,East,76.6,Good
904559,Driver_4558,21,25,Central,97.4,Excellent
904560,Driver_4559,35,22,South,62.3,Average
904561,Driver_4560,43,20,Central,85.5,Good
904562,Driver_4561,47,28,Central,99.2,Excellent
904563,Driver_4562,52,11,East,88.9,Good
904564,Driver_4563,43,16,South,68.4,Average
904565,Driver_4564,45,27,South,60.1,Average
904566,Driver_4565,61,2,Central,91.2,Excellent
904567,Driver_4566,61,0,West,56.6,Low
904568,Driver_4567,47,0,South,96.7,Excellent
904569,Driver_4568,55,24,South,60.0,Low
904570,Driver_4569,37,6,North,66.9,Average
904571,Driver_4570,36,24,West,90.4,Excellent
904572,Driver_4571,24,24,North,65.1,Average
904573,Driver_4572,46,23,Central,96.9,Excellent
904574,Driver_4573,22,7,South,90.9,Excellent
904575,Driver_4574,42,3,Central,59.6,Low
904576,Driver_4575,53,6,West,90.0,Good
904577,Driver_4576,48,15,Central,99.7,Excellent
904578,Driver_4577,26,0,West,62.6,Average
904579,Driver_4578,63,27,South,91.4,Excellent
904580,Driver_4579,52,22,East,61.7,Average
904581,Driver_4580,25,19,West,77.7,Good
904582,Driver_4581,46,2,East,86.9,Good
904583,Driver_4582,25,15,East,84.6,Good
904584,Driver_4583,35,16,Central,70.0,Average
904585,Driver_4584,56,2,West,99.1,Excellent
904586,Driver_4585,42,12,South,65.8,Average
904587,Driver_4586,44,2,South,85.4,Good
904588,Driver_4587,55,8,West,65.7,Average
904589,Driver_4588,51,6,North,72.9,Average
904590,Driver_4589,47,15,Central,89.5,Good
904591,Driver_4590,49,1,Central,89.8,Good
904592,Driver_4591,38,4,West,85.9,Good
904593,Driver_4592,41,26,Central,83.1,Good
904594,Driver_4593,44,20,West,73.4,Average
904595,Driver_4594,53,20,Central,65.1,Average
904596,Driver_4595,60,25,South,68.4,Average
904597,Driver_4596,51,6,South,78.9,Good
904598,Driver_4597,59,23,South,58.6,Low
904599,Driver_4598,54,0,West,65.2,Average
904600,Driver_4599,39,15,West,57.5,Low
904601,Driver_4600,37,28,South,91.1,Excellent
904602,Driver_4601,42,5,Central,93.1,Excellent
904603,Driver_4602,37,15,South,53.9,Low
904604,Driver_4603,58,26,East,62.9,Average
904605,Driver_4604,26,10,North,61.8,Average
904606,Driver_4605,28,10,West,62.7,Average
904607,Driver_4606,40,16,Central,76.1,Good
904608,Driver_4607,58,22,West,56.6,Low
904609,Driver_4608,39,28,West,68.5,Average
904610,Driver_4609,47,25,North,73.5,Average
904611,Driver_4610,25,18,North,77.2,Good
904612,Driver_4611,48,26,South,72.1,Average
904613,Driver_4612,26,16,East,85.9,Good
904614,Driver_4613,36,16,Central,91.6,Excellent
904615,Driver_4614,55,2,South,86.5,Good
904616,Driver_4615,29,24,West,53.0,Low
904617,Driver_4616,21,0,West,58.3,Low
904618,Driver_4617,39,9,South,88.9,Good
904619,Driver_4618,25,22,West,67.0,Average
904620,Driver_4619,32,25,North,76.4,Good
904621,Driver_4620,42,2,Central,52.0,Low
904622,Driver_4621,55,24,South,93.9,Excellent
904623,Driver_4622,60,26,West,94.9,Excellent
904624,Driver_4623,24,14,Central,54.3,Low
904625,Driver_4624,33,1,North,60.2,Average
904626,Driver_4625,48,1,South,79.3,Good
904627,Driver_4626,35,1,North,79.4,Good
904628,Driver_4627,59,27,South,54.2,Low
904629,Driver_4628,35,22,East,51.2,Low
904630,Driver_4629,26,21,Central,90.1,Excellent
904631,Driver_4630,33,19,Central,56.3,Low
904632,Driver_4631,45,29,North,88.7,Good
904633,Driver_4632,42,11,North,87.7,Good
904634,Driver_4633,28,10,East,77.7,Good
904635,Driver_4634,52,26,East,67.7,Average
904636,Driver_4635,28,30,East,58.5,Low
904637,Driver_4636,59,22,South,83.3,Good
904638,Driver_4637,58,13,North,53.1,Low
904639,Driver_4638,40,2,South,99.8,Excellent
904640,Driver_4639,58,29,South,73.1,Average
904641,Driver_4640,62,11,Central,50.9,Low
904642,Driver_4641,49,4,East,89.9,Good
904643,Driver_4642,38,4,Central,83.2,Good
904644,Driver_4643,33,7,Central,68.1,Average
904645,Driver_4644,39,8,East,61.5,Average
904646,Driver_4645,59,2,West,98.3,Excellent
904647,Driver_4646,54,17,Central,61.5,Average
904648,Driver_4647,31,18,South,79.4,Good
904649,Driver_4648,31,10,Central,57.3,Low
904650,Driver_4649,48,4,North,88.5,Good
904651,Driver_4650,59,27,North,78.7,Good
904652,Driver_4651,55,27,South,68.8,Average
904653,Driver_4652,34,11,West,94.0,Excellent
904654,Driver_4653,52,28,North,97.5,Excellent
904655,Driver_4654,33,29,East,79.9,Good
904656,Driver_4655,45,6,North,75.2,Good
904657,Driver_4656,23,5,Central,79.8,Good
904658,Driver_4657,54,3,Central,97.4,Excellent
904659,Driver_4658,43,6,West,55.3,Low
904660,Driver_4659,22,4,Central,66.1,Average
904661,Driver_4660,56,21,Central,55.5,Low
904662,Driver_4661,61,3,Central,79.9,Good
904663,Driver_4662,24,13,Central,63.4,Average
904664,Driver_4663,25,30,Central,65.9,Average
904665,Driver_4664,62,24,West,67.7,Average
904666,Driver_4665,59,5,West,90.5,Excellent
904667,Driver_4666,42,22,Central,98.0,Excellent
904668,Driver_4667,31,0,East,76.2,Good
904669,Driver_4668,62,16,East,50.0,Low
904670,Driver_4669,63,12,North,61.6,Average
904671,Driver_4670,51,1,North,90.2,Excellent
904672,Driver_4671,28,14,South,63.0,Average
904673,Driver_4672,55,17,North,99.4,Excellent
904674,Driver_4673,56,30,West,71.5,Average
904675,Driver_4674,39,1,East,61.4,Average
904676,Driver_4675,26,23,Central,93.1,Excellent
904677,Driver_4676,45,8,West,96.8,Excellent
904678,Driver_4677,45,21,South,83.9,Good
904679,Driver_4678,61,21,West,74.1,Average
904680,Driver_4679,32,4,West,80.8,Good
904681,Driver_4680,43,23,East,58.8,Low
904682,Driver_4681,63,26,Central,87.1,Good
904683,Driver_4682,46,18,West,64.0,Average
904684,Driver_4683,62,24,Central,76.2,Good
904685,Driver_4684,34,9,East,50.6,Low
904686,Driver_4685,37,7,North,98.9,Excellent
904687,Driver_4686,35,17,Central,81.8,Good
904688,Driver_4687,34,11,Central,76.3,Good
904689,Driver_4688,40,18,Central,60.5,Average
904690,Driver_4689,45,0,Central,52.9,Low
904691,Driver_4690,40,30,West,73.4,Average
904692,Driver_4691,59,16,South,92.0,Excellent
904693,Driver_4692,48,25,South,90.9,Excellent
904694,Driver_4693,36,25,South,53.3,Low
904695,Driver_4694,57,26,West,52.6,Low
904696,Driver_4695,37,11,West,95.6,Excellent
904697,Driver_4696,57,8,Central,92.0,Excellent
904698,Driver_4697,63,24,Central,77.9,Good
904699,Driver_4698,22,5,North,93.9,Excellent
904700,Driver_4699,55,24,South,98.2,Excellent
904701,Driver_4700,23,17,East,93.2,Excellent
904702,Driver_4701,26,6,North,55.9,Low
904703,Driver_4702,47,2,Central,75.5,Good
904704,Driver_4703,49,23,North,97.2,Excellent
904705,Driver_4704,48,26,Central,86.6,Good
904706,Driver_4705,43,0,South,73.0,Average
904707,Driver_4706,48,14,East,74.4,Average
904708,Driver_4707,57,1,Central,80.0,Good
904709,Driver_4708,56,0,Central,97.0,Excellent
904710,Driver_4709,38,14,Central,86.4,Good
904711,Driver_4710,24,5,West,85.8,Good
904712,Driver_4711,56,23,North,74.9,Average
904713,Driver_4712,63,16,East,61.3,Average
904714,Driver_4713,57,19,East,58.5,Low
904715,Driver_4714,63,21,Central,88.0,Good
904716,Driver_4715,60,26,Central,77.9,Good
904717,Driver_4716,47,21,Central,72.4,Average
904718,Driver_4717,63,6,West,55.0,Low
904719,Driver_4718,49,25,South,77.3,Good
904720,Driver_4719,30,17,South,68.6,Average
904721,Driver_4720,33,10,Central,62.0,Average
904722,Driver_4721,54,24,West,64.3,Average
904723,Driver_4722,45,29,Central,70.7,Average
904724,Driver_4723,25,28,Central,65.7,Average
904725,Driver_4724,63,3,East,58.1,Low
904726,Driver_4725,60,15,North,94.0,Excellent
904727,Driver_4726,33,14,South,86.3,Good
904728,Driver_4727,47,0,West,58.6,Low
904729,Driver_4728,59,7,South,93.2,Excellent
904730,Driver_4729,47,25,West,63.2,Average
904731,Driver_4730,34,30,West,94.0,Excellent
904732,Driver_4731,25,26,South,98.4,Excellent
904733,Driver_4732,58,5,East,77.6,Good
904734,Driver_4733,60,15,North,98.8,Excellent
904735,Driver_4734,42,12,Central,96.9,Excellent
904736,Driver_4735,51,5,East,91.3,Excellent
904737,Driver_4736,54,17,East,71.3,Average
904738,Driver_4737,45,14,East,72.0,Average
904739,Driver_4738,50,25,Central,57.1,Low
904740,Driver_4739,55,30,South,82.5,Good
904741,Driver_4740,55,29,North,95.3,Excellent
904742,Driver_4741,46,19,West,70.8,Average
904743,Driver_4742,54,13,Central,65.1,Average
904744,Driver_4743,44,8,Central,91.9,Excellent
904745,Driver_4744,61,14,Central,64.1,Average
904746,Driver_4745,23,9,Central,56.4,Low
904747,Driver_4746,33,18,Central,86.4,Good
904748,Driver_4747,28,8,South,99.9,Excellent
904749,Driver_4748,45,6,South,76.3,Good
904750,Driver_4749,21,7,West,58.7,Low
904751,Driver_4750,37,5,East,95.6,Excellent
904752,Driver_4751,57,10,North,97.8,Excellent
904753,Driver_4752,47,11,West,80.0,Good
904754,Driver_4753,40,26,South,51.3,Low
904755,Driver_4754,34,7,Central,63.1,Average
904756,Driver_4755,50,5,Central,69.0,Average
904757,Driver_4756,24,20,South,82.6,Good
904758,Driver_4757,23,30,South,56.0,Low
904759,Driver_4758,46,4,South,60.4,Average
904760,Driver_4759,54,20,East,92.4,Excellent
904761,Driver_4760,43,11,Central,54.0,Low
904762,Driver_4761,63,0,West,68.5,Average
904763,Driver_4762,56,11,South,75.6,Good
904764,Driver_4763,28,21,South,76.3,Good
904765,Driver_4764,36,1,West,53.9,Low
904766,Driver_4765,41,15,East,88.2,Good
904767,Driver_4766,21,28,East,53.1,Low
904768,Driver_4767,48,11,North,86.1,Good
904769,Driver_4768,53,11,North,70.5,Average
904770,Driver_4769,47,8,West,61.0,Average
904771,Driver_4770,57,15,North,53.2,Low
904772,Driver_4771,54,21,North,80.8,Good
904773,Driver_4772,49,12,Central,84.1,Good
904774,Driver_4773,48,7,North,84.2,Good
904775,Driver_4774,52,21,West,84.6,Good
904776,Driver_4775,29,11,North,87.4,Good
904777,Driver_4776,63,25,South,54.0,Low
904778,Driver_4777,31,20,East,58.1,Low
904779,Driver_4778,42,13,West,53.4,Low
904780,Driver_4779,53,10,West,85.5,Good
904781,Driver_4780,60,14,South,85.4,Good
904782,Driver_4781,46,11,East,84.7,Good
904783,Driver_4782,30,11,North,75.0,Average
904784,Driver_4783,42,7,Central,57.2,Low
904785,Driver_4784,39,6,North,84.0,Good
904786,Driver_4785,53,13,East,83.2,Good
904787,Driver_4786,48,3,South,55.1,Low
904788,Driver_4787,37,19,South,84.3,Good
904789,Driver_4788,34,27,Central,58.4,Low
904790,Driver_4789,41,24,South,52.3,Low
904791,Driver_4790,34,14,West,73.4,Average
904792,Driver_4791,29,8,Central,98.1,Excellent
904793,Driver_4792,26,14,East,98.8,Excellent
904794,Driver_4793,50,24,South,94.2,Excellent
904795,Driver_4794,53,15,South,80.4,Good
904796,Driver_4795,40,0,South,95.5,Excellent
904797,Driver_4796,46,22,East,76.3,Good
904798,Driver_4797,41,25,West,93.5,Excellent
904799,Driver_4798,41,15,Central,69.8,Average
904800,Driver_4799,54,12,West,72.8,Average
904801,Driver_4800,21,22,Central,77.3,Good
904802,Driver_4801,37,5,East,95.1,Excellent
904803,Driver_4802,54,3,West,61.0,Average
904804,Driver_4803,48,3,South,65.9,Average
904805,Driver_4804,44,13,East,60.0,Low
904806,Driver_4805,36,9,South,60.0,Low
904807,Driver_4806,35,25,North,89.4,Good
904808,Driver_4807,22,29,East,91.7,Excellent
904809,Driver_4808,47,21,Central,65.5,Average
904810,Driver_4809,38,18,East,83.5,Good
904811,Driver_4810,50,0,East,70.7,Average
904812,Driver_4811,53,1,Central,63.7,Average
904813,Driver_4812,46,14,East,62.3,Average
904814,Driver_4813,26,9,Central,84.9,Good
904815,Driver_4814,46,26,North,65.5,Average
904816,Driver_4815,59,17,Central,80.2,Good
904817,Driver_4816,22,13,West,94.5,Excellent
904818,Driver_4817,38,24,North,78.5,Good
904819,Driver_4818,29,0,East,81.9,Good
904820,Driver_4819,60,16,South,83.7,Good
904821,Driver_4820,22,2,East,94.4,Excellent
904822,Driver_4821,51,2,South,89.3,Good
904823,Driver_4822,39,11,East,72.0,Average
904824,Driver_4823,29,1,West,70.2,Average
904825,Driver_4824,44,26,West,54.1,Low
904826,Driver_4825,37,27,South,75.9,Good
904827,Driver_4826,49,12,Central,62.0,Average
904828,Driver_4827,42,3,East,66.5,Average
904829,Driver_4828,26,29,North,54.0,Low
904830,Driver_4829,25,12,West,63.2,Average
904831,Driver_4830,54,24,North,90.8,Excellent
904832,Driver_4831,23,9,Central,50.8,Low
904833,Driver_4832,32,22,North,66.8,Average
904834,Driver_4833,61,12,North,92.2,Excellent
904835,Driver_4834,25,16,West,90.6,Excellent
904836,Driver_4835,35,28,South,80.6,Good
904837,Driver_4836,29,29,West,89.3,Good
904838,Driver_4837,60,24,West,50.7,Low
904839,Driver_4838,59,19,North,60.5,Average
904840,Driver_4839,48,15,East,58.9,Low
904841,Driver_4840,45,10,East,55.7,Low
904842,Driver_4841,61,26,Central,93.4,Excellent
904843,Driver_4842,34,24,East,62.4,Average
904844,Driver_4843,42,14,West,91.5,Excellent
904845,Driver_4844,24,3,Central,69.2,Average
904846,Driver_4845,55,5,South,99.4,Excellent
904847,Driver_4846,24,21,West,84.6,Good
904848,Driver_4847,60,15,Central,75.5,Good
904849,Driver_4848,46,17,South,50.7,Low
904850,Driver_4849,58,25,North,55.7,Low
904851,Driver_4850,48,4,South,65.9,Average
904852,Driver_4851,26,2,South,90.3,Excellent
904853,Driver_4852,28,1,Central,75.9,Good
904854,Driver_4853,22,21,East,53.4,Low
904855,Driver_4854,56,17,Central,75.4,Good
904856,Driver_4855,28,24,East,58.9,Low
904857,Driver_4856,44,17,West,56.0,Low
904858,Driver_4857,39,19,East,70.3,Average
904859,Driver_4858,28,28,South,71.4,Average
904860,Driver_4859,37,15,North,57.3,Low
904861,Driver_4860,57,3,East,54.0,Low
904862,Driver_4861,57,15,East,81.7,Good
904863,Driver_4862,45,1,North,84.7,Good
904864,Driver_4863,24,10,South,65.9,Average
904865,Driver_4864,56,29,North,71.7,Average
904866,Driver_4865,31,22,West,71.2,Average
904867,Driver_4866,61,15,Central,74.1,Average
904868,Driver_4867,42,23,Central,96.4,Excellent
904869,Driver_4868,42,20,Central,60.3,Average
904870,Driver_4869,23,30,West,81.7,Good
904871,Driver_4870,59,5,East,55.8,Low
904872,Driver_4871,35,5,West,65.4,Average
904873,Driver_4872,51,23,North,60.3,Average
904874,Driver_4873,42,21,Central,66.5,Average
904875,Driver_4874,56,26,South,100.0,Excellent
904876,Driver_4875,51,15,North,78.0,Good
904877,Driver_4876,46,6,East,50.2,Low
904878,Driver_4877,39,19,Central,51.5,Low
904879,Driver_4878,49,26,East,63.8,Average
904880,Driver_4879,45,2,North,58.1,Low
904881,Driver_4880,43,20,Central,97.2,Excellent
904882,Driver_4881,63,3,East,82.3,Good
904883,Driver_4882,38,19,East,97.9,Excellent
904884,Driver_4883,48,23,South,75.5,Good
904885,Driver_4884,24,11,South,85.5,Good
904886,Driver_4885,62,4,East,98.7,Excellent
904887,Driver_4886,24,5,North,79.5,Good
904888,Driver_4887,44,30,East,84.1,Good
904889,Driver_4888,40,4,Central,65.7,Average
904890,Driver_4889,25,27,Central,62.6,Average
904891,Driver_4890,58,12,West,79.9,Good
904892,Driver_4891,49,0,West,78.8,Good
904893,Driver_4892,57,28,North,50.8,Low
904894,Driver_4893,50,0,East,80.2,Good
904895,Driver_4894,56,3,North,82.8,Good
904896,Driver_4895,37,1,North,67.6,Average
904897,Driver_4896,46,5,Central,80.7,Good
904898,Driver_4897,23,5,West,73.8,Average
904899,Driver_4898,21,4,East,59.4,Low
904900,Driver_4899,62,11,North,53.4,Low
904901,Driver_4900,54,2,South,83.9,Good
904902,Driver_4901,42,13,Central,72.2,Average
904903,Driver_4902,46,28,West,92.4,Excellent
904904,Driver_4903,37,13,North,50.9,Low
904905,Driver_4904,51,29,East,69.3,Average
904906,Driver_4905,61,6,South,52.1,Low
904907,Driver_4906,61,22,North,89.4,Good
904908,Driver_4907,32,12,North,77.8,Good
904909,Driver_4908,51,1,South,54.0,Low
904910,Driver_4909,34,4,West,52.8,Low
904911,Driver_4910,29,5,West,62.0,Average
904912,Driver_4911,51,1,East,86.7,Good
904913,Driver_4912,60,29,East,84.2,Good
904914,Driver_4913,62,10,Central,98.4,Excellent
904915,Driver_4914,22,29,South,89.4,Good
904916,Driver_4915,55,18,East,64.4,Average
904917,Driver_4916,55,17,West,95.4,Excellent
904918,Driver_4917,49,6,East,74.2,Average
904919,Driver_4918,32,5,West,72.0,Average
904920,Driver_4919,21,24,East,60.7,Average
904921,Driver_4920,44,5,West,79.3,Good
904922,Driver_4921,50,12,East,53.3,Low
904923,Driver_4922,39,25,West,89.5,Good
904924,Driver_4923,24,22,Central,72.6,Average
904925,Driver_4924,53,25,East,70.7,Average
904926,Driver_4925,24,0,South,54.7,Low
904927,Driver_4926,54,15,West,80.7,Good
904928,Driver_4927,24,6,South,84.7,Good
904929,Driver_4928,25,12,West,65.3,Average
904930,Driver_4929,28,28,South,67.2,Average
904931,Driver_4930,34,10,Central,57.5,Low
904932,Driver_4931,33,15,East,68.5,Average
904933,Driver_4932,30,2,Central,54.2,Low
904934,Driver_4933,23,3,West,74.0,Average
904935,Driver_4934,57,28,South,81.6,Good
904936,Driver_4935,40,23,Central,76.8,Good
904937,Driver_4936,60,25,North,75.7,Good
904938,Driver_4937,35,29,North,53.0,Low
904939,Driver_4938,45,16,Central,94.3,Excellent
904940,Driver_4939,54,18,North,63.0,Average
904941,Driver_4940,62,10,North,52.7,Low
904942,Driver_4941,36,24,South,84.0,Good
904943,Driver_4942,60,17,East,69.1,Average
904944,Driver_4943,58,18,East,87.0,Good
904945,Driver_4944,62,17,West,83.7,Good
904946,Driver_4945,31,29,East,78.5,Good
904947,Driver_4946,27,12,North,86.5,Good
904948,Driver_4947,61,28,Central,89.9,Good
904949,Driver_4948,35,7,North,69.8,Average
904950,Driver_4949,30,9,Central,87.3,Good
904951,Driver_4950,50,29,South,57.9,Low
904952,Driver_4951,39,30,East,87.0,Good
904953,Driver_4952,50,6,North,76.5,Good
904954,Driver_4953,32,4,Central,80.6,Good
904955,Driver_4954,39,10,Central,78.1,Good
904956,Driver_4955,53,7,North,96.7,Excellent
904957,Driver_4956,35,30,South,93.1,Excellent
904958,Driver_4957,50,6,South,89.4,Good
904959,Driver_4958,46,11,Central,52.9,Low
904960,Driver_4959,30,30,South,86.7,Good
904961,Driver_4960,26,7,East,73.8,Average
904962,Driver_4961,50,5,North,94.9,Excellent
904963,Driver_4962,58,4,East,61.0,Average
904964,Driver_4963,56,6,South,85.9,Good
904965,Driver_4964,37,9,North,75.8,Good
904966,Driver_4965,36,27,West,65.3,Average
904967,Driver_4966,43,19,North,74.6,Average
904968,Driver_4967,29,23,South,93.2,Excellent
904969,Driver_4968,32,2,West,92.8,Excellent
904970,Driver_4969,58,25,East,59.5,Low
904971,Driver_4970,54,19,South,91.0,Excellent
904972,Driver_4971,62,1,Central,90.0,Good
904973,Driver_4972,55,24,West,83.8,Good
904974,Driver_4973,24,15,East,89.2,Good
904975,Driver_4974,57,26,Central,50.5,Low
904976,Driver_4975,41,25,East,76.5,Good
904977,Driver_4976,30,10,South,96.5,Excellent
904978,Driver_4977,33,13,East,85.0,Good
904979,Driver_4978,51,18,North,95.2,Excellent
904980,Driver_4979,49,6,South,55.7,Low
904981,Driver_4980,38,5,West,79.0,Good
904982,Driver_4981,34,16,Central,56.1,Low
904983,Driver_4982,50,29,East,65.9,Average
904984,Driver_4983,52,24,North,71.0,Average
904985,Driver_4984,26,27,North,71.3,Average
904986,Driver_4985,46,22,South,79.8,Good
904987,Driver_4986,61,10,North,70.0,Average
904988,Driver_4987,46,25,South,73.3,Average
904989,Driver_4988,61,23,Central,85.7,Good
904990,Driver_4989,38,8,East,66.9,Average
904991,Driver_4990,46,20,East,52.5,Low
904992,Driver_4991,33,19,South,65.4,Average
904993,Driver_4992,23,26,West,95.7,Excellent
904994,Driver_4993,39,30,West,95.7,Excellent
904995,Driver_4994,61,18,East,64.8,Average
904996,Driver_4995,21,24,North,90.3,Excellent
904997,Driver_4996,52,18,West,83.7,Good
904998,Driver_4997,42,14,West,61.2,Average
904999,Driver_4998,26,10,West,78.4,Good
905000,Driver_4999,31,15,South,88.3,Good
905001,Driver_5000,45,5,North,74.3,Average
905002,Driver_5001,30,2,West,81.9,Good
905003,Driver_5002,33,13,East,52.9,Low
905004,Driver_5003,44,10,North,66.8,Average
905005,Driver_5004,51,0,East,80.8,Good
905006,Driver_5005,56,27,South,88.5,Good
905007,Driver_5006,39,11,East,85.9,Good
905008,Driver_5007,23,9,East,65.8,Average
905009,Driver_5008,53,12,North,93.0,Excellent
905010,Driver_5009,34,24,Central,66.0,Average
905011,Driver_5010,28,2,North,96.3,Excellent
905012,Driver_5011,42,29,North,88.0,Good
905013,Driver_5012,25,17,South,81.2,Good
905014,Driver_5013,33,20,South,62.4,Average
905015,Driver_5014,51,10,Central,74.0,Average
905016,Driver_5015,49,14,Central,72.0,Average
905017,Driver_5016,58,8,East,87.4,Good
905018,Driver_5017,34,30,Central,86.7,Good
905019,Driver_5018,43,0,South,97.9,Excellent
905020,Driver_5019,28,6,Central,87.3,Good
905021,Driver_5020,32,10,Central,53.2,Low
905022,Driver_5021,44,28,East,97.0,Excellent
905023,Driver_5022,46,8,South,61.6,Average
905024,Driver_5023,45,29,South,68.1,Average
905025,Driver_5024,36,6,East,79.2,Good
905026,Driver_5025,23,17,East,62.2,Average
905027,Driver_5026,61,10,West,74.5,Average
905028,Driver_5027,48,28,North,95.0,Excellent
905029,Driver_5028,50,22,Central,90.4,Excellent
905030,Driver_5029,35,28,Central,97.0,Excellent
905031,Driver_5030,22,16,West,78.7,Good
905032,Driver_5031,46,29,East,89.0,Good
905033,Driver_5032,27,28,South,63.1,Average
905034,Driver_5033,29,21,North,76.6,Good
905035,Driver_5034,34,23,South,88.7,Good
905036,Driver_5035,42,16,North,81.3,Good
905037,Driver_5036,42,24,North,76.2,Good
905038,Driver_5037,51,24,East,89.2,Good
905039,Driver_5038,54,19,West,67.6,Average
905040,Driver_5039,54,20,East,58.8,Low
905041,Driver_5040,50,26,East,79.5,Good
905042,Driver_5041,22,12,Central,53.0,Low
905043,Driver_5042,55,2,South,94.5,Excellent
905044,Driver_5043,28,22,East,89.3,Good
905045,Driver_5044,25,22,North,53.4,Low
905046,Driver_5045,43,3,West,95.8,Excellent
905047,Driver_5046,24,30,East,84.8,Good
905048,Driver_5047,49,21,West,78.2,Good
905049,Driver_5048,43,9,Central,82.9,Good
905050,Driver_5049,60,28,West,53.4,Low
905051,Driver_5050,48,11,West,64.1,Average
905052,Driver_5051,33,2,West,70.7,Average
905053,Driver_5052,42,30,Central,82.6,Good
905054,Driver_5053,48,22,West,64.7,Average
905055,Driver_5054,49,0,West,63.9,Average
905056,Driver_5055,23,5,West,88.1,Good
905057,Driver_5056,27,15,Central,63.0,Average
905058,Driver_5057,40,29,West,67.4,Average
905059,Driver_5058,47,22,West,84.0,Good
905060,Driver_5059,56,24,North,71.0,Average
905061,Driver_5060,53,23,North,76.4,Good
905062,Driver_5061,26,27,East,88.3,Good
905063,Driver_5062,42,20,North,61.4,Average
905064,Driver_5063,36,20,Central,83.3,Good
905065,Driver_5064,46,12,West,50.4,Low
905066,Driver_5065,53,17,East,71.6,Average
905067,Driver_5066,54,2,Central,89.6,Good
905068,Driver_5067,60,16,Central,97.0,Excellent
905069,Driver_5068,58,10,South,56.5,Low
905070,Driver_5069,33,20,West,73.9,Average
905071,Driver_5070,37,16,Central,65.3,Average
905072,Driver_5071,43,11,East,64.6,Average
905073,Driver_5072,52,13,South,79.7,Good
905074,Driver_5073,21,7,South,69.8,Average
905075,Driver_5074,34,20,West,51.3,Low
905076,Driver_5075,42,29,Central,63.8,Average
905077,Driver_5076,43,2,East,56.0,Low
905078,Driver_5077,50,0,East,89.1,Good
905079,Driver_5078,50,4,West,75.6,Good
905080,Driver_5079,53,8,East,55.6,Low
905081,Driver_5080,29,29,North,69.3,Average
905082,Driver_5081,43,27,East,89.4,Good
905083,Driver_5082,50,27,West,72.1,Average
905084,Driver_5083,46,27,North,83.2,Good
905085,Driver_5084,43,16,South,90.6,Excellent
905086,Driver_5085,25,18,Central,83.9,Good
905087,Driver_5086,27,1,Central,51.1,Low
905088,Driver_5087,45,4,Central,62.3,Average
905089,Driver_5088,54,6,Central,83.6,Good
905090,Driver_5089,31,28,South,68.8,Average
905091,Driver_5090,61,0,West,82.5,Good
905092,Driver_5091,47,19,West,55.8,Low
905093,Driver_5092,59,4,West,75.5,Good
905094,Driver_5093,31,8,North,53.7,Low
905095,Driver_5094,47,10,North,58.3,Low
905096,Driver_5095,61,2,West,56.6,Low
905097,Driver_5096,39,27,North,96.8,Excellent
905098,Driver_5097,27,26,South,88.8,Good
905099,Driver_5098,61,23,North,80.3,Good
905100,Driver_5099,24,13,East,94.6,Excellent
905101,Driver_5100,36,16,Central,51.4,Low
905102,Driver_5101,29,13,East,93.8,Excellent
905103,Driver_5102,24,11,South,71.7,Average
905104,Driver_5103,31,7,West,51.4,Low
905105,Driver_5104,21,24,North,86.5,Good
905106,Driver_5105,57,24,South,98.7,Excellent
905107,Driver_5106,41,2,South,61.6,Average
905108,Driver_5107,56,26,North,78.7,Good
905109,Driver_5108,50,17,South,59.7,Low
905110,Driver_5109,36,25,North,57.3,Low
905111,Driver_5110,48,26,West,51.2,Low
905112,Driver_5111,22,16,West,53.3,Low
905113,Driver_5112,43,18,North,80.7,Good
905114,Driver_5113,61,0,North,67.7,Average
905115,Driver_5114,35,0,South,64.4,Average
905116,Driver_5115,63,5,South,67.8,Average
905117,Driver_5116,40,1,North,67.0,Average
905118,Driver_5117,63,19,West,87.6,Good
905119,Driver_5118,62,10,West,70.7,Average
905120,Driver_5119,21,7,North,64.3,Average
905121,Driver_5120,35,16,Central,65.9,Average
905122,Driver_5121,49,22,Central,72.0,Average
905123,Driver_5122,58,23,West,85.5,Good
905124,Driver_5123,39,5,South,87.8,Good
905125,Driver_5124,38,14,North,100.0,Excellent
905126,Driver_5125,49,7,East,68.9,Average
905127,Driver_5126,37,5,East,72.9,Average
905128,Driver_5127,31,6,South,72.2,Average
905129,Driver_5128,54,29,North,79.6,Good
905130,Driver_5129,32,1,West,52.9,Low
905131,Driver_5130,23,24,North,86.2,Good
905132,Driver_5131,44,8,Central,58.2,Low
905133,Driver_5132,41,14,North,52.8,Low
905134,Driver_5133,40,10,East,71.3,Average
905135,Driver_5134,53,28,North,64.2,Average
905136,Driver_5135,30,29,West,54.8,Low
905137,Driver_5136,55,4,East,76.4,Good
905138,Driver_5137,43,17,South,76.9,Good
905139,Driver_5138,60,10,Central,64.3,Average
905140,Driver_5139,43,16,East,57.2,Low
905141,Driver_5140,24,6,West,52.0,Low
905142,Driver_5141,24,30,West,82.9,Good
905143,Driver_5142,39,12,Central,99.7,Excellent
905144,Driver_5143,24,21,South,89.9,Good
905145,Driver_5144,47,1,West,88.6,Good
905146,Driver_5145,46,7,East,54.1,Low
905147,Driver_5146,26,2,Central,86.9,Good
905148,Driver_5147,54,29,West,88.1,Good
905149,Driver_5148,57,2,West,82.6,Good
905150,Driver_5149,40,18,South,56.2,Low
905151,Driver_5150,49,22,South,59.6,Low
905152,Driver_5151,54,29,West,57.0,Low
905153,Driver_5152,31,15,Central,86.1,Good
905154,Driver_5153,53,12,West,83.2,Good
905155,Driver_5154,55,21,Central,60.7,Average
905156,Driver_5155,38,25,Central,87.4,Good
905157,Driver_5156,58,17,East,51.8,Low
905158,Driver_5157,25,12,Central,86.7,Good
905159,Driver_5158,25,19,North,98.6,Excellent
905160,Driver_5159,32,25,East,76.5,Good
905161,Driver_5160,42,18,South,61.6,Average
905162,Driver_5161,41,12,East,80.8,Good
905163,Driver_5162,41,25,East,59.2,Low
905164,Driver_5163,29,11,East,69.9,Average
905165,Driver_5164,30,1,Central,64.1,Average
905166,Driver_5165,36,13,South,58.1,Low
905167,Driver_5166,60,30,West,95.0,Excellent
905168,Driver_5167,36,12,East,52.4,Low
905169,Driver_5168,30,13,South,54.5,Low
905170,Driver_5169,48,17,East,92.5,Excellent
905171,Driver_5170,21,20,West,99.6,Excellent
905172,Driver_5171,55,28,West,70.2,Average
905173,Driver_5172,53,1,East,56.8,Low
905174,Driver_5173,45,4,North,89.0,Good
905175,Driver_5174,28,25,East,63.7,Average
905176,Driver_5175,31,30,Central,50.8,Low
905177,Driver_5176,37,8,East,63.1,Average
905178,Driver_5177,61,22,South,79.3,Good
905179,Driver_5178,32,11,South,65.3,Average
905180,Driver_5179,37,24,East,88.4,Good
905181,Driver_5180,44,21,East,50.8,Low
905182,Driver_5181,45,21,South,51.3,Low
905183,Driver_5182,42,22,West,65.1,Average
905184,Driver_5183,38,26,North,63.6,Average
905185,Driver_5184,43,1,South,82.8,Good
905186,Driver_5185,29,17,East,83.9,Good
905187,Driver_5186,52,22,West,81.5,Good
905188,Driver_5187,30,5,East,78.9,Good
905189,Driver_5188,23,25,Central,100.0,Excellent
905190,Driver_5189,21,1,Central,71.7,Average
905191,Driver_5190,45,16,Central,70.2,Average
905192,Driver_5191,21,10,East,50.3,Low
905193,Driver_5192,50,5,South,78.4,Good
905194,Driver_5193,33,3,North,82.6,Good
905195,Driver_5194,23,11,North,71.0,Average
905196,Driver_5195,37,19,East,91.9,Excellent
905197,Driver_5196,26,4,North,51.4,Low
905198,Driver_5197,33,21,South,96.3,Excellent
905199,Driver_5198,59,0,East,88.5,Good
905200,Driver_5199,36,24,South,56.4,Low
905201,Driver_5200,48,20,Central,73.8,Average
905202,Driver_5201,21,18,South,96.6,Excellent
905203,Driver_5202,62,18,South,60.7,Average
905204,Driver_5203,41,27,East,68.4,Average
905205,Driver_5204,40,16,North,60.6,Average
905206,Driver_5205,54,14,Central,91.0,Excellent
905207,Driver_5206,60,1,North,88.2,Good
905208,Driver_5207,24,28,Central,97.5,Excellent
905209,Driver_5208,37,5,West,68.2,Average
905210,Driver_5209,22,14,Central,85.1,Good
905211,Driver_5210,32,24,West,57.6,Low
905212,Driver_5211,38,2,South,59.2,Low
905213,Driver_5212,40,13,North,86.3,Good
905214,Driver_5213,62,20,North,70.9,Average
905215,Driver_5214,21,15,South,55.9,Low
905216,Driver_5215,63,6,West,66.0,Average
905217,Driver_5216,21,16,East,60.1,Average
905218,Driver_5217,22,15,East,95.7,Excellent
905219,Driver_5218,44,0,West,93.1,Excellent
905220,Driver_5219,36,0,North,84.0,Good
905221,Driver_5220,37,1,West,97.6,Excellent
905222,Driver_5221,56,2,East,69.1,Average
905223,Driver_5222,51,21,North,55.1,Low
905224,Driver_5223,53,6,Central,72.8,Average
905225,Driver_5224,30,17,West,62.4,Average
905226,Driver_5225,35,15,North,87.0,Good
905227,Driver_5226,61,17,South,99.9,Excellent
905228,Driver_5227,28,19,West,65.2,Average
905229,Driver_5228,54,3,West,97.3,Excellent
905230,Driver_5229,29,4,East,51.3,Low
905231,Driver_5230,48,14,East,51.0,Low
905232,Driver_5231,51,13,North,79.5,Good
905233,Driver_5232,60,17,Central,74.4,Average
905234,Driver_5233,31,9,South,57.1,Low
905235,Driver_5234,46,23,West,67.7,Average
905236,Driver_5235,22,30,North,99.6,Excellent
905237,Driver_5236,43,4,North,79.9,Good
905238,Driver_5237,58,12,East,76.7,Good
905239,Driver_5238,51,1,North,95.5,Excellent
905240,Driver_5239,48,14,North,69.2,Average
905241,Driver_5240,54,8,East,61.6,Average
905242,Driver_5241,39,21,South,82.4,Good
905243,Driver_5242,58,23,West,82.9,Good
905244,Driver_5243,60,6,North,53.3,Low
905245,Driver_5244,50,13,South,57.4,Low
905246,Driver_5245,58,6,West,52.1,Low
905247,Driver_5246,35,29,East,87.7,Good
905248,Driver_5247,25,10,North,57.3,Low
905249,Driver_5248,28,1,East,98.8,Excellent
905250,Driver_5249,45,28,Central,61.9,Average
905251,Driver_5250,39,29,East,59.0,Low
905252,Driver_5251,33,18,South,58.1,Low
905253,Driver_5252,32,2,North,97.3,Excellent
905254,Driver_5253,24,6,Central,71.9,Average
905255,Driver_5254,49,18,South,56.4,Low
905256,Driver_5255,60,3,Central,76.3,Good
905257,Driver_5256,55,10,West,79.3,Good
905258,Driver_5257,27,6,Central,80.5,Good
905259,Driver_5258,24,6,North,57.0,Low
905260,Driver_5259,62,8,West,67.1,Average
905261,Driver_5260,51,26,East,57.1,Low
905262,Driver_5261,39,0,South,73.0,Average
905263,Driver_5262,34,23,Central,87.3,Good
905264,Driver_5263,29,7,Central,52.3,Low
905265,Driver_5264,32,9,South,77.6,Good
905266,Driver_5265,49,20,Central,53.1,Low
905267,Driver_5266,32,18,South,69.4,Average
905268,Driver_5267,22,3,Central,55.2,Low
905269,Driver_5268,58,16,South,50.2,Low
905270,Driver_5269,53,25,Central,55.9,Low
905271,Driver_5270,46,25,West,79.7,Good
905272,Driver_5271,46,4,West,98.8,Excellent
905273,Driver_5272,28,25,South,83.1,Good
905274,Driver_5273,54,1,West,68.3,Average
905275,Driver_5274,38,26,West,64.5,Average
905276,Driver_5275,42,18,South,68.8,Average
905277,Driver_5276,26,13,West,74.8,Average
905278,Driver_5277,44,20,East,91.9,Excellent
905279,Driver_5278,21,14,South,62.5,Average
905280,Driver_5279,53,22,West,63.8,Average
905281,Driver_5280,43,21,Central,91.7,Excellent
905282,Driver_5281,44,2,North,72.1,Average
905283,Driver_5282,38,6,East,90.3,Excellent
905284,Driver_5283,43,21,Central,51.3,Low
905285,Driver_5284,36,11,East,58.5,Low
905286,Driver_5285,28,2,South,77.2,Good
905287,Driver_5286,45,17,South,65.7,Average
905288,Driver_5287,27,12,South,97.6,Excellent
905289,Driver_5288,50,7,Central,63.8,Average
905290,Driver_5289,49,13,Central,94.1,Excellent
905291,Driver_5290,35,13,East,81.5,Good
905292,Driver_5291,61,7,North,65.2,Average
905293,Driver_5292,56,7,West,97.3,Excellent
905294,Driver_5293,59,28,South,63.9,Average
905295,Driver_5294,28,9,Central,56.3,Low
905296,Driver_5295,36,13,Central,96.6,Excellent
905297,Driver_5296,59,0,West,95.6,Excellent
905298,Driver_5297,33,5,West,87.0,Good
905299,Driver_5298,53,12,Central,66.1,Average
905300,Driver_5299,35,8,West,72.7,Average
905301,Driver_5300,38,15,West,61.2,Average
905302,Driver_5301,33,5,Central,57.9,Low
905303,Driver_5302,49,6,South,97.4,Excellent
905304,Driver_5303,50,10,Central,73.9,Average
905305,Driver_5304,21,26,North,54.7,Low
905306,Driver_5305,34,4,South,79.8,Good
905307,Driver_5306,41,18,Central,54.6,Low
905308,Driver_5307,55,6,South,73.9,Average
905309,Driver_5308,35,23,West,90.8,Excellent
905310,Driver_5309,32,2,Central,90.6,Excellent
905311,Driver_5310,39,20,East,96.1,Excellent
905312,Driver_5311,39,30,North,77.2,Good
905313,Driver_5312,40,15,North,88.7,Good
905314,Driver_5313,53,22,Central,66.5,Average
905315,Driver_5314,55,29,North,77.6,Good
905316,Driver_5315,61,18,Central,77.7,Good
905317,Driver_5316,51,24,West,77.0,Good
905318,Driver_5317,51,1,East,73.1,Average
905319,Driver_5318,45,30,North,61.9,Average
905320,Driver_5319,37,30,East,78.3,Good
905321,Driver_5320,36,16,West,90.0,Good
905322,Driver_5321,36,8,West,69.7,Average
905323,Driver_5322,21,13,East,60.5,Average
905324,Driver_5323,23,18,South,66.1,Average
905325,Driver_5324,37,18,Central,61.4,Average
905326,Driver_5325,32,12,Central,71.1,Average
905327,Driver_5326,30,26,East,96.0,Excellent
905328,Driver_5327,23,12,South,85.7,Good
905329,Driver_5328,34,20,South,50.1,Low
905330,Driver_5329,48,3,North,61.9,Average
905331,Driver_5330,43,11,Central,65.4,Average
905332,Driver_5331,49,29,Central,53.4,Low
905333,Driver_5332,36,3,East,61.8,Average
905334,Driver_5333,51,0,South,60.3,Average
905335,Driver_5334,52,18,South,90.6,Excellent
905336,Driver_5335,47,0,South,62.9,Average
905337,Driver_5336,51,24,North,94.9,Excellent
905338,Driver_5337,48,25,North,85.1,Good
905339,Driver_5338,54,30,North,61.7,Average
905340,Driver_5339,39,23,Central,53.9,Low
905341,Driver_5340,60,8,East,84.0,Good
905342,Driver_5341,27,3,South,70.3,Average
905343,Driver_5342,60,0,East,54.3,Low
905344,Driver_5343,30,29,North,50.8,Low
905345,Driver_5344,49,13,East,73.0,Average
905346,Driver_5345,37,12,Central,74.1,Average
905347,Driver_5346,62,11,North,73.7,Average
905348,Driver_5347,56,19,West,98.1,Excellent
905349,Driver_5348,22,30,North,96.4,Excellent
905350,Driver_5349,56,24,West,72.8,Average
905351,Driver_5350,56,9,West,64.6,Average
905352,Driver_5351,34,11,North,89.7,Good
905353,Driver_5352,34,14,East,77.5,Good
905354,Driver_5353,32,2,East,98.5,Excellent
905355,Driver_5354,34,5,East,58.0,Low
905356,Driver_5355,45,25,Central,60.3,Average
905357,Driver_5356,57,2,North,75.7,Good
905358,Driver_5357,48,19,Central,98.6,Excellent
905359,Driver_5358,48,29,North,59.9,Low
905360,Driver_5359,23,2,South,59.6,Low
905361,Driver_5360,60,18,West,91.3,Excellent
905362,Driver_5361,46,26,Central,75.2,Good
905363,Driver_5362,36,10,North,95.1,Excellent
905364,Driver_5363,32,20,Central,53.5,Low
905365,Driver_5364,40,22,Central,91.2,Excellent
905366,Driver_5365,33,2,Central,76.5,Good
905367,Driver_5366,46,25,North,81.8,Good
905368,Driver_5367,59,15,South,56.8,Low
905369,Driver_5368,53,17,West,75.5,Good
905370,Driver_5369,21,12,North,80.6,Good
905371,Driver_5370,59,9,Central,97.6,Excellent
905372,Driver_5371,63,0,Central,86.2,Good
905373,Driver_5372,60,9,South,66.5,Average
905374,Driver_5373,55,23,Central,84.2,Good
905375,Driver_5374,58,13,Central,97.8,Excellent
905376,Driver_5375,22,24,South,96.1,Excellent
905377,Driver_5376,56,16,South,96.4,Excellent
905378,Driver_5377,34,2,East,90.2,Excellent
905379,Driver_5378,25,2,West,74.9,Average
905380,Driver_5379,27,25,South,60.9,Average
905381,Driver_5380,38,4,West,87.0,Good
905382,Driver_5381,56,16,South,75.7,Good
905383,Driver_5382,32,8,West,71.9,Average
905384,Driver_5383,38,13,East,76.2,Good
905385,Driver_5384,32,24,Central,64.4,Average
905386,Driver_5385,46,19,Central,82.9,Good
905387,Driver_5386,31,10,East,73.1,Average
905388,Driver_5387,42,0,West,60.5,Average
905389,Driver_5388,59,17,West,73.5,Average
905390,Driver_5389,37,21,East,72.4,Average
905391,Driver_5390,33,9,Central,61.9,Average
905392,Driver_5391,40,0,East,57.1,Low
905393,Driver_5392,48,10,West,96.4,Excellent
905394,Driver_5393,57,22,East,72.6,Average
905395,Driver_5394,44,12,South,56.2,Low
905396,Driver_5395,39,15,West,54.8,Low
905397,Driver_5396,58,8,North,69.7,Average
905398,Driver_5397,25,10,Central,60.9,Average
905399,Driver_5398,35,11,North,88.0,Good
905400,Driver_5399,48,6,Central,90.8,Excellent
905401,Driver_5400,57,11,West,97.4,Excellent
905402,Driver_5401,29,4,South,80.2,Good
905403,Driver_5402,48,17,East,54.7,Low
905404,Driver_5403,49,15,West,58.9,Low
905405,Driver_5404,60,27,West,69.0,Average
905406,Driver_5405,50,4,North,97.6,Excellent
905407,Driver_5406,48,0,South,89.1,Good
905408,Driver_5407,22,28,West,65.6,Average
905409,Driver_5408,32,5,Central,54.2,Low
905410,Driver_5409,54,1,East,98.6,Excellent
905411,Driver_5410,41,7,East,98.8,Excellent
905412,Driver_5411,25,10,West,78.8,Good
905413,Driver_5412,40,3,West,92.8,Excellent
905414,Driver_5413,31,15,North,52.8,Low
905415,Driver_5414,23,27,North,75.5,Good
905416,Driver_5415,32,8,South,94.3,Excellent
905417,Driver_5416,56,29,West,58.5,Low
905418,Driver_5417,57,19,North,82.0,Good
905419,Driver_5418,50,9,North,97.2,Excellent
905420,Driver_5419,36,26,West,95.7,Excellent
905421,Driver_5420,43,25,West,90.1,Excellent
905422,Driver_5421,39,22,West,75.7,Good
905423,Driver_5422,59,25,North,86.1,Good
905424,Driver_5423,51,16,West,76.0,Good
905425,Driver_5424,29,20,West,63.1,Average
905426,Driver_5425,48,14,South,76.0,Good
905427,Driver_5426,45,11,West,54.9,Low
905428,Driver_5427,54,14,North,78.8,Good
905429,Driver_5428,45,4,Central,82.6,Good
905430,Driver_5429,46,13,East,61.7,Average
905431,Driver_5430,32,13,West,54.8,Low
905432,Driver_5431,44,24,East,85.9,Good
905433,Driver_5432,27,16,Central,84.0,Good
905434,Driver_5433,28,7,Central,87.4,Good
905435,Driver_5434,25,1,South,82.7,Good
905436,Driver_5435,39,4,Central,68.5,Average
905437,Driver_5436,56,5,North,82.0,Good
905438,Driver_5437,40,11,Central,60.1,Average
905439,Driver_5438,44,11,Central,89.7,Good
905440,Driver_5439,28,18,West,58.3,Low
905441,Driver_5440,39,7,West,67.7,Average
905442,Driver_5441,48,18,South,57.0,Low
905443,Driver_5442,41,11,Central,74.2,Average
905444,Driver_5443,30,30,South,62.9,Average
905445,Driver_5444,62,6,Central,78.9,Good
905446,Driver_5445,29,26,North,58.8,Low
905447,Driver_5446,59,8,North,96.1,Excellent
905448,Driver_5447,46,12,East,54.7,Low
905449,Driver_5448,54,11,Central,60.7,Average
905450,Driver_5449,29,28,West,74.1,Average
905451,Driver_5450,25,25,South,59.6,Low
905452,Driver_5451,29,15,West,99.8,Excellent
905453,Driver_5452,43,7,Central,94.5,Excellent
905454,Driver_5453,52,30,Central,52.4,Low
905455,Driver_5454,29,6,South,92.5,Excellent
905456,Driver_5455,42,7,Central,72.7,Average
905457,Driver_5456,29,10,West,62.3,Average
905458,Driver_5457,59,9,East,83.4,Good
905459,Driver_5458,32,28,West,77.9,Good
905460,Driver_5459,21,0,East,53.4,Low
905461,Driver_5460,44,16,Central,66.3,Average
905462,Driver_5461,56,17,Central,71.6,Average
905463,Driver_5462,60,4,North,71.2,Average
905464,Driver_5463,32,28,East,80.9,Good
905465,Driver_5464,44,30,West,72.1,Average
905466,Driver_5465,28,7,East,50.6,Low
905467,Driver_5466,35,29,South,81.1,Good
905468,Driver_5467,34,19,South,72.4,Average
905469,Driver_5468,38,15,Central,59.3,Low
905470,Driver_5469,31,7,West,91.1,Excellent
905471,Driver_5470,25,28,North,98.4,Excellent
905472,Driver_5471,24,3,West,94.9,Excellent
905473,Driver_5472,39,9,South,90.3,Excellent
905474,Driver_5473,62,23,West,63.7,Average
905475,Driver_5474,57,8,North,88.8,Good
905476,Driver_5475,23,30,West,66.6,Average
905477,Driver_5476,56,9,Central,50.8,Low
905478,Driver_5477,22,14,West,92.4,Excellent
905479,Driver_5478,55,9,North,62.3,Average
905480,Driver_5479,37,4,West,76.2,Good
905481,Driver_5480,26,3,North,54.8,Low
905482,Driver_5481,35,3,East,58.1,Low
905483,Driver_5482,29,0,West,87.8,Good
905484,Driver_5483,35,18,West,93.2,Excellent
905485,Driver_5484,56,8,West,71.9,Average
905486,Driver_5485,26,27,Central,69.7,Average
905487,Driver_5486,60,28,North,95.9,Excellent
905488,Driver_5487,37,30,South,81.5,Good
905489,Driver_5488,26,18,South,75.5,Good
905490,Driver_5489,56,24,West,50.4,Low
905491,Driver_5490,48,24,North,83.3,Good
905492,Driver_5491,45,17,West,53.6,Low
905493,Driver_5492,45,19,Central,72.6,Average
905494,Driver_5493,51,18,South,95.7,Excellent
905495,Driver_5494,39,3,North,53.7,Low
905496,Driver_5495,21,6,Central,64.8,Average
905497,Driver_5496,63,10,South,93.6,Excellent
905498,Driver_5497,44,30,South,92.9,Excellent
905499,Driver_5498,52,2,Central,73.6,Average
905500,Driver_5499,55,2,West,87.6,Good
905501,Driver_5500,23,7,South,92.4,Excellent
905502,Driver_5501,53,26,Central,55.9,Low
905503,Driver_5502,43,19,East,71.4,Average
905504,Driver_5503,50,28,Central,73.4,Average
905505,Driver_5504,30,19,South,74.5,Average
905506,Driver_5505,33,26,West,59.8,Low
905507,Driver_5506,63,4,North,64.2,Average
905508,Driver_5507,60,7,Central,77.6,Good
905509,Driver_5508,59,27,East,83.4,Good
905510,Driver_5509,25,2,Central,64.9,Average
905511,Driver_5510,27,20,East,53.6,Low
905512,Driver_5511,31,6,West,87.9,Good
905513,Driver_5512,51,8,Central,69.9,Average
905514,Driver_5513,38,12,East,78.0,Good
905515,Driver_5514,33,2,Central,85.5,Good
905516,Driver_5515,45,3,Central,60.9,Average
905517,Driver_5516,25,9,Central,62.8,Average
905518,Driver_5517,62,28,East,52.8,Low
905519,Driver_5518,52,27,South,56.0,Low
905520,Driver_5519,31,22,South,82.4,Good
905521,Driver_5520,49,12,North,66.5,Average
905522,Driver_5521,44,14,South,90.9,Excellent
905523,Driver_5522,61,27,East,80.0,Good
905524,Driver_5523,23,0,North,91.6,Excellent
905525,Driver_5524,42,25,North,74.4,Average
905526,Driver_5525,33,20,East,52.3,Low
905527,Driver_5526,39,12,East,84.7,Good
905528,Driver_5527,22,2,South,85.6,Good
905529,Driver_5528,61,6,North,85.4,Good
905530,Driver_5529,44,24,North,61.1,Average
905531,Driver_5530,40,28,East,80.9,Good
905532,Driver_5531,46,11,West,54.1,Low
905533,Driver_5532,23,24,Central,100.0,Excellent
905534,Driver_5533,55,12,East,81.9,Good
905535,Driver_5534,59,27,West,93.2,Excellent
905536,Driver_5535,38,30,West,93.2,Excellent
905537,Driver_5536,44,28,West,76.7,Good
905538,Driver_5537,30,4,East,80.0,Good
905539,Driver_5538,21,18,East,88.2,Good
905540,Driver_5539,47,19,North,53.9,Low
905541,Driver_5540,52,29,Central,84.2,Good
905542,Driver_5541,44,3,South,71.2,Average
905543,Driver_5542,43,29,Central,73.9,Average
905544,Driver_5543,47,4,West,71.7,Average
905545,Driver_5544,25,29,North,63.1,Average
905546,Driver_5545,21,18,North,72.4,Average
905547,Driver_5546,21,19,West,65.4,Average
905548,Driver_5547,62,1,West,72.7,Average
905549,Driver_5548,39,2,East,90.1,Excellent
905550,Driver_5549,58,15,South,51.4,Low
905551,Driver_5550,51,4,South,73.8,Average
905552,Driver_5551,46,21,West,97.8,Excellent
905553,Driver_5552,24,25,South,74.6,Average
905554,Driver_5553,43,0,North,85.1,Good
905555,Driver_5554,22,7,Central,95.4,Excellent
905556,Driver_5555,41,23,South,68.8,Average
905557,Driver_5556,57,13,North,82.8,Good
905558,Driver_5557,31,17,South,91.2,Excellent
905559,Driver_5558,35,13,North,56.3,Low
905560,Driver_5559,35,8,South,59.4,Low
905561,Driver_5560,34,8,North,93.4,Excellent
905562,Driver_5561,44,1,East,72.3,Average
905563,Driver_5562,21,18,North,69.5,Average
905564,Driver_5563,42,17,West,59.5,Low
905565,Driver_5564,52,7,West,99.1,Excellent
905566,Driver_5565,35,3,Central,69.3,Average
905567,Driver_5566,24,14,Central,50.8,Low
905568,Driver_5567,32,9,West,56.9,Low
905569,Driver_5568,37,3,East,52.5,Low
905570,Driver_5569,58,6,West,97.7,Excellent
905571,Driver_5570,34,16,South,66.3,Average
905572,Driver_5571,32,30,West,98.9,Excellent
905573,Driver_5572,39,27,South,59.3,Low
905574,Driver_5573,42,11,South,97.3,Excellent
905575,Driver_5574,63,0,East,65.5,Average
905576,Driver_5575,60,21,East,68.4,Average
905577,Driver_5576,63,22,North,98.8,Excellent
905578,Driver_5577,51,29,Central,77.9,Good
905579,Driver_5578,56,22,East,83.3,Good
905580,Driver_5579,27,8,East,84.9,Good
905581,Driver_5580,63,17,South,58.9,Low
905582,Driver_5581,49,9,West,58.0,Low
905583,Driver_5582,26,5,Central,74.6,Average
905584,Driver_5583,51,16,West,81.3,Good
905585,Driver_5584,36,25,East,93.2,Excellent
905586,Driver_5585,29,10,Central,80.3,Good
905587,Driver_5586,34,8,North,80.3,Good
905588,Driver_5587,42,15,North,94.6,Excellent
905589,Driver_5588,50,15,West,64.9,Average
905590,Driver_5589,52,11,Central,65.2,Average
905591,Driver_5590,42,13,West,96.6,Excellent
905592,Driver_5591,63,27,East,54.6,Low
905593,Driver_5592,37,20,East,68.8,Average
905594,Driver_5593,51,2,West,76.6,Good
905595,Driver_5594,45,7,Central,95.7,Excellent
905596,Driver_5595,53,19,East,88.4,Good
905597,Driver_5596,40,16,South,79.4,Good
905598,Driver_5597,28,0,Central,64.2,Average
905599,Driver_5598,59,22,South,71.3,Average
905600,Driver_5599,24,22,South,85.2,Good
905601,Driver_5600,25,17,Central,86.5,Good
905602,Driver_5601,33,16,East,53.3,Low
905603,Driver_5602,26,11,East,95.1,Excellent
905604,Driver_5603,21,16,North,50.7,Low
905605,Driver_5604,50,15,East,67.3,Average
905606,Driver_5605,27,15,Central,76.4,Good
905607,Driver_5606,37,4,Central,61.0,Average
905608,Driver_5607,60,13,Central,87.1,Good
905609,Driver_5608,39,12,East,71.3,Average
905610,Driver_5609,30,29,South,64.8,Average
905611,Driver_5610,21,16,Central,78.8,Good
905612,Driver_5611,36,15,South,94.4,Excellent
905613,Driver_5612,56,29,North,77.6,Good
905614,Driver_5613,42,25,Central,83.3,Good
905615,Driver_5614,61,9,East,87.7,Good
905616,Driver_5615,29,27,North,55.5,Low
905617,Driver_5616,62,8,South,87.0,Good
905618,Driver_5617,36,23,Central,62.7,Average
905619,Driver_5618,24,13,South,64.5,Average
905620,Driver_5619,32,18,West,66.0,Average
905621,Driver_5620,52,4,North,55.8,Low
905622,Driver_5621,23,1,East,99.3,Excellent
905623,Driver_5622,54,1,North,75.9,Good
905624,Driver_5623,45,22,Central,59.5,Low
905625,Driver_5624,52,11,West,61.9,Average
905626,Driver_5625,49,17,North,67.7,Average
905627,Driver_5626,30,25,South,88.4,Good
905628,Driver_5627,51,6,East,59.9,Low
905629,Driver_5628,25,11,North,79.4,Good
905630,Driver_5629,38,14,West,67.7,Average
905631,Driver_5630,21,15,South,96.3,Excellent
905632,Driver_5631,44,8,East,73.0,Average
905633,Driver_5632,61,15,Central,93.4,Excellent
905634,Driver_5633,61,2,Central,58.6,Low
905635,Driver_5634,41,21,South,97.2,Excellent
905636,Driver_5635,53,2,North,69.9,Average
905637,Driver_5636,23,29,South,66.2,Average
905638,Driver_5637,46,7,Central,67.5,Average
905639,Driver_5638,45,8,South,89.2,Good
905640,Driver_5639,38,6,West,76.3,Good
905641,Driver_5640,60,17,South,96.9,Excellent
905642,Driver_5641,54,5,West,69.5,Average
905643,Driver_5642,59,5,East,64.2,Average
905644,Driver_5643,22,15,North,75.9,Good
905645,Driver_5644,22,8,East,69.6,Average
905646,Driver_5645,32,17,East,77.5,Good
905647,Driver_5646,28,8,North,53.2,Low
905648,Driver_5647,37,6,Central,57.8,Low
905649,Driver_5648,40,1,South,70.7,Average
905650,Driver_5649,59,26,North,71.5,Average
905651,Driver_5650,62,9,East,73.9,Average
905652,Driver_5651,44,27,East,78.4,Good
905653,Driver_5652,58,8,North,53.2,Low
905654,Driver_5653,30,13,East,74.3,Average
905655,Driver_5654,56,4,Central,60.3,Average
905656,Driver_5655,30,6,South,82.6,Good
905657,Driver_5656,26,17,West,64.3,Average
905658,Driver_5657,29,2,East,64.7,Average
905659,Driver_5658,25,30,South,66.8,Average
905660,Driver_5659,27,15,East,94.2,Excellent
905661,Driver_5660,34,16,West,75.1,Good
905662,Driver_5661,49,22,South,97.9,Excellent
905663,Driver_5662,60,30,East,67.9,Average
905664,Driver_5663,44,25,Central,98.3,Excellent
905665,Driver_5664,28,17,South,85.1,Good
905666,Driver_5665,62,22,East,53.2,Low
905667,Driver_5666,32,19,East,57.3,Low
905668,Driver_5667,23,17,Central,78.1,Good
905669,Driver_5668,47,30,Central,60.8,Average
905670,Driver_5669,39,8,South,87.5,Good
905671,Driver_5670,59,28,East,98.6,Excellent
905672,Driver_5671,60,27,Central,99.1,Excellent
905673,Driver_5672,28,17,West,86.3,Good
905674,Driver_5673,40,22,South,69.6,Average
905675,Driver_5674,38,12,South,61.9,Average
905676,Driver_5675,47,20,Central,96.4,Excellent
905677,Driver_5676,30,22,North,55.3,Low
905678,Driver_5677,49,0,East,57.8,Low
905679,Driver_5678,22,29,West,76.8,Good
905680,Driver_5679,42,15,Central,54.5,Low
905681,Driver_5680,49,8,South,56.5,Low
905682,Driver_5681,56,13,West,96.4,Excellent
905683,Driver_5682,50,2,South,83.3,Good
905684,Driver_5683,33,5,South,92.3,Excellent
905685,Driver_5684,30,0,West,92.9,Excellent
905686,Driver_5685,31,13,West,51.2,Low
905687,Driver_5686,60,12,Central,58.2,Low
905688,Driver_5687,53,30,Central,81.4,Good
905689,Driver_5688,37,20,North,95.4,Excellent
905690,Driver_5689,30,28,North,70.1,Average
905691,Driver_5690,61,28,South,78.3,Good
905692,Driver_5691,63,1,North,61.3,Average
905693,Driver_5692,48,17,Central,60.3,Average
905694,Driver_5693,53,30,West,98.9,Excellent
905695,Driver_5694,30,0,North,52.9,Low
905696,Driver_5695,58,6,South,92.4,Excellent
905697,Driver_5696,21,12,Central,85.5,Good
905698,Driver_5697,63,12,South,71.9,Average
905699,Driver_5698,54,19,West,56.3,Low
905700,Driver_5699,27,1,South,58.8,Low
905701,Driver_5700,23,6,East,91.1,Excellent
905702,Driver_5701,31,16,East,78.7,Good
905703,Driver_5702,35,15,North,80.8,Good
905704,Driver_5703,62,26,South,60.2,Average
905705,Driver_5704,52,14,North,88.1,Good
905706,Driver_5705,38,17,West,54.5,Low
905707,Driver_5706,23,3,East,73.3,Average
905708,Driver_5707,24,26,North,98.5,Excellent
905709,Driver_5708,49,9,Central,77.0,Good
905710,Driver_5709,43,2,North,96.2,Excellent
905711,Driver_5710,35,22,West,87.0,Good
905712,Driver_5711,45,7,Central,72.8,Average
905713,Driver_5712,54,23,Central,76.7,Good
905714,Driver_5713,43,27,Central,89.2,Good
905715,Driver_5714,26,22,North,59.0,Low
905716,Driver_5715,34,24,Central,57.7,Low
905717,Driver_5716,49,24,North,81.4,Good
905718,Driver_5717,30,6,South,73.3,Average
905719,Driver_5718,33,27,West,51.0,Low
905720,Driver_5719,56,9,West,76.9,Good
905721,Driver_5720,54,18,West,65.7,Average
905722,Driver_5721,24,16,East,99.9,Excellent
905723,Driver_5722,48,14,North,96.1,Excellent
905724,Driver_5723,23,8,Central,52.4,Low
905725,Driver_5724,29,5,East,91.6,Excellent
905726,Driver_5725,34,21,East,58.5,Low
905727,Driver_5726,43,24,Central,97.9,Excellent
905728,Driver_5727,40,6,South,58.3,Low
905729,Driver_5728,34,10,West,90.0,Good
905730,Driver_5729,57,5,East,71.7,Average
905731,Driver_5730,49,19,North,62.0,Average
905732,Driver_5731,26,29,South,73.7,Average
905733,Driver_5732,31,14,East,64.9,Average
905734,Driver_5733,53,3,West,69.8,Average
905735,Driver_5734,44,7,East,52.7,Low
905736,Driver_5735,43,14,East,97.4,Excellent
905737,Driver_5736,50,9,West,63.8,Average
905738,Driver_5737,52,23,West,55.3,Low
905739,Driver_5738,48,25,East,78.7,Good
905740,Driver_5739,31,2,Central,94.2,Excellent
905741,Driver_5740,25,30,East,55.5,Low
905742,Driver_5741,37,4,Central,84.5,Good
905743,Driver_5742,35,3,Central,51.4,Low
905744,Driver_5743,27,0,West,80.9,Good
905745,Driver_5744,33,1,Central,54.4,Low
905746,Driver_5745,44,25,East,96.1,Excellent
905747,Driver_5746,46,20,West,98.5,Excellent
905748,Driver_5747,62,0,West,73.2,Average
905749,Driver_5748,22,2,Central,86.1,Good
905750,Driver_5749,56,6,Central,91.9,Excellent
905751,Driver_5750,51,2,East,61.3,Average
905752,Driver_5751,51,19,South,72.1,Average
905753,Driver_5752,43,1,South,92.2,Excellent
905754,Driver_5753,53,30,West,88.2,Good
905755,Driver_5754,56,16,Central,83.3,Good
905756,Driver_5755,58,0,West,71.6,Average
905757,Driver_5756,26,27,North,57.7,Low
905758,Driver_5757,44,19,East,78.7,Good
905759,Driver_5758,25,3,East,66.9,Average
905760,Driver_5759,29,6,West,90.9,Excellent
905761,Driver_5760,56,29,East,96.7,Excellent
905762,Driver_5761,24,21,North,54.9,Low
905763,Driver_5762,41,30,West,50.5,Low
905764,Driver_5763,60,10,West,80.0,Good
905765,Driver_5764,39,26,Central,88.5,Good
905766,Driver_5765,55,21,West,74.4,Average
905767,Driver_5766,52,7,West,68.0,Average
905768,Driver_5767,34,27,West,54.7,Low
905769,Driver_5768,43,25,West,96.4,Excellent
905770,Driver_5769,62,17,Central,85.5,Good
905771,Driver_5770,61,24,West,90.2,Excellent
905772,Driver_5771,59,12,Central,95.7,Excellent
905773,Driver_5772,48,27,South,92.1,Excellent
905774,Driver_5773,49,4,East,83.1,Good
905775,Driver_5774,22,10,Central,71.4,Average
905776,Driver_5775,57,6,West,64.2,Average
905777,Driver_5776,43,6,East,82.4,Good
905778,Driver_5777,52,7,South,96.5,Excellent
905779,Driver_5778,46,9,North,79.0,Good
905780,Driver_5779,39,28,North,77.3,Good
905781,Driver_5780,63,27,North,70.9,Average
905782,Driver_5781,51,0,West,92.3,Excellent
905783,Driver_5782,46,12,North,86.9,Good
905784,Driver_5783,53,3,Central,59.4,Low
905785,Driver_5784,23,19,Central,50.6,Low
905786,Driver_5785,53,25,South,92.5,Excellent
905787,Driver_5786,34,30,North,97.8,Excellent
905788,Driver_5787,22,2,South,50.5,Low
905789,Driver_5788,44,29,North,50.8,Low
905790,Driver_5789,32,13,South,80.7,Good
905791,Driver_5790,38,13,Central,59.5,Low
905792,Driver_5791,56,21,North,91.7,Excellent
905793,Driver_5792,61,13,South,59.7,Low
905794,Driver_5793,40,22,South,68.8,Average
905795,Driver_5794,42,19,South,61.0,Average
905796,Driver_5795,32,4,East,84.1,Good
905797,Driver_5796,51,22,Central,68.4,Average
905798,Driver_5797,51,27,East,54.9,Low
905799,Driver_5798,31,25,West,59.7,Low
905800,Driver_5799,41,21,West,58.0,Low
905801,Driver_5800,41,23,North,70.4,Average
905802,Driver_5801,56,15,West,51.5,Low
905803,Driver_5802,28,26,West,79.2,Good
905804,Driver_5803,40,11,Central,56.3,Low
905805,Driver_5804,29,25,East,62.1,Average
905806,Driver_5805,54,29,East,68.7,Average
905807,Driver_5806,23,12,South,63.1,Average
905808,Driver_5807,43,29,North,86.0,Good
905809,Driver_5808,63,23,Central,89.4,Good
905810,Driver_5809,25,14,East,53.4,Low
905811,Driver_5810,52,1,North,76.7,Good
905812,Driver_5811,27,4,South,72.2,Average
905813,Driver_5812,29,23,North,54.4,Low
905814,Driver_5813,43,15,West,87.3,Good
905815,Driver_5814,23,29,Central,66.3,Average
905816,Driver_5815,28,19,South,51.2,Low
905817,Driver_5816,25,7,North,85.1,Good
905818,Driver_5817,53,27,West,56.8,Low
905819,Driver_5818,44,23,North,62.6,Average
905820,Driver_5819,33,14,Central,90.1,Excellent
905821,Driver_5820,58,28,North,51.7,Low
905822,Driver_5821,33,6,Central,95.8,Excellent
905823,Driver_5822,50,13,Central,51.7,Low
905824,Driver_5823,40,14,West,83.0,Good
905825,Driver_5824,27,19,East,70.3,Average
905826,Driver_5825,46,5,West,80.8,Good
905827,Driver_5826,56,10,West,88.4,Good
905828,Driver_5827,36,5,Central,72.8,Average
905829,Driver_5828,30,2,Central,70.7,Average
905830,Driver_5829,43,29,North,55.8,Low
905831,Driver_5830,32,9,South,64.5,Average
905832,Driver_5831,48,19,Central,54.9,Low
905833,Driver_5832,56,23,Central,78.2,Good
905834,Driver_5833,21,16,South,55.5,Low
905835,Driver_5834,30,24,Central,67.7,Average
905836,Driver_5835,55,17,West,74.3,Average
905837,Driver_5836,42,4,North,61.2,Average
905838,Driver_5837,27,26,Central,93.7,Excellent
905839,Driver_5838,27,15,East,75.4,Good
905840,Driver_5839,21,7,North,54.8,Low
905841,Driver_5840,48,26,South,98.1,Excellent
905842,Driver_5841,46,1,North,76.3,Good
905843,Driver_5842,50,15,North,98.0,Excellent
905844,Driver_5843,37,13,North,89.9,Good
905845,Driver_5844,60,29,North,51.5,Low
905846,Driver_5845,53,7,West,71.7,Average
905847,Driver_5846,43,6,North,72.4,Average
905848,Driver_5847,55,2,Central,76.4,Good
905849,Driver_5848,43,15,West,77.3,Good
905850,Driver_5849,43,23,North,80.9,Good
905851,Driver_5850,23,8,Central,79.5,Good
905852,Driver_5851,31,15,West,61.9,Average
905853,Driver_5852,26,5,East,83.0,Good
905854,Driver_5853,49,2,East,79.1,Good
905855,Driver_5854,48,21,East,97.9,Excellent
905856,Driver_5855,59,3,East,82.9,Good
905857,Driver_5856,57,29,East,98.1,Excellent
905858,Driver_5857,61,17,East,87.3,Good
905859,Driver_5858,57,15,North,93.6,Excellent
905860,Driver_5859,27,30,South,58.1,Low
905861,Driver_5860,23,21,West,59.4,Low
905862,Driver_5861,22,0,South,53.8,Low
905863,Driver_5862,27,28,West,67.4,Average
905864,Driver_5863,50,27,North,90.4,Excellent
905865,Driver_5864,43,10,West,66.0,Average
905866,Driver_5865,38,4,Central,60.7,Average
905867,Driver_5866,60,14,North,98.1,Excellent
905868,Driver_5867,35,28,East,59.9,Low
905869,Driver_5868,57,28,South,50.7,Low
905870,Driver_5869,31,7,North,56.1,Low
905871,Driver_5870,44,19,North,76.1,Good
905872,Driver_5871,33,6,West,74.2,Average
905873,Driver_5872,36,12,Central,60.9,Average
905874,Driver_5873,58,21,Central,80.7,Good
905875,Driver_5874,56,7,North,82.9,Good
905876,Driver_5875,45,3,Central,51.7,Low
905877,Driver_5876,49,1,West,60.7,Average
905878,Driver_5877,58,5,East,73.7,Average
905879,Driver_5878,32,0,West,75.7,Good
905880,Driver_5879,33,25,West,76.4,Good
905881,Driver_5880,46,20,West,74.4,Average
905882,Driver_5881,21,11,North,51.4,Low
905883,Driver_5882,51,25,West,52.1,Low
905884,Driver_5883,44,13,West,73.1,Average
905885,Driver_5884,60,22,West,59.3,Low
905886,Driver_5885,34,24,West,68.7,Average
905887,Driver_5886,44,8,West,70.8,Average
905888,Driver_5887,32,17,East,68.5,Average
905889,Driver_5888,26,22,West,80.4,Good
905890,Driver_5889,55,12,Central,82.3,Good
905891,Driver_5890,48,24,West,94.8,Excellent
905892,Driver_5891,62,4,South,60.4,Average
905893,Driver_5892,48,3,North,76.5,Good
905894,Driver_5893,53,2,Central,84.1,Good
905895,Driver_5894,48,7,East,98.9,Excellent
905896,Driver_5895,55,17,Central,56.0,Low
905897,Driver_5896,63,10,South,73.4,Average
905898,Driver_5897,40,2,West,96.1,Excellent
905899,Driver_5898,62,15,North,94.5,Excellent
905900,Driver_5899,40,10,West,89.1,Good
905901,Driver_5900,40,13,North,89.1,Good
905902,Driver_5901,51,15,South,98.5,Excellent
905903,Driver_5902,62,11,East,60.4,Average
905904,Driver_5903,45,11,North,56.4,Low
905905,Driver_5904,29,6,South,71.8,Average
905906,Driver_5905,54,9,East,76.7,Good
905907,Driver_5906,40,7,South,69.5,Average
905908,Driver_5907,48,9,Central,69.3,Average
905909,Driver_5908,36,12,North,54.6,Low
905910,Driver_5909,38,30,East,77.7,Good
905911,Driver_5910,22,2,East,67.3,Average
905912,Driver_5911,50,9,Central,64.9,Average
905913,Driver_5912,22,21,West,96.6,Excellent
905914,Driver_5913,55,22,East,57.5,Low
905915,Driver_5914,23,6,East,85.6,Good
905916,Driver_5915,40,29,East,84.0,Good
905917,Driver_5916,44,10,East,75.5,Good
905918,Driver_5917,59,4,North,86.4,Good
905919,Driver_5918,56,22,North,77.4,Good
905920,Driver_5919,49,16,East,67.4,Average
905921,Driver_5920,45,17,East,67.0,Average
905922,Driver_5921,50,3,West,76.6,Good
905923,Driver_5922,50,17,South,98.0,Excellent
905924,Driver_5923,38,22,North,70.2,Average
905925,Driver_5924,43,21,East,64.4,Average
905926,Driver_5925,52,23,West,60.6,Average
905927,Driver_5926,42,4,South,91.8,Excellent
905928,Driver_5927,58,7,West,98.3,Excellent
905929,Driver_5928,62,30,East,63.8,Average
905930,Driver_5929,28,1,West,80.6,Good
905931,Driver_5930,28,8,West,54.2,Low
905932,Driver_5931,50,27,South,77.5,Good
905933,Driver_5932,61,11,North,84.0,Good
905934,Driver_5933,29,29,South,55.0,Low
905935,Driver_5934,59,28,Central,66.8,Average
905936,Driver_5935,27,18,Central,55.0,Low
905937,Driver_5936,33,7,East,56.5,Low
905938,Driver_5937,24,10,East,81.7,Good
905939,Driver_5938,39,5,East,55.0,Low
905940,Driver_5939,41,26,West,94.6,Excellent
905941,Driver_5940,40,28,South,93.7,Excellent
905942,Driver_5941,48,19,Central,63.5,Average
905943,Driver_5942,63,9,North,61.3,Average
905944,Driver_5943,45,12,East,76.5,Good
905945,Driver_5944,48,7,East,72.5,Average
905946,Driver_5945,37,8,West,71.7,Average
905947,Driver_5946,31,21,Central,64.5,Average
905948,Driver_5947,29,5,West,59.9,Low
905949,Driver_5948,40,25,South,95.2,Excellent
905950,Driver_5949,43,3,West,74.8,Average
905951,Driver_5950,46,14,East,70.5,Average
905952,Driver_5951,26,4,East,96.8,Excellent
905953,Driver_5952,61,26,East,94.2,Excellent
905954,Driver_5953,30,5,West,54.6,Low
905955,Driver_5954,62,18,Central,81.3,Good
905956,Driver_5955,49,20,Central,92.6,Excellent
905957,Driver_5956,53,26,South,85.0,Good
905958,Driver_5957,34,7,West,92.2,Excellent
905959,Driver_5958,44,21,Central,87.4,Good
905960,Driver_5959,46,22,Central,70.6,Average
905961,Driver_5960,58,9,East,93.0,Excellent
905962,Driver_5961,30,15,Central,63.2,Average
905963,Driver_5962,62,5,South,73.2,Average
905964,Driver_5963,58,6,Central,74.7,Average
905965,Driver_5964,38,18,West,73.9,Average
905966,Driver_5965,58,10,South,84.0,Good
905967,Driver_5966,59,11,Central,75.2,Good
905968,Driver_5967,62,19,East,89.2,Good
905969,Driver_5968,50,12,West,58.4,Low
905970,Driver_5969,60,28,South,69.1,Average
905971,Driver_5970,49,27,East,77.6,Good
905972,Driver_5971,30,18,East,80.3,Good
905973,Driver_5972,56,1,West,81.0,Good
905974,Driver_5973,50,26,South,66.5,Average
905975,Driver_5974,32,5,Central,77.2,Good
905976,Driver_5975,29,22,South,64.9,Average
905977,Driver_5976,43,22,Central,74.7,Average
905978,Driver_5977,53,15,East,51.1,Low
905979,Driver_5978,38,23,East,92.9,Excellent
905980,Driver_5979,41,20,Central,53.4,Low
905981,Driver_5980,49,13,West,72.1,Average
905982,Driver_5981,55,14,South,65.7,Average
905983,Driver_5982,30,14,South,68.1,Average
905984,Driver_5983,43,16,West,71.1,Average
905985,Driver_5984,42,14,East,82.9,Good
905986,Driver_5985,40,7,North,59.5,Low
905987,Driver_5986,62,30,East,75.9,Good
905988,Driver_5987,51,19,North,71.0,Average
905989,Driver_5988,29,30,Central,59.8,Low
905990,Driver_5989,60,6,West,83.4,Good
905991,Driver_5990,55,29,West,90.5,Excellent
905992,Driver_5991,31,21,Central,96.3,Excellent
905993,Driver_5992,24,30,North,89.0,Good
905994,Driver_5993,57,7,East,97.2,Excellent
905995,Driver_5994,30,0,South,62.8,Average
905996,Driver_5995,45,15,East,80.5,Good
905997,Driver_5996,44,25,South,53.7,Low
905998,Driver_5997,33,4,West,90.8,Excellent
905999,Driver_5998,35,18,West,62.3,Average
906000,Driver_5999,45,7,East,61.8,Average
906001,Driver_6000,39,22,West,50.2,Low
906002,Driver_6001,56,19,West,88.4,Good
906003,Driver_6002,52,17,Central,66.3,Average
906004,Driver_6003,31,11,Central,87.3,Good
906005,Driver_6004,52,3,South,80.0,Good
906006,Driver_6005,54,30,North,76.2,Good
906007,Driver_6006,23,29,East,92.1,Excellent
906008,Driver_6007,42,27,West,69.7,Average
906009,Driver_6008,36,29,West,70.5,Average
906010,Driver_6009,44,20,South,87.9,Good
906011,Driver_6010,53,30,West,98.5,Excellent
906012,Driver_6011,27,20,East,64.4,Average
906013,Driver_6012,46,4,Central,86.2,Good
906014,Driver_6013,53,16,South,59.6,Low
906015,Driver_6014,44,21,Central,50.0,Low
906016,Driver_6015,24,10,East,75.8,Good
906017,Driver_6016,28,16,Central,93.0,Excellent
906018,Driver_6017,36,17,Central,78.6,Good
906019,Driver_6018,42,11,South,84.6,Good
906020,Driver_6019,39,15,West,92.3,Excellent
906021,Driver_6020,60,15,Central,89.3,Good
906022,Driver_6021,40,15,West,75.6,Good
906023,Driver_6022,39,21,Central,64.1,Average
906024,Driver_6023,47,16,West,53.8,Low
906025,Driver_6024,27,15,North,90.2,Excellent
906026,Driver_6025,59,14,Central,57.5,Low
906027,Driver_6026,32,8,West,86.5,Good
906028,Driver_6027,54,3,West,74.2,Average
906029,Driver_6028,44,28,Central,74.7,Average
906030,Driver_6029,49,8,North,62.3,Average
906031,Driver_6030,45,16,Central,74.4,Average
906032,Driver_6031,61,27,Central,87.5,Good
906033,Driver_6032,23,1,West,60.3,Average
906034,Driver_6033,55,23,East,95.0,Excellent
906035,Driver_6034,53,26,Central,69.2,Average
906036,Driver_6035,45,23,North,72.8,Average
906037,Driver_6036,44,24,South,50.8,Low
906038,Driver_6037,41,30,West,92.5,Excellent
906039,Driver_6038,25,25,Central,91.5,Excellent
906040,Driver_6039,35,23,North,70.0,Average
906041,Driver_6040,55,2,West,53.8,Low
906042,Driver_6041,38,0,West,63.0,Average
906043,Driver_6042,44,17,West,89.8,Good
906044,Driver_6043,30,17,West,65.7,Average
906045,Driver_6044,38,21,North,55.0,Low
906046,Driver_6045,45,13,South,87.5,Good
906047,Driver_6046,38,16,North,62.4,Average
906048,Driver_6047,62,11,East,58.9,Low
906049,Driver_6048,22,10,North,84.9,Good
906050,Driver_6049,29,27,South,62.0,Average
906051,Driver_6050,46,24,North,79.8,Good
906052,Driver_6051,38,22,South,56.4,Low
906053,Driver_6052,35,8,North,56.2,Low
906054,Driver_6053,21,24,West,83.2,Good
906055,Driver_6054,32,3,South,68.5,Average
906056,Driver_6055,50,0,West,71.6,Average
906057,Driver_6056,29,4,West,75.6,Good
906058,Driver_6057,59,6,South,68.2,Average
906059,Driver_6058,36,15,West,83.1,Good
906060,Driver_6059,55,24,North,72.6,Average
906061,Driver_6060,43,0,East,99.9,Excellent
906062,Driver_6061,42,21,East,90.0,Good
906063,Driver_6062,49,25,South,70.3,Average
906064,Driver_6063,34,23,North,95.3,Excellent
906065,Driver_6064,54,27,West,89.6,Good
906066,Driver_6065,57,13,West,79.2,Good
906067,Driver_6066,23,8,North,87.5,Good
906068,Driver_6067,22,2,East,92.0,Excellent
906069,Driver_6068,26,1,Central,82.1,Good
906070,Driver_6069,30,4,West,72.6,Average
906071,Driver_6070,54,7,West,55.9,Low
906072,Driver_6071,36,29,North,72.6,Average
906073,Driver_6072,39,22,South,56.9,Low
906074,Driver_6073,60,6,Central,97.6,Excellent
906075,Driver_6074,24,27,South,54.9,Low
906076,Driver_6075,52,25,North,67.4,Average
906077,Driver_6076,37,4,South,68.8,Average
906078,Driver_6077,23,15,South,52.3,Low
906079,Driver_6078,23,9,South,75.3,Good
906080,Driver_6079,58,5,North,98.7,Excellent
906081,Driver_6080,60,14,South,94.3,Excellent
906082,Driver_6081,51,7,South,88.5,Good
906083,Driver_6082,47,20,Central,71.6,Average
906084,Driver_6083,49,22,South,51.9,Low
906085,Driver_6084,63,11,Central,88.6,Good
906086,Driver_6085,33,26,East,57.0,Low
906087,Driver_6086,51,7,South,95.1,Excellent
906088,Driver_6087,37,26,Central,77.0,Good
906089,Driver_6088,35,16,North,87.6,Good
906090,Driver_6089,63,19,South,97.7,Excellent
906091,Driver_6090,36,27,Central,72.1,Average
906092,Driver_6091,53,9,Central,85.4,Good
906093,Driver_6092,58,14,Central,52.1,Low
906094,Driver_6093,30,9,Central,92.2,Excellent
906095,Driver_6094,62,3,East,82.7,Good
906096,Driver_6095,27,1,North,54.3,Low
906097,Driver_6096,23,28,South,65.9,Average
906098,Driver_6097,24,20,West,65.0,Average
906099,Driver_6098,51,18,South,96.2,Excellent
906100,Driver_6099,37,4,Central,78.3,Good
906101,Driver_6100,56,22,West,53.1,Low
906102,Driver_6101,52,18,South,80.1,Good
906103,Driver_6102,25,5,North,87.6,Good
906104,Driver_6103,57,18,South,59.7,Low
906105,Driver_6104,23,18,East,56.6,Low
906106,Driver_6105,40,0,South,82.8,Good
906107,Driver_6106,59,5,East,82.2,Good
906108,Driver_6107,34,18,South,72.9,Average
906109,Driver_6108,62,13,West,66.2,Average
906110,Driver_6109,51,27,South,70.0,Average
906111,Driver_6110,63,22,North,71.9,Average
906112,Driver_6111,31,3,West,93.9,Excellent
906113,Driver_6112,32,16,West,73.9,Average
906114,Driver_6113,59,6,West,97.3,Excellent
906115,Driver_6114,52,0,East,73.6,Average
906116,Driver_6115,40,1,Central,66.1,Average
906117,Driver_6116,44,10,West,69.2,Average
906118,Driver_6117,41,26,South,75.6,Good
906119,Driver_6118,50,4,West,84.1,Good
906120,Driver_6119,34,13,Central,69.1,Average
906121,Driver_6120,48,23,South,63.1,Average
906122,Driver_6121,59,26,East,84.2,Good
906123,Driver_6122,23,0,West,86.0,Good
906124,Driver_6123,63,16,South,70.4,Average
906125,Driver_6124,61,27,South,84.7,Good
906126,Driver_6125,41,24,North,87.4,Good
906127,Driver_6126,46,0,Central,97.1,Excellent
906128,Driver_6127,25,6,Central,92.2,Excellent
906129,Driver_6128,27,1,East,55.4,Low
906130,Driver_6129,63,4,North,79.8,Good
906131,Driver_6130,31,23,South,51.7,Low
906132,Driver_6131,48,13,North,75.6,Good
906133,Driver_6132,35,0,South,68.7,Average
906134,Driver_6133,60,16,Central,82.9,Good
906135,Driver_6134,28,10,West,58.8,Low
906136,Driver_6135,43,0,South,51.2,Low
906137,Driver_6136,59,30,North,73.3,Average
906138,Driver_6137,27,13,East,95.9,Excellent
906139,Driver_6138,27,2,West,89.8,Good
906140,Driver_6139,62,10,North,90.1,Excellent
906141,Driver_6140,53,30,East,94.2,Excellent
906142,Driver_6141,62,28,North,80.1,Good
906143,Driver_6142,41,12,South,73.9,Average
906144,Driver_6143,30,26,East,89.0,Good
906145,Driver_6144,59,2,South,78.9,Good
906146,Driver_6145,24,16,South,54.1,Low
906147,Driver_6146,61,30,East,96.8,Excellent
906148,Driver_6147,41,4,West,92.4,Excellent
906149,Driver_6148,47,24,North,75.7,Good
906150,Driver_6149,43,28,North,75.5,Good
906151,Driver_6150,59,14,Central,60.6,Average
906152,Driver_6151,62,14,North,50.2,Low
906153,Driver_6152,56,1,South,94.3,Excellent
906154,Driver_6153,43,18,Central,69.2,Average
906155,Driver_6154,36,29,Central,66.5,Average
906156,Driver_6155,42,19,East,62.1,Average
906157,Driver_6156,45,0,East,83.8,Good
906158,Driver_6157,35,1,North,91.9,Excellent
906159,Driver_6158,39,12,West,99.3,Excellent
906160,Driver_6159,46,13,South,53.2,Low
906161,Driver_6160,24,27,East,97.2,Excellent
906162,Driver_6161,24,27,North,78.2,Good
906163,Driver_6162,33,23,East,52.4,Low
906164,Driver_6163,40,15,East,65.8,Average
906165,Driver_6164,43,9,East,80.9,Good
906166,Driver_6165,44,11,East,58.1,Low
906167,Driver_6166,23,11,West,54.4,Low
906168,Driver_6167,42,24,Central,96.3,Excellent
906169,Driver_6168,41,16,North,79.4,Good
906170,Driver_6169,42,24,East,88.8,Good
906171,Driver_6170,47,5,West,66.6,Average
906172,Driver_6171,50,12,East,70.5,Average
906173,Driver_6172,30,8,West,89.4,Good
906174,Driver_6173,34,14,North,56.0,Low
906175,Driver_6174,63,1,Central,65.4,Average
906176,Driver_6175,24,11,North,76.5,Good
906177,Driver_6176,59,15,North,89.9,Good
906178,Driver_6177,44,13,West,76.5,Good
906179,Driver_6178,35,27,West,71.3,Average
906180,Driver_6179,60,18,Central,92.4,Excellent
906181,Driver_6180,50,19,East,59.7,Low
906182,Driver_6181,21,1,West,62.2,Average
906183,Driver_6182,30,4,West,55.3,Low
906184,Driver_6183,31,23,West,72.5,Average
906185,Driver_6184,23,28,East,72.7,Average
906186,Driver_6185,28,13,West,76.7,Good
906187,Driver_6186,52,27,West,72.8,Average
906188,Driver_6187,49,14,South,61.6,Average
906189,Driver_6188,29,1,Central,97.0,Excellent
906190,Driver_6189,43,4,North,53.6,Low
906191,Driver_6190,63,8,North,66.3,Average
906192,Driver_6191,27,5,North,69.1,Average
906193,Driver_6192,62,5,North,50.8,Low
906194,Driver_6193,23,16,Central,82.0,Good
906195,Driver_6194,58,29,East,60.6,Average
906196,Driver_6195,51,12,East,98.5,Excellent
906197,Driver_6196,36,12,South,74.4,Average
906198,Driver_6197,22,6,East,90.5,Excellent
906199,Driver_6198,63,3,East,67.5,Average
906200,Driver_6199,36,29,East,62.2,Average
906201,Driver_6200,61,17,North,95.8,Excellent
906202,Driver_6201,38,12,East,68.1,Average
906203,Driver_6202,60,19,South,66.4,Average
906204,Driver_6203,29,12,North,79.6,Good
906205,Driver_6204,60,29,West,78.9,Good
906206,Driver_6205,63,25,West,58.0,Low
906207,Driver_6206,24,18,North,65.9,Average
906208,Driver_6207,24,19,West,59.5,Low
906209,Driver_6208,40,22,East,82.7,Good
906210,Driver_6209,36,4,South,86.3,Good
906211,Driver_6210,43,5,West,88.4,Good
906212,Driver_6211,24,6,West,56.9,Low
906213,Driver_6212,27,23,Central,58.1,Low
906214,Driver_6213,33,2,Central,94.6,Excellent
906215,Driver_6214,51,5,South,58.8,Low
906216,Driver_6215,54,20,East,51.1,Low
906217,Driver_6216,62,30,West,51.9,Low
906218,Driver_6217,28,30,East,90.4,Excellent
906219,Driver_6218,21,14,North,88.7,Good
906220,Driver_6219,61,26,South,74.6,Average
906221,Driver_6220,40,26,South,63.6,Average
906222,Driver_6221,34,19,North,54.4,Low
906223,Driver_6222,38,15,East,56.3,Low
906224,Driver_6223,53,16,Central,85.7,Good
906225,Driver_6224,29,15,Central,89.7,Good
906226,Driver_6225,48,5,Central,97.7,Excellent
906227,Driver_6226,35,18,North,57.5,Low
906228,Driver_6227,46,10,North,80.0,Good
906229,Driver_6228,51,23,East,77.0,Good
906230,Driver_6229,26,10,East,84.9,Good
906231,Driver_6230,58,13,West,94.5,Excellent
906232,Driver_6231,44,29,West,74.6,Average
906233,Driver_6232,60,29,North,53.8,Low
906234,Driver_6233,44,11,Central,73.5,Average
906235,Driver_6234,59,24,South,78.7,Good
906236,Driver_6235,58,29,East,81.2,Good
906237,Driver_6236,25,25,West,59.0,Low
906238,Driver_6237,34,14,West,51.2,Low
906239,Driver_6238,34,12,West,75.9,Good
906240,Driver_6239,31,12,South,57.4,Low
906241,Driver_6240,24,11,Central,98.6,Excellent
906242,Driver_6241,61,29,Central,71.6,Average
906243,Driver_6242,22,18,East,84.6,Good
906244,Driver_6243,47,16,East,66.5,Average
906245,Driver_6244,59,20,Central,80.1,Good
906246,Driver_6245,39,23,North,92.3,Excellent
906247,Driver_6246,22,10,East,79.1,Good
906248,Driver_6247,61,25,North,85.0,Good
906249,Driver_6248,42,21,South,91.6,Excellent
906250,Driver_6249,28,1,Central,81.2,Good
906251,Driver_6250,27,3,West,70.9,Average
906252,Driver_6251,41,11,Central,81.8,Good
906253,Driver_6252,62,10,Central,52.5,Low
906254,Driver_6253,32,0,North,86.0,Good
906255,Driver_6254,39,15,North,94.0,Excellent
906256,Driver_6255,59,7,Central,85.1,Good
906257,Driver_6256,62,2,South,81.6,Good
906258,Driver_6257,25,12,Central,76.7,Good
906259,Driver_6258,42,21,South,92.9,Excellent
906260,Driver_6259,43,2,West,53.5,Low
906261,Driver_6260,54,13,West,71.8,Average
906262,Driver_6261,33,25,Central,80.0,Good
906263,Driver_6262,26,18,North,72.8,Average
906264,Driver_6263,46,3,North,62.9,Average
906265,Driver_6264,57,7,West,51.7,Low
906266,Driver_6265,59,4,South,93.7,Excellent
906267,Driver_6266,41,9,East,86.4,Good
906268,Driver_6267,46,25,South,59.3,Low
906269,Driver_6268,51,26,North,62.8,Average
906270,Driver_6269,26,25,South,73.7,Average
906271,Driver_6270,25,26,Central,94.2,Excellent
906272,Driver_6271,36,18,South,72.5,Average
906273,Driver_6272,58,29,East,57.1,Low
906274,Driver_6273,42,21,South,80.7,Good
906275,Driver_6274,56,30,Central,76.4,Good
906276,Driver_6275,63,28,North,87.4,Good
906277,Driver_6276,37,5,South,58.5,Low
906278,Driver_6277,28,17,East,76.4,Good
906279,Driver_6278,62,7,North,86.8,Good
906280,Driver_6279,44,16,East,93.0,Excellent
906281,Driver_6280,46,5,East,56.2,Low
906282,Driver_6281,33,4,East,81.3,Good
906283,Driver_6282,56,29,North,93.6,Excellent
906284,Driver_6283,22,15,East,83.9,Good
906285,Driver_6284,48,4,West,51.0,Low
906286,Driver_6285,37,16,Central,89.5,Good
906287,Driver_6286,60,15,West,66.1,Average
906288,Driver_6287,26,27,North,81.4,Good
906289,Driver_6288,38,3,East,94.4,Excellent
906290,Driver_6289,35,1,South,69.6,Average
906291,Driver_6290,23,30,East,60.0,Low
906292,Driver_6291,55,13,North,75.1,Good
906293,Driver_6292,38,7,West,90.4,Excellent
906294,Driver_6293,47,3,East,64.6,Average
906295,Driver_6294,54,24,Central,55.9,Low
906296,Driver_6295,47,9,West,72.9,Average
906297,Driver_6296,33,14,East,64.1,Average
906298,Driver_6297,57,2,Central,76.3,Good
906299,Driver_6298,30,0,South,92.7,Excellent
906300,Driver_6299,59,5,South,90.2,Excellent
906301,Driver_6300,56,0,West,67.0,Average
906302,Driver_6301,49,3,Central,71.4,Average
906303,Driver_6302,44,7,East,86.5,Good
906304,Driver_6303,51,22,Central,98.2,Excellent
906305,Driver_6304,26,4,North,56.0,Low
906306,Driver_6305,36,20,North,88.8,Good
906307,Driver_6306,21,11,West,67.8,Average
906308,Driver_6307,41,10,East,81.8,Good
906309,Driver_6308,28,15,West,76.7,Good
906310,Driver_6309,56,26,South,55.8,Low
906311,Driver_6310,38,14,East,64.0,Average
906312,Driver_6311,62,10,Central,83.8,Good
906313,Driver_6312,30,4,West,83.1,Good
906314,Driver_6313,45,11,West,64.5,Average
906315,Driver_6314,60,3,Central,71.6,Average
906316,Driver_6315,60,13,West,55.5,Low
906317,Driver_6316,22,16,North,69.1,Average
906318,Driver_6317,50,2,South,58.1,Low
906319,Driver_6318,35,17,North,62.8,Average
906320,Driver_6319,43,28,South,98.4,Excellent
906321,Driver_6320,38,21,East,99.4,Excellent
906322,Driver_6321,55,0,West,93.2,Excellent
906323,Driver_6322,39,8,South,67.4,Average
906324,Driver_6323,46,5,North,51.9,Low
906325,Driver_6324,36,18,South,58.3,Low
906326,Driver_6325,49,21,East,58.0,Low
906327,Driver_6326,25,14,North,87.9,Good
906328,Driver_6327,62,25,West,57.1,Low
906329,Driver_6328,56,15,West,67.9,Average
906330,Driver_6329,32,6,East,75.9,Good
906331,Driver_6330,63,11,North,97.7,Excellent
906332,Driver_6331,42,12,South,52.0,Low
906333,Driver_6332,42,20,East,98.3,Excellent
906334,Driver_6333,54,12,South,71.7,Average
906335,Driver_6334,62,19,Central,71.1,Average
906336,Driver_6335,32,7,North,78.7,Good
906337,Driver_6336,24,22,East,90.1,Excellent
906338,Driver_6337,41,20,Central,57.8,Low
906339,Driver_6338,33,5,East,83.6,Good
906340,Driver_6339,30,18,East,75.1,Good
906341,Driver_6340,52,13,South,89.1,Good
906342,Driver_6341,57,26,East,68.0,Average
906343,Driver_6342,55,16,West,66.4,Average
906344,Driver_6343,44,10,East,94.1,Excellent
906345,Driver_6344,63,19,South,62.9,Average
906346,Driver_6345,49,19,North,98.6,Excellent
906347,Driver_6346,56,21,South,76.0,Good
906348,Driver_6347,30,19,Central,91.3,Excellent
906349,Driver_6348,37,18,Central,70.2,Average
906350,Driver_6349,33,29,North,78.1,Good
906351,Driver_6350,62,23,South,86.5,Good
906352,Driver_6351,37,2,North,93.5,Excellent
906353,Driver_6352,24,14,Central,69.5,Average
906354,Driver_6353,31,10,Central,56.7,Low
906355,Driver_6354,37,28,West,81.3,Good
906356,Driver_6355,35,25,South,83.9,Good
906357,Driver_6356,30,17,East,98.2,Excellent
906358,Driver_6357,55,26,Central,92.3,Excellent
906359,Driver_6358,30,1,South,51.9,Low
906360,Driver_6359,50,0,North,95.3,Excellent
906361,Driver_6360,24,5,North,57.7,Low
906362,Driver_6361,27,25,North,68.4,Average
906363,Driver_6362,56,5,South,61.4,Average
906364,Driver_6363,58,26,East,88.3,Good
906365,Driver_6364,51,26,South,76.4,Good
906366,Driver_6365,37,14,West,98.5,Excellent
906367,Driver_6366,48,14,East,63.5,Average
906368,Driver_6367,54,12,Central,55.1,Low
906369,Driver_6368,51,8,East,92.6,Excellent
906370,Driver_6369,44,16,Central,59.7,Low
906371,Driver_6370,38,4,Central,53.2,Low
906372,Driver_6371,52,23,Central,94.6,Excellent
906373,Driver_6372,50,27,West,91.3,Excellent
906374,Driver_6373,52,26,West,96.1,Excellent
906375,Driver_6374,30,15,East,76.1,Good
906376,Driver_6375,50,5,East,61.8,Average
906377,Driver_6376,37,3,Central,63.8,Average
906378,Driver_6377,35,3,West,71.1,Average
906379,Driver_6378,53,17,East,90.6,Excellent
906380,Driver_6379,52,12,East,55.2,Low
906381,Driver_6380,22,12,East,75.6,Good
906382,Driver_6381,45,30,North,67.5,Average
906383,Driver_6382,29,23,South,53.4,Low
906384,Driver_6383,47,17,East,99.4,Excellent
906385,Driver_6384,52,28,South,93.3,Excellent
906386,Driver_6385,50,15,North,51.4,Low
906387,Driver_6386,46,20,Central,82.4,Good
906388,Driver_6387,46,10,West,73.4,Average
906389,Driver_6388,48,8,South,56.8,Low
906390,Driver_6389,30,16,North,65.9,Average
906391,Driver_6390,39,21,Central,63.3,Average
906392,Driver_6391,42,29,East,73.9,Average
906393,Driver_6392,59,5,South,95.1,Excellent
906394,Driver_6393,29,29,North,53.9,Low
906395,Driver_6394,22,17,East,94.0,Excellent
906396,Driver_6395,55,16,West,84.9,Good
906397,Driver_6396,23,20,Central,58.5,Low
906398,Driver_6397,21,10,North,64.1,Average
906399,Driver_6398,42,10,North,89.7,Good
906400,Driver_6399,53,19,South,53.8,Low
906401,Driver_6400,56,25,West,96.4,Excellent
906402,Driver_6401,59,23,Central,52.5,Low
906403,Driver_6402,60,24,West,64.5,Average
906404,Driver_6403,48,11,West,67.0,Average
906405,Driver_6404,27,20,South,51.8,Low
906406,Driver_6405,27,22,East,75.0,Average
906407,Driver_6406,43,11,West,80.7,Good
906408,Driver_6407,47,20,South,93.7,Excellent
906409,Driver_6408,27,29,West,90.5,Excellent
906410,Driver_6409,35,14,North,75.9,Good
906411,Driver_6410,40,20,South,87.5,Good
906412,Driver_6411,27,12,West,56.3,Low
906413,Driver_6412,35,8,East,57.2,Low
906414,Driver_6413,56,30,South,77.3,Good
906415,Driver_6414,51,13,South,55.3,Low
906416,Driver_6415,39,2,East,56.7,Low
906417,Driver_6416,29,3,West,64.1,Average
906418,Driver_6417,28,13,East,59.4,Low
906419,Driver_6418,23,19,North,73.2,Average
906420,Driver_6419,41,10,East,83.9,Good
906421,Driver_6420,53,6,South,53.1,Low
906422,Driver_6421,40,13,East,87.2,Good
906423,Driver_6422,44,4,South,74.8,Average
906424,Driver_6423,22,2,North,88.7,Good
906425,Driver_6424,61,21,North,74.1,Average
906426,Driver_6425,32,25,Central,84.2,Good
906427,Driver_6426,32,30,Central,82.7,Good
906428,Driver_6427,32,16,North,90.2,Excellent
906429,Driver_6428,26,4,East,78.9,Good
906430,Driver_6429,41,14,West,98.5,Excellent
906431,Driver_6430,45,0,West,72.3,Average
906432,Driver_6431,46,30,West,68.3,Average
906433,Driver_6432,55,2,West,96.5,Excellent
906434,Driver_6433,41,0,Central,72.4,Average
906435,Driver_6434,43,27,West,52.1,Low
906436,Driver_6435,52,3,Central,63.2,Average
906437,Driver_6436,47,15,Central,53.5,Low
906438,Driver_6437,34,11,South,70.3,Average
906439,Driver_6438,36,21,East,51.2,Low
906440,Driver_6439,53,27,West,78.8,Good
906441,Driver_6440,52,24,Central,66.1,Average
906442,Driver_6441,34,7,East,55.4,Low
906443,Driver_6442,55,21,North,94.4,Excellent
906444,Driver_6443,48,1,East,99.6,Excellent
906445,Driver_6444,60,20,North,98.2,Excellent
906446,Driver_6445,59,7,West,100.0,Excellent
906447,Driver_6446,36,5,South,73.1,Average
906448,Driver_6447,27,17,North,97.0,Excellent
906449,Driver_6448,21,5,South,91.6,Excellent
906450,Driver_6449,26,16,West,66.7,Average
906451,Driver_6450,47,2,West,50.4,Low
906452,Driver_6451,21,13,West,51.0,Low
906453,Driver_6452,49,17,North,76.5,Good
906454,Driver_6453,40,16,South,81.3,Good
906455,Driver_6454,27,5,East,87.7,Good
906456,Driver_6455,56,7,West,67.0,Average
906457,Driver_6456,28,29,West,87.2,Good
906458,Driver_6457,34,4,South,64.6,Average
906459,Driver_6458,43,7,West,53.1,Low
906460,Driver_6459,57,12,East,81.4,Good
906461,Driver_6460,59,27,Central,83.6,Good
906462,Driver_6461,24,3,Central,51.0,Low
906463,Driver_6462,32,19,Central,58.4,Low
906464,Driver_6463,54,23,North,80.7,Good
906465,Driver_6464,22,27,North,52.0,Low
906466,Driver_6465,28,3,South,87.5,Good
906467,Driver_6466,30,2,North,51.8,Low
906468,Driver_6467,59,30,Central,84.7,Good
906469,Driver_6468,22,28,West,64.5,Average
906470,Driver_6469,45,2,East,65.1,Average
906471,Driver_6470,41,14,Central,51.3,Low
906472,Driver_6471,34,22,East,57.9,Low
906473,Driver_6472,45,20,North,65.7,Average
906474,Driver_6473,36,25,East,65.4,Average
906475,Driver_6474,48,7,South,54.8,Low
906476,Driver_6475,52,18,West,72.7,Average
906477,Driver_6476,47,14,East,99.2,Excellent
906478,Driver_6477,46,18,East,96.6,Excellent
906479,Driver_6478,39,1,North,75.6,Good
906480,Driver_6479,47,4,South,53.9,Low
906481,Driver_6480,48,23,North,77.6,Good
906482,Driver_6481,41,23,South,73.8,Average
906483,Driver_6482,46,16,Central,75.0,Average
906484,Driver_6483,36,12,South,79.6,Good
906485,Driver_6484,28,2,North,72.3,Average
906486,Driver_6485,34,28,South,81.2,Good
906487,Driver_6486,54,28,North,56.7,Low
906488,Driver_6487,29,21,West,93.3,Excellent
906489,Driver_6488,55,24,North,67.2,Average
906490,Driver_6489,33,10,East,83.5,Good
906491,Driver_6490,24,0,North,94.6,Excellent
906492,Driver_6491,25,22,East,89.8,Good
906493,Driver_6492,48,18,Central,65.2,Average
906494,Driver_6493,63,8,East,77.9,Good
906495,Driver_6494,24,21,South,85.6,Good
906496,Driver_6495,21,16,Central,53.8,Low
906497,Driver_6496,47,10,Central,58.6,Low
906498,Driver_6497,41,25,West,73.5,Average
906499,Driver_6498,37,2,West,61.3,Average
906500,Driver_6499,39,17,North,74.0,Average
906501,Driver_6500,33,15,South,70.4,Average
906502,Driver_6501,56,18,Central,50.1,Low
906503,Driver_6502,24,30,Central,96.1,Excellent
906504,Driver_6503,57,29,East,93.9,Excellent
906505,Driver_6504,50,13,West,95.3,Excellent
906506,Driver_6505,49,24,West,98.2,Excellent
906507,Driver_6506,37,22,South,95.2,Excellent
906508,Driver_6507,41,27,Central,95.1,Excellent
906509,Driver_6508,36,26,East,80.7,Good
906510,Driver_6509,46,3,West,78.1,Good
906511,Driver_6510,42,8,West,51.3,Low
906512,Driver_6511,60,0,South,91.0,Excellent
906513,Driver_6512,22,12,North,65.6,Average
906514,Driver_6513,39,4,South,97.4,Excellent
906515,Driver_6514,44,27,East,79.4,Good
906516,Driver_6515,44,23,South,76.5,Good
906517,Driver_6516,47,15,Central,97.9,Excellent
906518,Driver_6517,60,19,North,76.0,Good
906519,Driver_6518,23,30,North,79.1,Good
906520,Driver_6519,25,13,North,58.4,Low
906521,Driver_6520,21,2,East,91.2,Excellent
906522,Driver_6521,30,18,Central,71.7,Average
906523,Driver_6522,27,4,Central,74.6,Average
906524,Driver_6523,54,2,East,61.7,Average
906525,Driver_6524,29,24,North,55.2,Low
906526,Driver_6525,29,2,East,93.7,Excellent
906527,Driver_6526,21,13,South,63.4,Average
906528,Driver_6527,53,24,East,88.6,Good
906529,Driver_6528,36,5,Central,55.8,Low
906530,Driver_6529,42,19,South,79.6,Good
906531,Driver_6530,38,27,North,85.7,Good
906532,Driver_6531,56,4,South,62.4,Average
906533,Driver_6532,31,10,South,69.8,Average
906534,Driver_6533,28,10,East,90.8,Excellent
906535,Driver_6534,55,6,East,60.8,Average
906536,Driver_6535,40,8,South,94.8,Excellent
906537,Driver_6536,25,28,West,88.7,Good
906538,Driver_6537,63,23,Central,71.5,Average
906539,Driver_6538,59,3,Central,73.8,Average
906540,Driver_6539,48,17,West,62.4,Average
906541,Driver_6540,46,8,East,58.2,Low
906542,Driver_6541,21,22,North,68.2,Average
906543,Driver_6542,48,28,East,56.1,Low
906544,Driver_6543,52,25,South,79.1,Good
906545,Driver_6544,24,12,West,53.1,Low
906546,Driver_6545,43,25,South,57.2,Low
906547,Driver_6546,49,12,Central,59.5,Low
906548,Driver_6547,63,15,North,53.8,Low
906549,Driver_6548,42,22,West,54.8,Low
906550,Driver_6549,24,18,East,50.8,Low
906551,Driver_6550,49,22,East,76.0,Good
906552,Driver_6551,38,2,West,72.0,Average
906553,Driver_6552,32,26,West,51.7,Low
906554,Driver_6553,34,30,West,59.6,Low
906555,Driver_6554,50,5,West,76.3,Good
906556,Driver_6555,21,24,North,78.0,Good
906557,Driver_6556,40,30,North,89.0,Good
906558,Driver_6557,62,8,North,98.6,Excellent
906559,Driver_6558,60,0,East,72.8,Average
906560,Driver_6559,30,30,Central,61.4,Average
906561,Driver_6560,63,16,South,58.2,Low
906562,Driver_6561,60,21,East,71.6,Average
906563,Driver_6562,38,17,East,94.6,Excellent
906564,Driver_6563,28,20,Central,78.7,Good
906565,Driver_6564,49,12,West,86.6,Good
906566,Driver_6565,31,25,South,70.6,Average
906567,Driver_6566,27,7,West,93.1,Excellent
906568,Driver_6567,21,26,North,82.9,Good
906569,Driver_6568,33,23,South,84.9,Good
906570,Driver_6569,22,20,West,68.9,Average
906571,Driver_6570,54,18,South,66.0,Average
906572,Driver_6571,26,30,South,65.0,Average
906573,Driver_6572,62,24,East,62.1,Average
906574,Driver_6573,38,14,East,67.1,Average
906575,Driver_6574,63,22,Central,67.8,Average
906576,Driver_6575,61,29,West,74.8,Average
906577,Driver_6576,35,16,North,91.3,Excellent
906578,Driver_6577,30,20,Central,81.4,Good
906579,Driver_6578,23,25,South,67.8,Average
906580,Driver_6579,62,29,Central,59.1,Low
906581,Driver_6580,58,20,East,58.7,Low
906582,Driver_6581,62,19,Central,60.8,Average
906583,Driver_6582,60,17,South,91.8,Excellent
906584,Driver_6583,52,2,North,72.3,Average
906585,Driver_6584,37,22,East,92.6,Excellent
906586,Driver_6585,49,18,East,94.6,Excellent
906587,Driver_6586,40,16,East,50.7,Low
906588,Driver_6587,42,4,East,85.3,Good
906589,Driver_6588,55,26,North,71.5,Average
906590,Driver_6589,28,10,North,76.9,Good
906591,Driver_6590,27,21,South,52.0,Low
906592,Driver_6591,63,18,South,64.6,Average
906593,Driver_6592,38,29,East,63.0,Average
906594,Driver_6593,33,4,North,70.2,Average
906595,Driver_6594,58,9,Central,68.5,Average
906596,Driver_6595,60,0,North,92.9,Excellent
906597,Driver_6596,61,23,Central,86.3,Good
906598,Driver_6597,30,10,East,58.6,Low
906599,Driver_6598,36,20,West,77.8,Good
906600,Driver_6599,30,6,West,80.3,Good
906601,Driver_6600,51,17,North,62.4,Average
906602,Driver_6601,58,30,North,94.8,Excellent
906603,Driver_6602,58,7,South,72.2,Average
906604,Driver_6603,22,15,East,75.3,Good
906605,Driver_6604,59,29,West,97.9,Excellent
906606,Driver_6605,33,5,West,68.2,Average
906607,Driver_6606,59,2,North,61.7,Average
906608,Driver_6607,36,21,West,58.5,Low
906609,Driver_6608,51,6,South,95.1,Excellent
906610,Driver_6609,54,11,East,60.3,Average
906611,Driver_6610,55,16,West,90.0,Good
906612,Driver_6611,33,6,West,60.2,Average
906613,Driver_6612,55,9,Central,81.2,Good
906614,Driver_6613,54,29,West,96.2,Excellent
906615,Driver_6614,59,25,North,61.0,Average
906616,Driver_6615,56,4,North,92.2,Excellent
906617,Driver_6616,39,23,North,76.3,Good
906618,Driver_6617,39,21,South,72.4,Average
906619,Driver_6618,43,3,East,67.9,Average
906620,Driver_6619,23,27,West,70.0,Average
906621,Driver_6620,25,24,Central,53.6,Low
906622,Driver_6621,54,9,Central,65.0,Average
906623,Driver_6622,61,6,North,95.4,Excellent
906624,Driver_6623,25,5,North,61.1,Average
906625,Driver_6624,28,24,West,62.1,Average
906626,Driver_6625,38,4,North,77.4,Good
906627,Driver_6626,48,10,West,91.7,Excellent
906628,Driver_6627,59,7,South,84.6,Good
906629,Driver_6628,42,17,North,97.5,Excellent
906630,Driver_6629,44,9,North,70.4,Average
906631,Driver_6630,60,10,North,64.9,Average
906632,Driver_6631,35,26,West,74.6,Average
906633,Driver_6632,24,11,North,99.1,Excellent
906634,Driver_6633,22,9,West,56.7,Low
906635,Driver_6634,42,22,South,96.6,Excellent
906636,Driver_6635,23,2,East,97.6,Excellent
906637,Driver_6636,61,12,East,95.8,Excellent
906638,Driver_6637,63,22,Central,61.8,Average
906639,Driver_6638,22,15,West,98.2,Excellent
906640,Driver_6639,32,21,North,50.3,Low
906641,Driver_6640,59,19,South,54.4,Low
906642,Driver_6641,38,21,East,66.6,Average
906643,Driver_6642,54,27,East,94.3,Excellent
906644,Driver_6643,44,20,Central,81.6,Good
906645,Driver_6644,52,26,South,57.2,Low
906646,Driver_6645,44,26,West,71.1,Average
906647,Driver_6646,23,6,West,67.6,Average
906648,Driver_6647,59,8,Central,61.6,Average
906649,Driver_6648,42,10,South,71.2,Average
906650,Driver_6649,36,14,West,68.4,Average
906651,Driver_6650,58,23,Central,71.9,Average
906652,Driver_6651,60,18,North,59.8,Low
906653,Driver_6652,53,15,North,92.7,Excellent
906654,Driver_6653,48,26,West,93.4,Excellent
906655,Driver_6654,34,29,Central,99.4,Excellent
906656,Driver_6655,45,13,South,68.2,Average
906657,Driver_6656,55,4,Central,70.9,Average
906658,Driver_6657,46,1,East,90.7,Excellent
906659,Driver_6658,62,0,West,67.8,Average
906660,Driver_6659,46,19,Central,96.6,Excellent
906661,Driver_6660,28,27,West,96.2,Excellent
906662,Driver_6661,45,24,South,72.0,Average
906663,Driver_6662,28,0,West,68.1,Average
906664,Driver_6663,44,4,East,51.4,Low
906665,Driver_6664,41,4,East,80.7,Good
906666,Driver_6665,63,22,East,88.9,Good
906667,Driver_6666,21,9,East,95.5,Excellent
906668,Driver_6667,48,26,North,96.1,Excellent
906669,Driver_6668,58,21,South,89.6,Good
906670,Driver_6669,28,9,Central,74.1,Average
906671,Driver_6670,34,13,West,92.7,Excellent
906672,Driver_6671,32,27,South,99.3,Excellent
906673,Driver_6672,26,14,North,89.2,Good
906674,Driver_6673,58,17,North,88.8,Good
906675,Driver_6674,59,3,West,87.6,Good
906676,Driver_6675,57,2,Central,50.9,Low
906677,Driver_6676,58,10,North,91.4,Excellent
906678,Driver_6677,28,28,Central,57.3,Low
906679,Driver_6678,57,26,North,64.1,Average
906680,Driver_6679,57,7,North,91.3,Excellent
906681,Driver_6680,39,24,West,56.7,Low
906682,Driver_6681,32,24,Central,57.2,Low
906683,Driver_6682,28,13,East,95.7,Excellent
906684,Driver_6683,37,4,East,73.9,Average
906685,Driver_6684,59,19,Central,71.8,Average
906686,Driver_6685,27,11,West,55.2,Low
906687,Driver_6686,51,8,South,88.5,Good
906688,Driver_6687,28,12,East,99.5,Excellent
906689,Driver_6688,47,21,South,79.7,Good
906690,Driver_6689,43,13,Central,94.6,Excellent
906691,Driver_6690,50,4,North,74.9,Average
906692,Driver_6691,30,13,North,72.1,Average
906693,Driver_6692,48,4,Central,78.9,Good
906694,Driver_6693,51,18,North,81.5,Good
906695,Driver_6694,32,9,South,82.6,Good
906696,Driver_6695,34,17,North,57.2,Low
906697,Driver_6696,36,8,Central,51.6,Low
906698,Driver_6697,51,22,West,68.3,Average
906699,Driver_6698,27,24,North,64.3,Average
906700,Driver_6699,41,30,East,81.3,Good
906701,Driver_6700,61,29,South,68.4,Average
906702,Driver_6701,59,4,Central,71.9,Average
906703,Driver_6702,38,12,West,72.2,Average
906704,Driver_6703,40,16,South,93.7,Excellent
906705,Driver_6704,30,3,Central,83.6,Good
906706,Driver_6705,40,29,South,58.3,Low
906707,Driver_6706,30,1,West,93.7,Excellent
906708,Driver_6707,23,1,Central,86.8,Good
906709,Driver_6708,21,6,East,61.5,Average
906710,Driver_6709,50,14,East,75.3,Good
906711,Driver_6710,50,14,Central,60.9,Average
906712,Driver_6711,46,24,Central,83.8,Good
906713,Driver_6712,41,21,East,91.8,Excellent
906714,Driver_6713,27,13,South,76.5,Good
906715,Driver_6714,51,14,South,59.3,Low
906716,Driver_6715,51,17,South,71.6,Average
906717,Driver_6716,40,4,East,61.1,Average
906718,Driver_6717,49,11,West,68.3,Average
906719,Driver_6718,23,14,North,99.5,Excellent
906720,Driver_6719,61,26,Central,87.5,Good
906721,Driver_6720,39,24,Central,85.0,Good
906722,Driver_6721,23,0,South,71.2,Average
906723,Driver_6722,37,6,North,57.1,Low
906724,Driver_6723,54,16,Central,60.6,Average
906725,Driver_6724,54,8,North,74.9,Average
906726,Driver_6725,38,8,North,50.9,Low
906727,Driver_6726,34,2,East,74.0,Average
906728,Driver_6727,62,16,West,79.1,Good
906729,Driver_6728,59,26,South,80.9,Good
906730,Driver_6729,48,16,West,64.5,Average
906731,Driver_6730,35,5,West,51.1,Low
906732,Driver_6731,36,8,West,70.7,Average
906733,Driver_6732,31,26,Central,67.8,Average
906734,Driver_6733,48,3,North,58.0,Low
906735,Driver_6734,36,12,West,66.9,Average
906736,Driver_6735,31,1,South,99.7,Excellent
906737,Driver_6736,58,4,East,70.2,Average
906738,Driver_6737,59,22,West,97.0,Excellent
906739,Driver_6738,42,5,West,69.2,Average
906740,Driver_6739,49,23,North,99.8,Excellent
906741,Driver_6740,28,26,South,90.6,Excellent
906742,Driver_6741,50,7,East,96.9,Excellent
906743,Driver_6742,51,25,West,73.8,Average
906744,Driver_6743,40,26,West,71.7,Average
906745,Driver_6744,23,3,East,83.7,Good
906746,Driver_6745,48,9,West,60.1,Average
906747,Driver_6746,26,28,East,77.9,Good
906748,Driver_6747,22,25,East,83.0,Good
906749,Driver_6748,52,22,South,94.5,Excellent
906750,Driver_6749,52,15,Central,79.3,Good
906751,Driver_6750,48,24,South,51.6,Low
906752,Driver_6751,42,4,North,83.4,Good
906753,Driver_6752,23,19,East,87.4,Good
906754,Driver_6753,60,22,South,52.5,Low
906755,Driver_6754,36,22,North,75.1,Good
906756,Driver_6755,45,24,East,87.3,Good
906757,Driver_6756,45,24,Central,52.6,Low
906758,Driver_6757,33,19,South,60.0,Low
906759,Driver_6758,60,5,East,57.7,Low
906760,Driver_6759,33,2,East,88.2,Good
906761,Driver_6760,51,0,West,87.9,Good
906762,Driver_6761,27,2,North,75.5,Good
906763,Driver_6762,45,26,South,94.3,Excellent
906764,Driver_6763,46,23,South,56.7,Low
906765,Driver_6764,35,7,South,73.3,Average
906766,Driver_6765,40,14,South,62.0,Average
906767,Driver_6766,39,18,East,64.6,Average
906768,Driver_6767,23,6,North,94.2,Excellent
906769,Driver_6768,36,19,South,76.5,Good
906770,Driver_6769,51,26,South,83.7,Good
906771,Driver_6770,37,24,North,88.5,Good
906772,Driver_6771,40,4,Central,68.2,Average
906773,Driver_6772,24,21,Central,88.6,Good
906774,Driver_6773,55,30,South,52.5,Low
906775,Driver_6774,40,21,North,93.1,Excellent
906776,Driver_6775,41,1,East,91.0,Excellent
906777,Driver_6776,21,0,East,64.0,Average
906778,Driver_6777,33,27,East,55.1,Low
906779,Driver_6778,27,1,Central,98.0,Excellent
906780,Driver_6779,23,3,South,74.0,Average
906781,Driver_6780,59,19,West,96.2,Excellent
906782,Driver_6781,33,1,South,97.5,Excellent
906783,Driver_6782,60,4,East,54.2,Low
906784,Driver_6783,63,11,South,50.1,Low
906785,Driver_6784,50,3,South,92.1,Excellent
906786,Driver_6785,53,26,Central,51.4,Low
906787,Driver_6786,56,2,Central,98.9,Excellent
906788,Driver_6787,62,9,South,82.4,Good
906789,Driver_6788,53,6,North,60.8,Average
906790,Driver_6789,53,27,North,78.9,Good
906791,Driver_6790,36,13,West,53.9,Low
906792,Driver_6791,30,23,West,58.1,Low
906793,Driver_6792,60,9,Central,78.7,Good
906794,Driver_6793,43,25,West,85.4,Good
906795,Driver_6794,21,8,Central,59.5,Low
906796,Driver_6795,51,12,West,68.4,Average
906797,Driver_6796,32,9,East,76.8,Good
906798,Driver_6797,56,29,Central,88.9,Good
906799,Driver_6798,42,27,East,57.4,Low
906800,Driver_6799,50,14,Central,67.9,Average
906801,Driver_6800,26,5,East,56.6,Low
906802,Driver_6801,49,23,South,76.3,Good
906803,Driver_6802,52,20,North,78.2,Good
906804,Driver_6803,44,29,North,51.0,Low
906805,Driver_6804,47,19,East,82.7,Good
906806,Driver_6805,59,15,Central,56.3,Low
906807,Driver_6806,25,10,South,90.6,Excellent
906808,Driver_6807,53,4,West,72.1,Average
906809,Driver_6808,63,1,West,53.1,Low
906810,Driver_6809,38,28,East,76.1,Good
906811,Driver_6810,58,17,Central,64.8,Average
906812,Driver_6811,47,24,North,90.9,Excellent
906813,Driver_6812,33,18,North,86.7,Good
906814,Driver_6813,32,17,South,63.8,Average
906815,Driver_6814,44,27,South,98.9,Excellent
906816,Driver_6815,54,8,West,91.9,Excellent
906817,Driver_6816,38,6,South,73.3,Average
906818,Driver_6817,47,26,West,64.2,Average
906819,Driver_6818,29,21,East,51.4,Low
906820,Driver_6819,55,2,West,71.1,Average
906821,Driver_6820,46,12,West,91.9,Excellent
906822,Driver_6821,59,18,North,73.0,Average
906823,Driver_6822,37,22,East,51.6,Low
906824,Driver_6823,50,11,South,51.2,Low
906825,Driver_6824,57,12,South,91.6,Excellent
906826,Driver_6825,23,24,Central,71.8,Average
906827,Driver_6826,22,4,Central,67.0,Average
906828,Driver_6827,44,13,West,98.6,Excellent
906829,Driver_6828,57,6,East,72.1,Average
906830,Driver_6829,54,21,North,50.2,Low
906831,Driver_6830,46,28,Central,68.2,Average
906832,Driver_6831,57,6,East,59.0,Low
906833,Driver_6832,60,16,North,82.2,Good
906834,Driver_6833,25,1,East,96.8,Excellent
906835,Driver_6834,25,28,South,77.8,Good
906836,Driver_6835,32,9,West,86.8,Good
906837,Driver_6836,44,20,East,93.3,Excellent
906838,Driver_6837,60,20,North,68.6,Average
906839,Driver_6838,50,11,South,66.7,Average
906840,Driver_6839,40,13,North,81.1,Good
906841,Driver_6840,35,7,East,92.6,Excellent
906842,Driver_6841,57,8,West,93.5,Excellent
906843,Driver_6842,54,29,South,56.1,Low
906844,Driver_6843,57,23,North,97.7,Excellent
906845,Driver_6844,39,16,North,84.9,Good
906846,Driver_6845,31,15,North,91.8,Excellent
906847,Driver_6846,36,6,North,92.7,Excellent
906848,Driver_6847,23,0,West,83.2,Good
906849,Driver_6848,39,24,West,85.1,Good
906850,Driver_6849,53,0,South,87.9,Good
906851,Driver_6850,28,18,South,64.6,Average
906852,Driver_6851,34,26,West,50.1,Low
906853,Driver_6852,41,9,South,95.4,Excellent
906854,Driver_6853,55,27,East,71.6,Average
906855,Driver_6854,50,23,West,99.3,Excellent
906856,Driver_6855,63,28,West,72.8,Average
906857,Driver_6856,30,6,South,57.9,Low
906858,Driver_6857,42,4,North,83.9,Good
906859,Driver_6858,26,27,Central,69.2,Average
906860,Driver_6859,62,24,North,51.5,Low
906861,Driver_6860,36,18,Central,59.3,Low
906862,Driver_6861,21,15,South,78.2,Good
906863,Driver_6862,57,7,East,61.3,Average
906864,Driver_6863,51,30,North,75.6,Good
906865,Driver_6864,54,24,South,81.7,Good
906866,Driver_6865,26,19,Central,76.9,Good
906867,Driver_6866,57,30,East,69.8,Average
906868,Driver_6867,49,22,South,90.8,Excellent
906869,Driver_6868,47,15,South,65.0,Average
906870,Driver_6869,58,7,East,74.6,Average
906871,Driver_6870,32,27,North,77.3,Good
906872,Driver_6871,38,16,West,83.9,Good
906873,Driver_6872,37,26,North,86.0,Good
906874,Driver_6873,44,7,East,69.8,Average
906875,Driver_6874,31,24,North,86.7,Good
906876,Driver_6875,46,4,East,73.7,Average
906877,Driver_6876,45,17,East,59.0,Low
906878,Driver_6877,60,24,North,64.5,Average
906879,Driver_6878,34,24,North,63.7,Average
906880,Driver_6879,54,22,North,88.7,Good
906881,Driver_6880,53,24,West,94.2,Excellent
906882,Driver_6881,28,24,North,84.0,Good
906883,Driver_6882,36,0,West,55.9,Low
906884,Driver_6883,46,7,South,91.2,Excellent
906885,Driver_6884,54,4,North,96.2,Excellent
906886,Driver_6885,32,24,South,99.1,Excellent
906887,Driver_6886,60,19,East,77.3,Good
906888,Driver_6887,52,26,Central,93.2,Excellent
906889,Driver_6888,49,18,West,93.4,Excellent
906890,Driver_6889,48,10,Central,95.6,Excellent
906891,Driver_6890,56,9,East,65.8,Average
906892,Driver_6891,57,9,South,97.1,Excellent
906893,Driver_6892,43,7,South,74.9,Average
906894,Driver_6893,58,3,East,87.8,Good
906895,Driver_6894,45,2,West,65.7,Average
906896,Driver_6895,53,10,Central,62.6,Average
906897,Driver_6896,36,5,Central,53.0,Low
906898,Driver_6897,23,8,Central,91.2,Excellent
906899,Driver_6898,27,23,Central,69.6,Average
906900,Driver_6899,42,22,South,50.1,Low
906901,Driver_6900,48,30,South,59.4,Low
906902,Driver_6901,52,10,East,70.9,Average
906903,Driver_6902,55,24,West,88.8,Good
906904,Driver_6903,50,18,East,53.1,Low
906905,Driver_6904,32,0,North,51.9,Low
906906,Driver_6905,61,27,West,86.7,Good
906907,Driver_6906,25,6,East,54.1,Low
906908,Driver_6907,40,1,South,55.5,Low
906909,Driver_6908,31,17,West,65.0,Average
906910,Driver_6909,31,12,West,97.6,Excellent
906911,Driver_6910,46,8,Central,75.7,Good
906912,Driver_6911,36,20,West,90.6,Excellent
906913,Driver_6912,56,14,East,89.4,Good
906914,Driver_6913,22,3,East,79.1,Good
906915,Driver_6914,50,13,North,54.1,Low
906916,Driver_6915,57,7,Central,77.7,Good
906917,Driver_6916,50,5,West,99.7,Excellent
906918,Driver_6917,46,18,South,59.6,Low
906919,Driver_6918,48,11,South,64.7,Average
906920,Driver_6919,36,27,South,58.6,Low
906921,Driver_6920,36,21,East,56.7,Low
906922,Driver_6921,39,28,West,52.1,Low
906923,Driver_6922,60,30,South,91.5,Excellent
906924,Driver_6923,25,13,West,77.5,Good
906925,Driver_6924,33,23,South,89.6,Good
906926,Driver_6925,47,18,Central,62.1,Average
906927,Driver_6926,28,18,South,63.3,Average
906928,Driver_6927,47,22,Central,65.8,Average
906929,Driver_6928,37,3,East,60.2,Average
906930,Driver_6929,61,3,South,52.6,Low
906931,Driver_6930,27,22,Central,98.3,Excellent
906932,Driver_6931,21,2,North,75.7,Good
906933,Driver_6932,54,9,Central,66.1,Average
906934,Driver_6933,61,26,North,72.0,Average
906935,Driver_6934,37,7,South,53.3,Low
906936,Driver_6935,27,11,Central,73.6,Average
906937,Driver_6936,31,2,East,79.6,Good
906938,Driver_6937,51,6,East,78.9,Good
906939,Driver_6938,38,20,Central,92.8,Excellent
906940,Driver_6939,29,22,North,67.8,Average
906941,Driver_6940,25,11,East,91.7,Excellent
906942,Driver_6941,50,18,West,75.7,Good
906943,Driver_6942,62,14,South,64.6,Average
906944,Driver_6943,27,6,North,50.2,Low
906945,Driver_6944,41,3,West,68.0,Average
906946,Driver_6945,25,1,East,71.2,Average
906947,Driver_6946,26,14,West,66.6,Average
906948,Driver_6947,21,0,South,97.6,Excellent
906949,Driver_6948,35,11,South,51.8,Low
906950,Driver_6949,32,6,South,58.4,Low
906951,Driver_6950,53,13,Central,74.1,Average
906952,Driver_6951,58,23,North,88.5,Good
906953,Driver_6952,33,21,West,93.1,Excellent
906954,Driver_6953,60,29,East,94.6,Excellent
906955,Driver_6954,36,9,West,92.5,Excellent
906956,Driver_6955,31,22,West,68.9,Average
906957,Driver_6956,61,1,Central,67.9,Average
906958,Driver_6957,31,24,South,65.8,Average
906959,Driver_6958,25,21,East,99.7,Excellent
906960,Driver_6959,62,9,West,92.8,Excellent
906961,Driver_6960,44,24,East,97.9,Excellent
906962,Driver_6961,44,0,Central,57.3,Low
906963,Driver_6962,35,7,North,88.1,Good
906964,Driver_6963,27,5,East,84.2,Good
906965,Driver_6964,57,18,South,66.7,Average
906966,Driver_6965,34,29,Central,50.6,Low
906967,Driver_6966,45,26,North,60.7,Average
906968,Driver_6967,54,17,East,93.8,Excellent
906969,Driver_6968,42,0,North,84.6,Good
906970,Driver_6969,28,10,South,84.8,Good
906971,Driver_6970,62,0,South,68.5,Average
906972,Driver_6971,41,22,West,83.0,Good
906973,Driver_6972,50,19,South,56.7,Low
906974,Driver_6973,49,29,South,61.5,Average
906975,Driver_6974,47,2,South,56.1,Low
906976,Driver_6975,36,28,East,97.4,Excellent
906977,Driver_6976,21,22,East,60.8,Average
906978,Driver_6977,34,24,East,72.6,Average
906979,Driver_6978,29,16,North,73.6,Average
906980,Driver_6979,55,7,North,84.5,Good
906981,Driver_6980,40,3,South,62.4,Average
906982,Driver_6981,29,3,West,99.9,Excellent
906983,Driver_6982,43,24,Central,60.5,Average
906984,Driver_6983,59,25,East,67.2,Average
906985,Driver_6984,52,3,West,62.1,Average
906986,Driver_6985,28,23,West,71.6,Average
906987,Driver_6986,49,28,South,68.4,Average
906988,Driver_6987,38,19,West,62.8,Average
906989,Driver_6988,42,13,South,55.3,Low
906990,Driver_6989,62,30,East,51.5,Low
906991,Driver_6990,37,16,West,94.1,Excellent
906992,Driver_6991,21,22,Central,66.3,Average
906993,Driver_6992,54,21,East,86.1,Good
906994,Driver_6993,47,1,South,91.5,Excellent
906995,Driver_6994,32,0,North,97.3,Excellent
906996,Driver_6995,53,18,Central,85.7,Good
906997,Driver_6996,40,16,East,68.2,Average
906998,Driver_6997,63,17,South,84.8,Good
906999,Driver_6998,35,4,East,82.0,Good
907000,Driver_6999,53,7,West,52.4,Low
907001,Driver_7000,37,12,East,64.2,Average
907002,Driver_7001,46,22,East,93.2,Excellent
907003,Driver_7002,41,28,South,69.7,Average
907004,Driver_7003,30,16,East,69.9,Average
907005,Driver_7004,30,9,Central,70.8,Average
907006,Driver_7005,44,28,South,60.6,Average
907007,Driver_7006,22,26,West,57.1,Low
907008,Driver_7007,43,28,West,97.2,Excellent
907009,Driver_7008,63,28,North,89.3,Good
907010,Driver_7009,26,15,East,59.3,Low
907011,Driver_7010,47,3,South,78.3,Good
907012,Driver_7011,33,0,Central,97.1,Excellent
907013,Driver_7012,26,25,West,98.0,Excellent
907014,Driver_7013,34,14,Central,65.9,Average
907015,Driver_7014,27,12,South,53.2,Low
907016,Driver_7015,39,26,North,79.2,Good
907017,Driver_7016,49,8,South,93.7,Excellent
907018,Driver_7017,56,20,North,99.5,Excellent
907019,Driver_7018,28,10,North,68.5,Average
907020,Driver_7019,45,11,East,69.3,Average
907021,Driver_7020,27,2,West,67.3,Average
907022,Driver_7021,42,26,West,74.9,Average
907023,Driver_7022,50,0,East,91.5,Excellent
907024,Driver_7023,43,8,West,99.3,Excellent
907025,Driver_7024,23,13,East,67.0,Average
907026,Driver_7025,45,24,East,61.0,Average
907027,Driver_7026,27,21,East,78.7,Good
907028,Driver_7027,25,29,North,83.7,Good
907029,Driver_7028,61,30,Central,58.7,Low
907030,Driver_7029,23,29,West,65.3,Average
907031,Driver_7030,41,1,North,83.0,Good
907032,Driver_7031,50,25,Central,77.6,Good
907033,Driver_7032,36,15,Central,80.5,Good
907034,Driver_7033,38,1,South,77.5,Good
907035,Driver_7034,51,15,East,96.9,Excellent
907036,Driver_7035,47,10,South,71.1,Average
907037,Driver_7036,26,14,South,97.8,Excellent
907038,Driver_7037,47,23,West,66.7,Average
907039,Driver_7038,48,17,West,96.4,Excellent
907040,Driver_7039,51,5,South,65.9,Average
907041,Driver_7040,42,27,West,58.0,Low
907042,Driver_7041,50,6,West,69.7,Average
907043,Driver_7042,34,27,North,76.0,Good
907044,Driver_7043,32,21,South,63.9,Average
907045,Driver_7044,57,16,East,81.6,Good
907046,Driver_7045,52,13,Central,64.0,Average
907047,Driver_7046,26,22,West,97.8,Excellent
907048,Driver_7047,31,17,South,95.4,Excellent
907049,Driver_7048,28,0,South,99.1,Excellent
907050,Driver_7049,25,7,South,90.3,Excellent
907051,Driver_7050,52,30,North,78.5,Good
907052,Driver_7051,62,1,Central,54.2,Low
907053,Driver_7052,46,17,East,55.1,Low
907054,Driver_7053,21,0,East,78.9,Good
907055,Driver_7054,62,21,Central,67.7,Average
907056,Driver_7055,29,18,Central,56.9,Low
907057,Driver_7056,60,24,Central,97.4,Excellent
907058,Driver_7057,52,25,Central,91.3,Excellent
907059,Driver_7058,35,14,Central,60.9,Average
907060,Driver_7059,63,9,South,99.3,Excellent
907061,Driver_7060,37,3,Central,54.7,Low
907062,Driver_7061,46,26,Central,66.7,Average
907063,Driver_7062,61,8,West,79.9,Good
907064,Driver_7063,43,12,East,95.9,Excellent
907065,Driver_7064,37,14,South,54.9,Low
907066,Driver_7065,49,9,East,99.0,Excellent
907067,Driver_7066,44,21,West,74.4,Average
907068,Driver_7067,22,27,North,73.1,Average
907069,Driver_7068,33,7,East,52.6,Low
907070,Driver_7069,63,17,West,96.5,Excellent
907071,Driver_7070,51,27,East,55.9,Low
907072,Driver_7071,36,17,East,89.0,Good
907073,Driver_7072,58,23,East,90.9,Excellent
907074,Driver_7073,37,24,South,98.9,Excellent
907075,Driver_7074,40,20,West,87.4,Good
907076,Driver_7075,43,15,North,60.1,Average
907077,Driver_7076,21,2,North,56.4,Low
907078,Driver_7077,59,17,West,58.6,Low
907079,Driver_7078,37,6,East,95.4,Excellent
907080,Driver_7079,57,11,Central,52.4,Low
907081,Driver_7080,40,8,North,91.3,Excellent
907082,Driver_7081,56,8,West,55.1,Low
907083,Driver_7082,28,1,Central,70.8,Average
907084,Driver_7083,43,26,North,83.3,Good
907085,Driver_7084,46,20,Central,89.2,Good
907086,Driver_7085,34,19,Central,94.1,Excellent
907087,Driver_7086,34,8,West,54.2,Low
907088,Driver_7087,43,19,East,85.5,Good
907089,Driver_7088,54,5,South,85.7,Good
907090,Driver_7089,24,19,South,61.5,Average
907091,Driver_7090,38,22,Central,82.9,Good
907092,Driver_7091,44,30,East,90.5,Excellent
907093,Driver_7092,63,25,South,91.7,Excellent
907094,Driver_7093,63,24,East,90.1,Excellent
907095,Driver_7094,36,8,North,70.2,Average
907096,Driver_7095,29,18,North,52.3,Low
907097,Driver_7096,22,28,Central,54.0,Low
907098,Driver_7097,55,9,South,75.2,Good
907099,Driver_7098,28,20,North,81.6,Good
907100,Driver_7099,36,15,North,82.5,Good
907101,Driver_7100,63,0,South,84.3,Good
907102,Driver_7101,46,6,East,61.0,Average
907103,Driver_7102,35,5,North,98.5,Excellent
907104,Driver_7103,48,4,West,76.6,Good
907105,Driver_7104,51,28,West,57.9,Low
907106,Driver_7105,33,16,West,72.6,Average
907107,Driver_7106,53,15,South,72.0,Average
907108,Driver_7107,56,16,West,59.8,Low
907109,Driver_7108,50,16,West,67.2,Average
907110,Driver_7109,58,1,Central,59.4,Low
907111,Driver_7110,58,18,Central,84.0,Good
907112,Driver_7111,60,25,North,90.3,Excellent
907113,Driver_7112,47,17,East,91.7,Excellent
907114,Driver_7113,21,19,Central,62.3,Average
907115,Driver_7114,57,18,Central,78.5,Good
907116,Driver_7115,54,19,East,74.1,Average
907117,Driver_7116,55,3,East,91.1,Excellent
907118,Driver_7117,45,18,West,53.4,Low
907119,Driver_7118,34,27,West,54.2,Low
907120,Driver_7119,25,20,Central,99.8,Excellent
907121,Driver_7120,39,18,West,73.1,Average
907122,Driver_7121,58,3,South,98.5,Excellent
907123,Driver_7122,53,13,North,94.7,Excellent
907124,Driver_7123,22,10,West,60.2,Average
907125,Driver_7124,45,8,East,92.4,Excellent
907126,Driver_7125,30,22,South,51.2,Low
907127,Driver_7126,60,18,West,97.5,Excellent
907128,Driver_7127,63,1,East,53.4,Low
907129,Driver_7128,49,29,North,87.9,Good
907130,Driver_7129,61,5,West,99.9,Excellent
907131,Driver_7130,51,12,North,98.8,Excellent
907132,Driver_7131,33,2,East,59.9,Low
907133,Driver_7132,54,14,South,94.8,Excellent
907134,Driver_7133,51,11,North,52.7,Low
907135,Driver_7134,22,20,North,71.1,Average
907136,Driver_7135,35,23,East,89.3,Good
907137,Driver_7136,26,20,West,99.0,Excellent
907138,Driver_7137,60,5,East,57.6,Low
907139,Driver_7138,62,16,South,58.7,Low
907140,Driver_7139,29,9,North,50.3,Low
907141,Driver_7140,36,13,Central,58.5,Low
907142,Driver_7141,49,15,North,88.5,Good
907143,Driver_7142,30,24,West,87.0,Good
907144,Driver_7143,29,14,Central,89.6,Good
907145,Driver_7144,59,4,West,50.9,Low
907146,Driver_7145,41,30,West,67.9,Average
907147,Driver_7146,27,26,East,71.5,Average
907148,Driver_7147,52,24,East,99.2,Excellent
907149,Driver_7148,39,28,East,64.7,Average
907150,Driver_7149,50,25,North,93.6,Excellent
907151,Driver_7150,30,8,West,80.8,Good
907152,Driver_7151,62,0,East,61.4,Average
907153,Driver_7152,32,7,Central,57.9,Low
907154,Driver_7153,61,12,Central,60.8,Average
907155,Driver_7154,21,26,East,93.3,Excellent
907156,Driver_7155,56,20,North,54.6,Low
907157,Driver_7156,39,20,South,67.5,Average
907158,Driver_7157,53,3,South,90.8,Excellent
907159,Driver_7158,24,16,North,99.2,Excellent
907160,Driver_7159,46,10,Central,67.8,Average
907161,Driver_7160,52,1,East,76.8,Good
907162,Driver_7161,29,19,North,83.3,Good
907163,Driver_7162,62,30,South,64.7,Average
907164,Driver_7163,58,13,East,64.2,Average
907165,Driver_7164,50,17,West,66.4,Average
907166,Driver_7165,32,10,West,54.5,Low
907167,Driver_7166,25,7,North,65.2,Average
907168,Driver_7167,52,24,North,50.0,Low
907169,Driver_7168,38,28,North,50.5,Low
907170,Driver_7169,51,16,Central,94.6,Excellent
907171,Driver_7170,40,23,North,50.9,Low
907172,Driver_7171,58,1,West,98.5,Excellent
907173,Driver_7172,62,10,West,62.0,Average
907174,Driver_7173,54,28,South,93.0,Excellent
907175,Driver_7174,29,14,West,87.3,Good
907176,Driver_7175,53,9,East,51.1,Low
907177,Driver_7176,27,17,North,99.5,Excellent
907178,Driver_7177,41,17,Central,64.7,Average
907179,Driver_7178,49,3,South,69.7,Average
907180,Driver_7179,40,6,North,58.1,Low
907181,Driver_7180,40,16,South,86.7,Good
907182,Driver_7181,32,11,North,69.2,Average
907183,Driver_7182,58,8,Central,94.6,Excellent
907184,Driver_7183,38,5,South,58.1,Low
907185,Driver_7184,29,23,East,83.1,Good
907186,Driver_7185,59,10,South,91.0,Excellent
907187,Driver_7186,46,25,South,74.7,Average
907188,Driver_7187,49,21,West,84.1,Good
907189,Driver_7188,41,4,North,84.6,Good
907190,Driver_7189,58,24,Central,67.0,Average
907191,Driver_7190,44,16,North,61.3,Average
907192,Driver_7191,58,24,West,94.8,Excellent
907193,Driver_7192,59,27,West,73.6,Average
907194,Driver_7193,26,2,Central,57.3,Low
907195,Driver_7194,25,17,North,66.2,Average
907196,Driver_7195,42,15,East,99.9,Excellent
907197,Driver_7196,33,1,South,83.2,Good
907198,Driver_7197,39,12,East,93.5,Excellent
907199,Driver_7198,46,24,North,63.9,Average
907200,Driver_7199,53,24,West,80.4,Good
907201,Driver_7200,44,9,North,60.9,Average
907202,Driver_7201,62,2,South,69.8,Average
907203,Driver_7202,61,2,West,66.0,Average
907204,Driver_7203,59,26,South,82.8,Good
907205,Driver_7204,42,9,East,51.2,Low
907206,Driver_7205,45,5,West,91.6,Excellent
907207,Driver_7206,24,13,South,57.6,Low
907208,Driver_7207,38,6,East,95.5,Excellent
907209,Driver_7208,54,25,North,61.9,Average
907210,Driver_7209,40,21,East,81.7,Good
907211,Driver_7210,41,16,East,76.6,Good
907212,Driver_7211,40,8,North,62.6,Average
907213,Driver_7212,30,25,West,57.6,Low
907214,Driver_7213,25,11,South,85.0,Good
907215,Driver_7214,44,24,South,99.3,Excellent
907216,Driver_7215,26,0,South,78.6,Good
907217,Driver_7216,22,14,Central,98.6,Excellent
907218,Driver_7217,42,6,North,78.9,Good
907219,Driver_7218,47,10,West,59.2,Low
907220,Driver_7219,61,20,North,70.1,Average
907221,Driver_7220,53,15,North,52.1,Low
907222,Driver_7221,31,5,West,84.3,Good
907223,Driver_7222,54,18,South,88.9,Good
907224,Driver_7223,50,0,East,68.6,Average
907225,Driver_7224,45,18,South,88.6,Good
907226,Driver_7225,48,18,Central,61.2,Average
907227,Driver_7226,49,11,East,62.4,Average
907228,Driver_7227,51,27,East,53.9,Low
907229,Driver_7228,39,30,Central,68.3,Average
907230,Driver_7229,60,24,East,63.6,Average
907231,Driver_7230,22,8,North,59.3,Low
907232,Driver_7231,62,20,North,75.9,Good
907233,Driver_7232,22,7,East,55.2,Low
907234,Driver_7233,33,17,Central,94.0,Excellent
907235,Driver_7234,43,8,Central,60.2,Average
907236,Driver_7235,38,11,East,59.7,Low
907237,Driver_7236,62,7,North,83.4,Good
907238,Driver_7237,44,5,North,82.7,Good
907239,Driver_7238,40,3,South,55.5,Low
907240,Driver_7239,57,28,North,66.3,Average
907241,Driver_7240,63,17,West,57.3,Low
907242,Driver_7241,55,2,South,58.4,Low
907243,Driver_7242,44,28,West,77.8,Good
907244,Driver_7243,23,10,North,67.9,Average
907245,Driver_7244,51,2,West,61.5,Average
907246,Driver_7245,44,2,West,58.8,Low
907247,Driver_7246,58,29,East,61.8,Average
907248,Driver_7247,25,0,North,69.4,Average
907249,Driver_7248,61,17,North,68.6,Average
907250,Driver_7249,56,26,West,64.0,Average
907251,Driver_7250,25,26,Central,98.7,Excellent
907252,Driver_7251,48,18,South,66.0,Average
907253,Driver_7252,55,21,Central,68.5,Average
907254,Driver_7253,43,29,North,93.0,Excellent
907255,Driver_7254,54,22,Central,72.1,Average
907256,Driver_7255,54,8,Central,91.8,Excellent
907257,Driver_7256,50,2,South,92.5,Excellent
907258,Driver_7257,49,23,East,75.6,Good
907259,Driver_7258,63,16,North,67.7,Average
907260,Driver_7259,48,20,South,60.0,Low
907261,Driver_7260,30,16,Central,97.6,Excellent
907262,Driver_7261,21,28,East,82.9,Good
907263,Driver_7262,43,6,West,99.8,Excellent
907264,Driver_7263,58,11,South,97.6,Excellent
907265,Driver_7264,48,5,South,52.9,Low
907266,Driver_7265,59,27,East,73.8,Average
907267,Driver_7266,22,25,West,95.6,Excellent
907268,Driver_7267,59,15,North,69.6,Average
907269,Driver_7268,44,0,Central,98.1,Excellent
907270,Driver_7269,56,8,West,60.9,Average
907271,Driver_7270,41,1,Central,60.1,Average
907272,Driver_7271,39,21,South,54.1,Low
907273,Driver_7272,42,4,Central,93.6,Excellent
907274,Driver_7273,28,23,East,99.3,Excellent
907275,Driver_7274,62,3,North,89.2,Good
907276,Driver_7275,29,30,South,72.9,Average
907277,Driver_7276,51,22,West,87.3,Good
907278,Driver_7277,28,9,East,60.8,Average
907279,Driver_7278,40,17,East,64.0,Average
907280,Driver_7279,51,24,Central,87.0,Good
907281,Driver_7280,21,7,West,89.8,Good
907282,Driver_7281,42,16,East,71.4,Average
907283,Driver_7282,30,28,West,62.6,Average
907284,Driver_7283,59,11,East,62.4,Average
907285,Driver_7284,25,18,Central,66.3,Average
907286,Driver_7285,42,18,North,54.0,Low
907287,Driver_7286,53,4,South,50.7,Low
907288,Driver_7287,44,27,North,61.9,Average
907289,Driver_7288,35,28,Central,85.4,Good
907290,Driver_7289,35,18,West,68.0,Average
907291,Driver_7290,32,18,North,81.7,Good
907292,Driver_7291,35,2,North,96.4,Excellent
907293,Driver_7292,35,27,East,84.4,Good
907294,Driver_7293,30,7,East,93.7,Excellent
907295,Driver_7294,46,1,West,50.2,Low
907296,Driver_7295,33,16,East,70.3,Average
907297,Driver_7296,29,24,North,75.5,Good
907298,Driver_7297,25,3,Central,59.1,Low
907299,Driver_7298,22,3,South,87.2,Good
907300,Driver_7299,31,27,West,67.1,Average
907301,Driver_7300,42,10,South,82.6,Good
907302,Driver_7301,61,25,East,62.0,Average
907303,Driver_7302,35,21,East,66.2,Average
907304,Driver_7303,23,5,North,73.7,Average
907305,Driver_7304,43,13,North,50.5,Low
907306,Driver_7305,22,2,East,64.5,Average
907307,Driver_7306,29,29,North,82.4,Good
907308,Driver_7307,52,11,West,96.2,Excellent
907309,Driver_7308,62,18,East,98.4,Excellent
907310,Driver_7309,46,18,Central,67.5,Average
907311,Driver_7310,62,19,South,87.8,Good
907312,Driver_7311,42,3,Central,76.5,Good
907313,Driver_7312,31,27,West,54.0,Low
907314,Driver_7313,30,25,North,76.3,Good
907315,Driver_7314,49,14,West,70.8,Average
907316,Driver_7315,31,3,North,57.0,Low
907317,Driver_7316,29,27,West,75.0,Average
907318,Driver_7317,21,10,South,68.0,Average
907319,Driver_7318,41,24,North,99.2,Excellent
907320,Driver_7319,60,29,North,90.2,Excellent
907321,Driver_7320,41,30,Central,85.7,Good
907322,Driver_7321,25,11,West,67.2,Average
907323,Driver_7322,51,28,Central,53.2,Low
907324,Driver_7323,44,2,West,81.0,Good
907325,Driver_7324,61,28,East,94.2,Excellent
907326,Driver_7325,35,9,West,93.3,Excellent
907327,Driver_7326,27,27,South,66.4,Average
907328,Driver_7327,34,4,Central,64.0,Average
907329,Driver_7328,24,29,East,79.6,Good
907330,Driver_7329,42,30,East,65.6,Average
907331,Driver_7330,36,23,South,69.5,Average
907332,Driver_7331,44,4,West,96.4,Excellent
907333,Driver_7332,31,12,East,96.6,Excellent
907334,Driver_7333,59,13,North,89.6,Good
907335,Driver_7334,56,12,South,64.5,Average
907336,Driver_7335,54,0,West,81.8,Good
907337,Driver_7336,57,11,Central,52.4,Low
907338,Driver_7337,37,16,Central,95.5,Excellent
907339,Driver_7338,61,19,Central,96.9,Excellent
907340,Driver_7339,51,22,West,66.3,Average
907341,Driver_7340,52,28,West,70.2,Average
907342,Driver_7341,56,8,South,99.2,Excellent
907343,Driver_7342,47,29,North,83.9,Good
907344,Driver_7343,47,1,Central,71.4,Average
907345,Driver_7344,49,29,East,86.2,Good
907346,Driver_7345,52,29,South,54.2,Low
907347,Driver_7346,24,25,Central,76.3,Good
907348,Driver_7347,52,10,West,90.2,Excellent
907349,Driver_7348,60,8,East,87.7,Good
907350,Driver_7349,28,8,East,56.7,Low
907351,Driver_7350,30,16,East,98.2,Excellent
907352,Driver_7351,34,4,East,91.8,Excellent
907353,Driver_7352,62,15,West,86.3,Good
907354,Driver_7353,26,8,North,59.8,Low
907355,Driver_7354,35,21,North,99.3,Excellent
907356,Driver_7355,40,16,Central,74.7,Average
907357,Driver_7356,61,16,Central,91.0,Excellent
907358,Driver_7357,60,9,Central,55.4,Low
907359,Driver_7358,41,16,Central,95.5,Excellent
907360,Driver_7359,49,13,North,63.1,Average
907361,Driver_7360,59,21,Central,55.4,Low
907362,Driver_7361,28,9,East,50.8,Low
907363,Driver_7362,38,7,North,55.8,Low
907364,Driver_7363,35,25,East,53.2,Low
907365,Driver_7364,56,23,North,84.9,Good
907366,Driver_7365,30,30,South,95.4,Excellent
907367,Driver_7366,40,3,West,75.1,Good
907368,Driver_7367,46,13,West,94.6,Excellent
907369,Driver_7368,38,26,Central,98.4,Excellent
907370,Driver_7369,61,21,South,80.9,Good
907371,Driver_7370,33,2,Central,66.1,Average
907372,Driver_7371,61,4,Central,65.6,Average
907373,Driver_7372,48,2,North,52.0,Low
907374,Driver_7373,56,26,Central,79.0,Good
907375,Driver_7374,33,28,Central,50.2,Low
907376,Driver_7375,40,24,South,54.2,Low
907377,Driver_7376,32,24,Central,86.1,Good
907378,Driver_7377,61,2,North,62.0,Average
907379,Driver_7378,44,6,West,71.4,Average
907380,Driver_7379,41,29,West,60.6,Average
907381,Driver_7380,30,6,North,90.4,Excellent
907382,Driver_7381,61,18,East,82.6,Good
907383,Driver_7382,51,7,Central,52.7,Low
907384,Driver_7383,51,24,West,79.0,Good
907385,Driver_7384,29,3,South,72.2,Average
907386,Driver_7385,38,12,East,96.5,Excellent
907387,Driver_7386,25,0,East,53.7,Low
907388,Driver_7387,60,3,South,85.1,Good
907389,Driver_7388,62,28,East,56.2,Low
907390,Driver_7389,53,26,East,79.0,Good
907391,Driver_7390,34,21,North,57.6,Low
907392,Driver_7391,58,4,South,91.8,Excellent
907393,Driver_7392,42,30,East,87.6,Good
907394,Driver_7393,40,29,South,78.0,Good
907395,Driver_7394,63,11,West,84.6,Good
907396,Driver_7395,44,5,South,71.8,Average
907397,Driver_7396,44,19,North,60.1,Average
907398,Driver_7397,22,9,South,66.5,Average
907399,Driver_7398,44,12,West,78.3,Good
907400,Driver_7399,29,6,East,54.6,Low
907401,Driver_7400,34,17,West,59.2,Low
907402,Driver_7401,55,5,East,88.3,Good
907403,Driver_7402,59,14,South,64.9,Average
907404,Driver_7403,46,9,Central,68.3,Average
907405,Driver_7404,63,27,West,60.6,Average
907406,Driver_7405,52,14,West,89.8,Good
907407,Driver_7406,62,3,South,75.9,Good
907408,Driver_7407,58,20,East,58.0,Low
907409,Driver_7408,54,23,West,88.7,Good
907410,Driver_7409,58,11,East,56.3,Low
907411,Driver_7410,23,21,North,79.2,Good
907412,Driver_7411,29,3,West,58.4,Low
907413,Driver_7412,51,10,North,78.6,Good
907414,Driver_7413,35,27,North,82.2,Good
907415,Driver_7414,21,0,West,94.8,Excellent
907416,Driver_7415,36,30,Central,90.6,Excellent
907417,Driver_7416,61,6,West,54.4,Low
907418,Driver_7417,52,30,North,85.5,Good
907419,Driver_7418,22,22,North,65.1,Average
907420,Driver_7419,47,24,Central,70.6,Average
907421,Driver_7420,49,14,West,94.6,Excellent
907422,Driver_7421,56,15,South,56.1,Low
907423,Driver_7422,43,20,North,54.5,Low
907424,Driver_7423,34,25,West,82.0,Good
907425,Driver_7424,33,18,East,92.1,Excellent
907426,Driver_7425,36,29,North,68.6,Average
907427,Driver_7426,60,2,Central,92.9,Excellent
907428,Driver_7427,45,2,West,80.8,Good
907429,Driver_7428,49,26,West,62.8,Average
907430,Driver_7429,43,16,East,62.2,Average
907431,Driver_7430,40,10,North,79.4,Good
907432,Driver_7431,23,6,North,58.0,Low
907433,Driver_7432,27,9,Central,67.7,Average
907434,Driver_7433,42,22,West,96.6,Excellent
907435,Driver_7434,37,13,Central,56.6,Low
907436,Driver_7435,52,27,East,51.5,Low
907437,Driver_7436,44,0,Central,66.9,Average
907438,Driver_7437,30,22,South,97.4,Excellent
907439,Driver_7438,21,6,Central,58.0,Low
907440,Driver_7439,52,9,East,83.5,Good
907441,Driver_7440,31,7,West,53.9,Low
907442,Driver_7441,60,19,West,96.7,Excellent
907443,Driver_7442,55,15,East,61.0,Average
907444,Driver_7443,46,17,North,99.7,Excellent
907445,Driver_7444,59,1,Central,65.2,Average
907446,Driver_7445,23,26,North,73.7,Average
907447,Driver_7446,41,4,North,60.1,Average
907448,Driver_7447,55,6,South,94.1,Excellent
907449,Driver_7448,33,25,East,94.8,Excellent
907450,Driver_7449,53,13,East,85.2,Good
907451,Driver_7450,36,18,West,67.5,Average
907452,Driver_7451,41,12,East,67.9,Average
907453,Driver_7452,50,0,West,88.2,Good
907454,Driver_7453,46,4,South,79.7,Good
907455,Driver_7454,39,29,North,60.9,Average
907456,Driver_7455,59,25,East,79.4,Good
907457,Driver_7456,26,0,Central,99.0,Excellent
907458,Driver_7457,26,29,Central,63.5,Average
907459,Driver_7458,57,0,South,72.2,Average
907460,Driver_7459,59,8,North,86.1,Good
907461,Driver_7460,22,5,East,52.2,Low
907462,Driver_7461,56,1,North,64.2,Average
907463,Driver_7462,63,23,East,78.6,Good
907464,Driver_7463,41,1,North,96.1,Excellent
907465,Driver_7464,34,1,East,65.1,Average
907466,Driver_7465,43,27,East,63.7,Average
907467,Driver_7466,30,24,East,82.4,Good
907468,Driver_7467,37,0,East,72.4,Average
907469,Driver_7468,28,22,West,57.6,Low
907470,Driver_7469,63,26,West,78.2,Good
907471,Driver_7470,21,3,Central,94.8,Excellent
907472,Driver_7471,38,19,North,66.2,Average
907473,Driver_7472,54,6,Central,69.5,Average
907474,Driver_7473,58,19,East,70.4,Average
907475,Driver_7474,62,30,Central,55.4,Low
907476,Driver_7475,55,8,South,97.4,Excellent
907477,Driver_7476,31,2,South,95.7,Excellent
907478,Driver_7477,34,5,Central,64.6,Average
907479,Driver_7478,24,20,North,69.7,Average
907480,Driver_7479,30,24,North,55.4,Low
907481,Driver_7480,46,27,North,95.9,Excellent
907482,Driver_7481,54,8,South,99.6,Excellent
907483,Driver_7482,46,27,West,94.7,Excellent
907484,Driver_7483,33,8,Central,63.5,Average
907485,Driver_7484,30,18,West,58.1,Low
907486,Driver_7485,53,30,East,86.7,Good
907487,Driver_7486,47,7,Central,59.6,Low
907488,Driver_7487,41,30,East,83.9,Good
907489,Driver_7488,59,29,East,96.9,Excellent
907490,Driver_7489,59,14,East,66.6,Average
907491,Driver_7490,52,9,South,72.4,Average
907492,Driver_7491,56,15,Central,97.8,Excellent
907493,Driver_7492,29,6,East,56.5,Low
907494,Driver_7493,49,21,West,88.7,Good
907495,Driver_7494,50,12,North,96.4,Excellent
907496,Driver_7495,56,20,South,59.8,Low
907497,Driver_7496,32,18,East,86.0,Good
907498,Driver_7497,32,30,East,77.9,Good
907499,Driver_7498,47,6,East,53.5,Low
907500,Driver_7499,46,4,South,97.6,Excellent
907501,Driver_7500,59,4,West,87.3,Good
907502,Driver_7501,30,19,Central,70.5,Average
907503,Driver_7502,55,18,West,85.1,Good
907504,Driver_7503,58,30,North,90.9,Excellent
907505,Driver_7504,49,5,Central,69.6,Average
907506,Driver_7505,49,7,East,86.5,Good
907507,Driver_7506,31,11,Central,96.4,Excellent
907508,Driver_7507,55,4,North,52.8,Low
907509,Driver_7508,63,24,West,82.1,Good
907510,Driver_7509,27,1,South,95.3,Excellent
907511,Driver_7510,21,16,Central,87.2,Good
907512,Driver_7511,29,30,Central,92.1,Excellent
907513,Driver_7512,60,10,West,81.1,Good
907514,Driver_7513,52,20,Central,84.0,Good
907515,Driver_7514,60,19,Central,96.1,Excellent
907516,Driver_7515,37,8,West,97.5,Excellent
907517,Driver_7516,30,22,North,53.0,Low
907518,Driver_7517,50,15,West,52.4,Low
907519,Driver_7518,45,16,East,73.5,Average
907520,Driver_7519,33,24,East,67.6,Average
907521,Driver_7520,62,7,West,96.5,Excellent
907522,Driver_7521,34,22,East,81.6,Good
907523,Driver_7522,63,26,Central,72.9,Average
907524,Driver_7523,36,14,East,77.6,Good
907525,Driver_7524,61,3,Central,82.7,Good
907526,Driver_7525,60,8,Central,68.0,Average
907527,Driver_7526,28,26,East,92.4,Excellent
907528,Driver_7527,61,11,West,74.9,Average
907529,Driver_7528,45,25,South,84.4,Good
907530,Driver_7529,35,4,North,81.2,Good
907531,Driver_7530,58,6,East,74.9,Average
907532,Driver_7531,42,20,West,81.5,Good
907533,Driver_7532,61,22,East,89.3,Good
907534,Driver_7533,33,29,North,81.5,Good
907535,Driver_7534,24,16,South,60.5,Average
907536,Driver_7535,58,26,West,96.2,Excellent
907537,Driver_7536,61,0,South,67.1,Average
907538,Driver_7537,40,13,West,84.0,Good
907539,Driver_7538,43,28,North,73.6,Average
907540,Driver_7539,48,3,Central,62.2,Average
907541,Driver_7540,23,24,Central,95.6,Excellent
907542,Driver_7541,44,4,North,94.3,Excellent
907543,Driver_7542,28,6,South,99.6,Excellent
907544,Driver_7543,38,2,South,91.0,Excellent
907545,Driver_7544,60,6,South,59.3,Low
907546,Driver_7545,42,21,Central,83.4,Good
907547,Driver_7546,36,18,North,61.8,Average
907548,Driver_7547,54,14,North,91.7,Excellent
907549,Driver_7548,57,18,South,99.1,Excellent
907550,Driver_7549,54,7,South,96.3,Excellent
907551,Driver_7550,32,15,South,96.8,Excellent
907552,Driver_7551,47,11,West,79.9,Good
907553,Driver_7552,50,14,East,96.4,Excellent
907554,Driver_7553,26,17,South,75.5,Good
907555,Driver_7554,39,8,South,71.0,Average
907556,Driver_7555,28,15,East,67.1,Average
907557,Driver_7556,63,24,South,64.1,Average
907558,Driver_7557,31,11,East,73.2,Average
907559,Driver_7558,25,20,Central,85.9,Good
907560,Driver_7559,26,12,North,71.9,Average
907561,Driver_7560,35,5,East,71.7,Average
907562,Driver_7561,34,25,Central,56.5,Low
907563,Driver_7562,48,23,West,70.1,Average
907564,Driver_7563,59,13,South,76.9,Good
907565,Driver_7564,50,15,Central,90.5,Excellent
907566,Driver_7565,36,20,South,66.4,Average
907567,Driver_7566,34,19,Central,55.7,Low
907568,Driver_7567,36,17,Central,87.8,Good
907569,Driver_7568,32,14,West,67.8,Average
907570,Driver_7569,42,29,North,69.3,Average
907571,Driver_7570,60,8,East,99.7,Excellent
907572,Driver_7571,45,30,East,86.4,Good
907573,Driver_7572,63,24,North,53.4,Low
907574,Driver_7573,53,27,North,91.3,Excellent
907575,Driver_7574,55,9,Central,61.4,Average
907576,Driver_7575,47,29,East,55.8,Low
907577,Driver_7576,36,6,Central,62.7,Average
907578,Driver_7577,38,4,North,90.7,Excellent
907579,Driver_7578,62,21,Central,77.6,Good
907580,Driver_7579,35,0,West,76.5,Good
907581,Driver_7580,59,7,Central,83.3,Good
907582,Driver_7581,62,13,West,87.3,Good
907583,Driver_7582,40,7,Central,81.6,Good
907584,Driver_7583,40,6,North,63.6,Average
907585,Driver_7584,63,29,North,79.5,Good
907586,Driver_7585,30,27,West,80.3,Good
907587,Driver_7586,50,0,Central,65.5,Average
907588,Driver_7587,52,12,South,93.2,Excellent
907589,Driver_7588,36,14,West,81.6,Good
907590,Driver_7589,55,18,West,79.0,Good
907591,Driver_7590,39,0,West,52.0,Low
907592,Driver_7591,40,3,East,90.6,Excellent
907593,Driver_7592,61,4,North,68.0,Average
907594,Driver_7593,41,15,North,79.0,Good
907595,Driver_7594,34,19,West,57.8,Low
907596,Driver_7595,57,0,North,98.9,Excellent
907597,Driver_7596,59,18,South,51.2,Low
907598,Driver_7597,26,11,Central,82.0,Good
907599,Driver_7598,61,2,North,93.4,Excellent
907600,Driver_7599,60,4,South,93.4,Excellent
907601,Driver_7600,60,7,South,71.0,Average
907602,Driver_7601,57,10,North,90.4,Excellent
907603,Driver_7602,49,5,South,60.0,Low
907604,Driver_7603,45,2,East,69.7,Average
907605,Driver_7604,23,21,North,50.1,Low
907606,Driver_7605,29,10,East,57.2,Low
907607,Driver_7606,42,25,South,97.5,Excellent
907608,Driver_7607,29,3,South,96.7,Excellent
907609,Driver_7608,44,21,South,89.6,Good
907610,Driver_7609,31,20,Central,91.2,Excellent
907611,Driver_7610,62,6,South,52.7,Low
907612,Driver_7611,61,2,Central,72.8,Average
907613,Driver_7612,28,10,Central,94.6,Excellent
907614,Driver_7613,41,14,West,77.2,Good
907615,Driver_7614,63,13,East,95.2,Excellent
907616,Driver_7615,37,20,East,50.5,Low
907617,Driver_7616,33,4,West,59.7,Low
907618,Driver_7617,41,8,West,53.8,Low
907619,Driver_7618,24,1,South,72.4,Average
907620,Driver_7619,55,0,South,65.6,Average
907621,Driver_7620,26,27,East,66.8,Average
907622,Driver_7621,46,9,East,60.2,Average
907623,Driver_7622,31,21,North,79.9,Good
907624,Driver_7623,38,15,South,86.2,Good
907625,Driver_7624,25,22,South,61.9,Average
907626,Driver_7625,59,7,Central,76.1,Good
907627,Driver_7626,50,5,East,58.6,Low
907628,Driver_7627,56,30,North,76.6,Good
907629,Driver_7628,50,26,South,93.3,Excellent
907630,Driver_7629,41,26,North,89.1,Good
907631,Driver_7630,61,8,North,94.2,Excellent
907632,Driver_7631,39,26,East,75.0,Average
907633,Driver_7632,40,12,West,51.1,Low
907634,Driver_7633,54,16,South,81.9,Good
907635,Driver_7634,46,11,South,98.3,Excellent
907636,Driver_7635,55,29,West,70.2,Average
907637,Driver_7636,40,25,East,72.1,Average
907638,Driver_7637,62,18,West,52.5,Low
907639,Driver_7638,39,8,North,80.9,Good
907640,Driver_7639,40,7,Central,53.9,Low
907641,Driver_7640,35,30,West,58.4,Low
907642,Driver_7641,56,30,North,87.9,Good
907643,Driver_7642,24,14,North,86.8,Good
907644,Driver_7643,38,23,West,51.6,Low
907645,Driver_7644,53,22,West,73.9,Average
907646,Driver_7645,26,14,Central,72.4,Average
907647,Driver_7646,29,6,East,94.0,Excellent
907648,Driver_7647,34,27,South,71.5,Average
907649,Driver_7648,44,17,North,80.9,Good
907650,Driver_7649,36,19,North,74.3,Average
907651,Driver_7650,48,2,West,60.0,Low
907652,Driver_7651,54,24,East,89.7,Good
907653,Driver_7652,44,1,Central,95.8,Excellent
907654,Driver_7653,49,20,North,97.4,Excellent
907655,Driver_7654,26,17,West,76.0,Good
907656,Driver_7655,48,14,West,69.3,Average
907657,Driver_7656,44,7,North,66.2,Average
907658,Driver_7657,34,17,West,53.0,Low
907659,Driver_7658,24,28,South,53.2,Low
907660,Driver_7659,40,22,East,52.2,Low
907661,Driver_7660,43,13,North,62.5,Average
907662,Driver_7661,52,0,North,62.2,Average
907663,Driver_7662,23,4,East,67.1,Average
907664,Driver_7663,40,10,West,63.9,Average
907665,Driver_7664,21,26,Central,96.9,Excellent
907666,Driver_7665,49,14,West,82.5,Good
907667,Driver_7666,43,28,East,81.5,Good
907668,Driver_7667,39,17,East,82.5,Good
907669,Driver_7668,57,16,North,67.6,Average
907670,Driver_7669,47,13,East,62.1,Average
907671,Driver_7670,41,18,West,61.5,Average
907672,Driver_7671,54,10,South,94.3,Excellent
907673,Driver_7672,55,8,Central,63.8,Average
907674,Driver_7673,58,27,South,62.1,Average
907675,Driver_7674,63,28,North,94.5,Excellent
907676,Driver_7675,43,8,North,63.5,Average
907677,Driver_7676,56,20,Central,93.7,Excellent
907678,Driver_7677,33,7,South,71.9,Average
907679,Driver_7678,28,24,West,86.8,Good
907680,Driver_7679,29,3,West,55.5,Low
907681,Driver_7680,41,23,Central,53.1,Low
907682,Driver_7681,60,14,North,86.6,Good
907683,Driver_7682,35,14,West,88.4,Good
907684,Driver_7683,45,9,North,92.6,Excellent
907685,Driver_7684,34,4,North,82.7,Good
907686,Driver_7685,34,22,North,64.1,Average
907687,Driver_7686,27,5,West,60.8,Average
907688,Driver_7687,61,26,South,86.4,Good
907689,Driver_7688,44,10,South,62.1,Average
907690,Driver_7689,22,20,North,62.4,Average
907691,Driver_7690,22,27,West,66.3,Average
907692,Driver_7691,41,12,South,80.3,Good
907693,Driver_7692,36,15,East,77.8,Good
907694,Driver_7693,31,29,Central,84.0,Good
907695,Driver_7694,41,12,East,54.6,Low
907696,Driver_7695,43,5,West,77.8,Good
907697,Driver_7696,44,12,East,52.7,Low
907698,Driver_7697,41,12,Central,51.7,Low
907699,Driver_7698,57,1,North,88.0,Good
907700,Driver_7699,25,7,Central,59.8,Low
907701,Driver_7700,56,29,North,94.4,Excellent
907702,Driver_7701,25,20,East,98.3,Excellent
907703,Driver_7702,45,2,East,63.1,Average
907704,Driver_7703,44,20,South,54.8,Low
907705,Driver_7704,32,22,North,56.9,Low
907706,Driver_7705,25,24,North,51.2,Low
907707,Driver_7706,42,17,East,90.1,Excellent
907708,Driver_7707,63,2,East,56.8,Low
907709,Driver_7708,28,25,West,52.5,Low
907710,Driver_7709,33,11,East,84.4,Good
907711,Driver_7710,57,8,West,90.1,Excellent
907712,Driver_7711,60,3,South,76.2,Good
907713,Driver_7712,29,27,North,56.0,Low
907714,Driver_7713,61,23,Central,58.7,Low
907715,Driver_7714,39,11,West,88.7,Good
907716,Driver_7715,24,9,Central,70.8,Average
907717,Driver_7716,54,8,North,94.4,Excellent
907718,Driver_7717,60,1,South,64.7,Average
907719,Driver_7718,36,16,West,58.3,Low
907720,Driver_7719,33,26,North,67.3,Average
907721,Driver_7720,53,1,South,84.8,Good
907722,Driver_7721,32,6,Central,83.1,Good
907723,Driver_7722,59,30,West,60.1,Average
907724,Driver_7723,37,23,West,98.2,Excellent
907725,Driver_7724,59,1,East,60.1,Average
907726,Driver_7725,36,20,Central,66.0,Average
907727,Driver_7726,50,15,East,77.1,Good
907728,Driver_7727,25,11,West,85.1,Good
907729,Driver_7728,22,28,Central,77.6,Good
907730,Driver_7729,56,27,Central,91.3,Excellent
907731,Driver_7730,24,0,North,66.8,Average
907732,Driver_7731,31,10,South,65.1,Average
907733,Driver_7732,29,2,East,66.5,Average
907734,Driver_7733,60,24,Central,79.9,Good
907735,Driver_7734,21,2,South,50.8,Low
907736,Driver_7735,53,5,Central,99.7,Excellent
907737,Driver_7736,56,25,East,59.4,Low
907738,Driver_7737,44,11,West,85.3,Good
907739,Driver_7738,34,11,North,81.5,Good
907740,Driver_7739,33,6,West,59.0,Low
907741,Driver_7740,46,20,South,63.2,Average
907742,Driver_7741,59,30,East,98.1,Excellent
907743,Driver_7742,25,17,West,98.3,Excellent
907744,Driver_7743,55,18,West,67.4,Average
907745,Driver_7744,37,23,Central,67.5,Average
907746,Driver_7745,32,16,Central,59.5,Low
907747,Driver_7746,32,11,North,72.5,Average
907748,Driver_7747,48,16,South,91.1,Excellent
907749,Driver_7748,59,24,West,70.7,Average
907750,Driver_7749,21,25,East,91.0,Excellent
907751,Driver_7750,58,19,West,51.4,Low
907752,Driver_7751,46,3,West,78.2,Good
907753,Driver_7752,36,4,West,79.9,Good
907754,Driver_7753,24,7,North,89.6,Good
907755,Driver_7754,21,0,Central,73.6,Average
907756,Driver_7755,51,12,West,53.9,Low
907757,Driver_7756,42,6,West,94.3,Excellent
907758,Driver_7757,25,15,West,79.2,Good
907759,Driver_7758,29,20,East,59.4,Low
907760,Driver_7759,63,5,East,99.3,Excellent
907761,Driver_7760,34,29,South,69.8,Average
907762,Driver_7761,59,2,South,92.1,Excellent
907763,Driver_7762,55,30,Central,68.9,Average
907764,Driver_7763,38,15,Central,81.0,Good
907765,Driver_7764,51,12,East,52.7,Low
907766,Driver_7765,23,10,Central,64.4,Average
907767,Driver_7766,58,7,Central,61.1,Average
907768,Driver_7767,47,3,East,61.7,Average
907769,Driver_7768,39,22,South,98.4,Excellent
907770,Driver_7769,49,2,Central,95.8,Excellent
907771,Driver_7770,36,15,South,84.5,Good
907772,Driver_7771,60,10,North,59.0,Low
907773,Driver_7772,62,0,East,63.8,Average
907774,Driver_7773,56,17,North,88.5,Good
907775,Driver_7774,43,19,East,93.1,Excellent
907776,Driver_7775,45,22,West,92.5,Excellent
907777,Driver_7776,37,3,South,80.0,Good
907778,Driver_7777,51,18,North,74.1,Average
907779,Driver_7778,47,1,West,76.2,Good
907780,Driver_7779,42,25,North,78.0,Good
907781,Driver_7780,30,3,Central,73.9,Average
907782,Driver_7781,31,3,West,65.9,Average
907783,Driver_7782,60,5,South,54.8,Low
907784,Driver_7783,50,7,South,50.2,Low
907785,Driver_7784,52,17,West,51.7,Low
907786,Driver_7785,46,12,South,65.1,Average
907787,Driver_7786,42,5,Central,59.0,Low
907788,Driver_7787,27,19,West,90.0,Good
907789,Driver_7788,32,8,East,98.0,Excellent
907790,Driver_7789,48,18,North,96.1,Excellent
907791,Driver_7790,45,17,West,57.9,Low
907792,Driver_7791,61,2,West,58.7,Low
907793,Driver_7792,45,2,West,70.9,Average
907794,Driver_7793,21,17,West,64.4,Average
907795,Driver_7794,59,7,North,84.6,Good
907796,Driver_7795,24,11,North,70.6,Average
907797,Driver_7796,36,11,West,92.2,Excellent
907798,Driver_7797,40,1,North,61.1,Average
907799,Driver_7798,35,9,West,63.5,Average
907800,Driver_7799,54,15,West,83.4,Good
907801,Driver_7800,43,13,East,66.4,Average
907802,Driver_7801,36,6,North,76.2,Good
907803,Driver_7802,55,28,East,62.4,Average
907804,Driver_7803,61,2,South,92.6,Excellent
907805,Driver_7804,49,19,West,98.3,Excellent
907806,Driver_7805,25,10,West,61.6,Average
907807,Driver_7806,48,30,South,57.1,Low
907808,Driver_7807,26,22,South,98.3,Excellent
907809,Driver_7808,55,21,Central,51.9,Low
907810,Driver_7809,42,10,South,97.7,Excellent
907811,Driver_7810,47,23,South,63.3,Average
907812,Driver_7811,51,18,East,65.5,Average
907813,Driver_7812,33,22,East,85.7,Good
907814,Driver_7813,28,7,Central,57.4,Low
907815,Driver_7814,63,6,South,68.8,Average
907816,Driver_7815,22,4,East,71.7,Average
907817,Driver_7816,44,11,South,74.5,Average
907818,Driver_7817,59,15,North,63.1,Average
907819,Driver_7818,53,9,South,51.0,Low
907820,Driver_7819,33,8,East,69.7,Average
907821,Driver_7820,41,9,South,85.8,Good
907822,Driver_7821,58,7,Central,77.6,Good
907823,Driver_7822,43,13,West,64.2,Average
907824,Driver_7823,33,8,Central,78.4,Good
907825,Driver_7824,46,15,West,71.2,Average
907826,Driver_7825,61,12,East,92.2,Excellent
907827,Driver_7826,43,7,West,95.3,Excellent
907828,Driver_7827,45,26,Central,64.1,Average
907829,Driver_7828,47,28,South,59.6,Low
907830,Driver_7829,29,9,North,69.0,Average
907831,Driver_7830,41,8,Central,75.2,Good
907832,Driver_7831,22,7,South,72.9,Average
907833,Driver_7832,41,9,North,96.3,Excellent
907834,Driver_7833,58,1,North,98.2,Excellent
907835,Driver_7834,38,22,West,88.5,Good
907836,Driver_7835,25,3,East,73.8,Average
907837,Driver_7836,24,0,North,97.6,Excellent
907838,Driver_7837,57,17,Central,77.3,Good
907839,Driver_7838,35,0,South,90.0,Good
907840,Driver_7839,30,4,North,65.6,Average
907841,Driver_7840,52,4,East,77.3,Good
907842,Driver_7841,38,5,East,73.7,Average
907843,Driver_7842,54,13,West,91.6,Excellent
907844,Driver_7843,36,14,North,50.7,Low
907845,Driver_7844,35,7,South,92.4,Excellent
907846,Driver_7845,51,3,North,55.7,Low
907847,Driver_7846,52,13,Central,72.3,Average
907848,Driver_7847,54,20,Central,96.1,Excellent
907849,Driver_7848,39,0,North,76.8,Good
907850,Driver_7849,32,2,South,88.4,Good
907851,Driver_7850,32,15,Central,76.7,Good
907852,Driver_7851,61,3,South,99.3,Excellent
907853,Driver_7852,30,10,South,98.8,Excellent
907854,Driver_7853,35,10,North,69.8,Average
907855,Driver_7854,34,2,West,89.0,Good
907856,Driver_7855,31,28,Central,96.1,Excellent
907857,Driver_7856,47,4,North,94.6,Excellent
907858,Driver_7857,40,30,East,75.0,Average
907859,Driver_7858,45,25,East,94.5,Excellent
907860,Driver_7859,52,29,East,98.7,Excellent
907861,Driver_7860,44,28,Central,58.3,Low
907862,Driver_7861,23,28,North,74.9,Average
907863,Driver_7862,51,18,West,92.0,Excellent
907864,Driver_7863,43,22,North,90.7,Excellent
907865,Driver_7864,48,10,South,93.7,Excellent
907866,Driver_7865,37,12,North,70.2,Average
907867,Driver_7866,21,4,North,60.4,Average
907868,Driver_7867,35,17,East,71.5,Average
907869,Driver_7868,51,7,Central,95.7,Excellent
907870,Driver_7869,24,15,East,54.9,Low
907871,Driver_7870,24,23,North,82.2,Good
907872,Driver_7871,46,1,Central,73.2,Average
907873,Driver_7872,43,8,East,50.7,Low
907874,Driver_7873,47,10,Central,74.9,Average
907875,Driver_7874,59,21,Central,65.3,Average
907876,Driver_7875,58,24,Central,57.7,Low
907877,Driver_7876,57,30,South,57.2,Low
907878,Driver_7877,25,30,South,56.0,Low
907879,Driver_7878,46,22,North,85.2,Good
907880,Driver_7879,45,4,Central,91.4,Excellent
907881,Driver_7880,42,28,East,60.6,Average
907882,Driver_7881,45,8,East,76.3,Good
907883,Driver_7882,22,2,East,99.2,Excellent
907884,Driver_7883,34,14,South,67.6,Average
907885,Driver_7884,49,10,West,88.8,Good
907886,Driver_7885,24,26,South,50.5,Low
907887,Driver_7886,51,7,West,76.9,Good
907888,Driver_7887,56,23,South,55.6,Low
907889,Driver_7888,54,3,West,53.9,Low
907890,Driver_7889,39,29,East,65.5,Average
907891,Driver_7890,62,22,West,92.2,Excellent
907892,Driver_7891,39,21,South,93.2,Excellent
907893,Driver_7892,27,29,West,55.1,Low
907894,Driver_7893,32,3,South,61.7,Average
907895,Driver_7894,24,21,West,73.0,Average
907896,Driver_7895,24,17,South,66.4,Average
907897,Driver_7896,42,6,West,70.5,Average
907898,Driver_7897,51,26,West,96.4,Excellent
907899,Driver_7898,24,14,Central,57.5,Low
907900,Driver_7899,31,28,South,91.2,Excellent
907901,Driver_7900,59,24,Central,57.8,Low
907902,Driver_7901,45,3,North,80.6,Good
907903,Driver_7902,51,25,South,89.1,Good
907904,Driver_7903,38,23,West,88.4,Good
907905,Driver_7904,52,22,North,53.1,Low
907906,Driver_7905,29,20,East,66.4,Average
907907,Driver_7906,35,18,North,55.0,Low
907908,Driver_7907,50,19,North,79.7,Good
907909,Driver_7908,49,30,West,50.5,Low
907910,Driver_7909,61,22,Central,76.3,Good
907911,Driver_7910,28,2,North,89.0,Good
907912,Driver_7911,53,2,Central,95.1,Excellent
907913,Driver_7912,29,11,Central,70.2,Average
907914,Driver_7913,43,7,North,51.3,Low
907915,Driver_7914,38,3,South,69.8,Average
907916,Driver_7915,29,11,East,94.4,Excellent
907917,Driver_7916,46,2,West,73.2,Average
907918,Driver_7917,38,17,West,56.3,Low
907919,Driver_7918,57,10,North,69.4,Average
907920,Driver_7919,40,14,North,84.9,Good
907921,Driver_7920,38,13,South,69.5,Average
907922,Driver_7921,59,30,Central,80.0,Good
907923,Driver_7922,46,30,North,67.6,Average
907924,Driver_7923,58,2,South,98.4,Excellent
907925,Driver_7924,24,20,East,50.1,Low
907926,Driver_7925,47,15,North,95.0,Excellent
907927,Driver_7926,36,19,South,77.3,Good
907928,Driver_7927,31,25,South,73.3,Average
907929,Driver_7928,56,22,North,93.4,Excellent
907930,Driver_7929,40,30,North,57.3,Low
907931,Driver_7930,28,0,East,87.9,Good
907932,Driver_7931,43,24,West,88.1,Good
907933,Driver_7932,52,20,South,60.0,Low
907934,Driver_7933,25,13,North,62.6,Average
907935,Driver_7934,24,1,East,77.9,Good
907936,Driver_7935,42,2,South,65.1,Average
907937,Driver_7936,41,25,South,75.7,Good
907938,Driver_7937,21,15,West,96.7,Excellent
907939,Driver_7938,30,20,East,81.5,Good
907940,Driver_7939,32,2,Central,64.5,Average
907941,Driver_7940,50,17,South,58.1,Low
907942,Driver_7941,37,7,Central,89.3,Good
907943,Driver_7942,55,8,South,96.1,Excellent
907944,Driver_7943,40,3,North,81.1,Good
907945,Driver_7944,53,6,South,97.1,Excellent
907946,Driver_7945,26,13,North,62.4,Average
907947,Driver_7946,58,10,South,57.0,Low
907948,Driver_7947,21,27,West,87.0,Good
907949,Driver_7948,35,28,Central,85.7,Good
907950,Driver_7949,30,26,East,75.6,Good
907951,Driver_7950,50,21,West,79.8,Good
907952,Driver_7951,49,2,Central,62.4,Average
907953,Driver_7952,61,27,East,77.0,Good
907954,Driver_7953,49,9,North,77.0,Good
907955,Driver_7954,38,19,West,52.3,Low
907956,Driver_7955,52,2,North,68.4,Average
907957,Driver_7956,60,23,East,67.2,Average
907958,Driver_7957,57,12,North,62.6,Average
907959,Driver_7958,45,10,East,69.6,Average
907960,Driver_7959,38,13,South,50.3,Low
907961,Driver_7960,52,21,Central,77.9,Good
907962,Driver_7961,62,21,South,50.6,Low
907963,Driver_7962,47,30,North,97.3,Excellent
907964,Driver_7963,61,8,Central,97.0,Excellent
907965,Driver_7964,39,21,West,52.7,Low
907966,Driver_7965,35,7,West,91.6,Excellent
907967,Driver_7966,57,3,Central,59.5,Low
907968,Driver_7967,42,18,South,93.0,Excellent
907969,Driver_7968,21,18,South,82.9,Good
907970,Driver_7969,52,15,Central,99.3,Excellent
907971,Driver_7970,27,12,West,90.7,Excellent
907972,Driver_7971,38,14,West,56.4,Low
907973,Driver_7972,39,24,East,74.2,Average
907974,Driver_7973,50,4,South,51.5,Low
907975,Driver_7974,29,10,East,76.0,Good
907976,Driver_7975,28,11,East,59.1,Low
907977,Driver_7976,28,9,Central,67.3,Average
907978,Driver_7977,26,30,West,55.2,Low
907979,Driver_7978,50,0,West,81.1,Good
907980,Driver_7979,30,13,East,88.3,Good
907981,Driver_7980,35,17,East,93.1,Excellent
907982,Driver_7981,21,13,South,61.7,Average
907983,Driver_7982,26,14,Central,61.1,Average
907984,Driver_7983,22,26,South,96.7,Excellent
907985,Driver_7984,53,1,East,88.7,Good
907986,Driver_7985,56,18,West,56.7,Low
907987,Driver_7986,61,3,North,92.0,Excellent
907988,Driver_7987,37,16,Central,78.9,Good
907989,Driver_7988,58,27,East,69.7,Average
907990,Driver_7989,55,19,Central,65.6,Average
907991,Driver_7990,42,27,Central,62.2,Average
907992,Driver_7991,36,1,East,74.1,Average
907993,Driver_7992,30,9,South,95.0,Excellent
907994,Driver_7993,24,20,Central,57.6,Low
907995,Driver_7994,46,26,South,72.7,Average
907996,Driver_7995,50,1,West,92.0,Excellent
907997,Driver_7996,55,16,South,97.8,Excellent
907998,Driver_7997,38,2,North,70.4,Average
907999,Driver_7998,35,5,South,93.6,Excellent
908000,Driver_7999,51,18,South,85.9,Good
908001,Driver_8000,49,21,South,65.4,Average
908002,Driver_8001,37,16,East,61.1,Average
908003,Driver_8002,61,30,North,64.5,Average
908004,Driver_8003,29,16,East,96.8,Excellent
908005,Driver_8004,35,19,East,97.6,Excellent
908006,Driver_8005,23,26,West,68.1,Average
908007,Driver_8006,34,5,North,72.4,Average
908008,Driver_8007,46,15,Central,77.0,Good
908009,Driver_8008,62,25,East,91.2,Excellent
908010,Driver_8009,34,8,Central,66.8,Average
908011,Driver_8010,54,19,South,50.3,Low
908012,Driver_8011,30,20,East,60.0,Low
908013,Driver_8012,63,26,North,63.0,Average
908014,Driver_8013,52,10,North,95.9,Excellent
908015,Driver_8014,39,8,Central,76.8,Good
908016,Driver_8015,38,22,South,92.9,Excellent
908017,Driver_8016,40,1,West,84.4,Good
908018,Driver_8017,31,0,West,75.9,Good
908019,Driver_8018,39,5,East,68.8,Average
908020,Driver_8019,26,8,East,51.1,Low
908021,Driver_8020,59,25,West,68.2,Average
908022,Driver_8021,40,8,East,58.7,Low
908023,Driver_8022,31,4,South,74.5,Average
908024,Driver_8023,25,30,Central,57.5,Low
908025,Driver_8024,49,23,West,63.3,Average
908026,Driver_8025,41,12,North,61.2,Average
908027,Driver_8026,28,24,North,75.5,Good
908028,Driver_8027,41,28,Central,54.3,Low
908029,Driver_8028,21,4,Central,97.7,Excellent
908030,Driver_8029,44,23,Central,67.2,Average
908031,Driver_8030,34,29,Central,88.4,Good
908032,Driver_8031,38,5,East,60.1,Average
908033,Driver_8032,55,2,East,82.8,Good
908034,Driver_8033,39,17,West,70.2,Average
908035,Driver_8034,42,16,North,72.8,Average
908036,Driver_8035,35,15,West,60.3,Average
908037,Driver_8036,47,12,South,76.4,Good
908038,Driver_8037,53,0,South,96.3,Excellent
908039,Driver_8038,60,19,West,89.6,Good
908040,Driver_8039,51,15,North,67.1,Average
908041,Driver_8040,48,9,West,82.7,Good
908042,Driver_8041,22,11,North,63.1,Average
908043,Driver_8042,31,23,Central,84.1,Good
908044,Driver_8043,31,20,East,74.4,Average
908045,Driver_8044,31,23,South,60.7,Average
908046,Driver_8045,45,29,East,86.3,Good
908047,Driver_8046,39,15,Central,86.1,Good
908048,Driver_8047,33,5,West,87.2,Good
908049,Driver_8048,35,23,West,93.6,Excellent
908050,Driver_8049,24,18,North,52.1,Low
908051,Driver_8050,46,0,North,73.8,Average
908052,Driver_8051,45,30,East,56.1,Low
908053,Driver_8052,33,22,South,60.9,Average
908054,Driver_8053,23,20,Central,76.3,Good
908055,Driver_8054,57,26,South,59.4,Low
908056,Driver_8055,21,26,Central,84.0,Good
908057,Driver_8056,41,25,South,83.0,Good
908058,Driver_8057,54,4,North,76.9,Good
908059,Driver_8058,24,17,West,87.6,Good
908060,Driver_8059,50,9,West,68.7,Average
908061,Driver_8060,34,5,West,76.6,Good
908062,Driver_8061,22,18,North,76.3,Good
908063,Driver_8062,60,23,Central,73.7,Average
908064,Driver_8063,22,28,East,75.1,Good
908065,Driver_8064,37,18,South,74.8,Average
908066,Driver_8065,60,23,North,76.1,Good
908067,Driver_8066,27,10,West,93.3,Excellent
908068,Driver_8067,25,15,South,79.3,Good
908069,Driver_8068,40,24,Central,95.0,Excellent
908070,Driver_8069,46,10,Central,53.8,Low
908071,Driver_8070,53,3,Central,75.2,Good
908072,Driver_8071,53,29,West,75.0,Average
908073,Driver_8072,52,30,South,83.1,Good
908074,Driver_8073,36,22,East,82.9,Good
908075,Driver_8074,42,29,East,53.8,Low
908076,Driver_8075,57,2,West,64.6,Average
908077,Driver_8076,61,1,Central,96.1,Excellent
908078,Driver_8077,54,21,East,87.9,Good
908079,Driver_8078,56,4,South,98.5,Excellent
908080,Driver_8079,27,12,Central,68.9,Average
908081,Driver_8080,33,4,East,89.4,Good
908082,Driver_8081,46,22,South,74.1,Average
908083,Driver_8082,40,13,North,75.5,Good
908084,Driver_8083,30,27,East,99.2,Excellent
908085,Driver_8084,24,22,North,82.7,Good
908086,Driver_8085,57,0,South,60.6,Average
908087,Driver_8086,56,26,East,52.4,Low
908088,Driver_8087,40,29,Central,81.9,Good
908089,Driver_8088,39,3,Central,95.4,Excellent
908090,Driver_8089,40,22,South,82.2,Good
908091,Driver_8090,40,17,North,75.6,Good
908092,Driver_8091,26,1,East,69.4,Average
908093,Driver_8092,55,4,East,73.3,Average
908094,Driver_8093,63,25,West,60.7,Average
908095,Driver_8094,31,4,West,96.0,Excellent
908096,Driver_8095,25,20,East,81.0,Good
908097,Driver_8096,23,6,South,52.9,Low
908098,Driver_8097,29,7,North,81.8,Good
908099,Driver_8098,42,9,East,74.0,Average
908100,Driver_8099,31,13,East,51.7,Low
908101,Driver_8100,54,10,Central,59.8,Low
908102,Driver_8101,27,25,South,73.9,Average
908103,Driver_8102,53,25,East,90.3,Excellent
908104,Driver_8103,26,8,West,61.8,Average
908105,Driver_8104,23,16,South,78.0,Good
908106,Driver_8105,29,10,East,80.4,Good
908107,Driver_8106,23,13,North,63.4,Average
908108,Driver_8107,56,8,South,77.1,Good
908109,Driver_8108,41,2,North,81.0,Good
908110,Driver_8109,31,3,West,72.8,Average
908111,Driver_8110,50,30,South,66.9,Average
908112,Driver_8111,48,21,South,96.9,Excellent
908113,Driver_8112,35,27,South,59.7,Low
908114,Driver_8113,24,27,East,83.3,Good
908115,Driver_8114,37,1,East,97.0,Excellent
908116,Driver_8115,63,19,North,56.7,Low
908117,Driver_8116,59,1,West,59.7,Low
908118,Driver_8117,36,25,West,75.9,Good
908119,Driver_8118,31,3,West,88.2,Good
908120,Driver_8119,43,26,North,81.2,Good
908121,Driver_8120,45,5,South,73.7,Average
908122,Driver_8121,47,17,North,54.8,Low
908123,Driver_8122,26,10,East,67.8,Average
908124,Driver_8123,41,28,West,92.5,Excellent
908125,Driver_8124,35,28,North,83.9,Good
908126,Driver_8125,52,18,West,85.3,Good
908127,Driver_8126,54,15,East,63.9,Average
908128,Driver_8127,44,16,North,66.4,Average
908129,Driver_8128,32,26,North,87.2,Good
908130,Driver_8129,44,5,Central,91.2,Excellent
908131,Driver_8130,37,22,Central,70.1,Average
908132,Driver_8131,48,21,North,78.9,Good
908133,Driver_8132,26,28,North,72.3,Average
908134,Driver_8133,55,20,South,62.6,Average
908135,Driver_8134,35,12,North,85.5,Good
908136,Driver_8135,37,23,East,57.0,Low
908137,Driver_8136,57,23,West,73.3,Average
908138,Driver_8137,49,12,Central,94.6,Excellent
908139,Driver_8138,61,6,South,66.4,Average
908140,Driver_8139,25,16,Central,61.0,Average
908141,Driver_8140,54,20,North,76.9,Good
908142,Driver_8141,42,17,North,72.9,Average
908143,Driver_8142,39,22,Central,70.4,Average
908144,Driver_8143,24,12,East,78.5,Good
908145,Driver_8144,46,10,North,64.8,Average
908146,Driver_8145,37,30,North,73.4,Average
908147,Driver_8146,42,27,South,83.1,Good
908148,Driver_8147,22,13,North,60.4,Average
908149,Driver_8148,34,30,Central,55.5,Low
908150,Driver_8149,61,26,North,80.3,Good
908151,Driver_8150,38,5,Central,51.2,Low
908152,Driver_8151,58,0,South,89.3,Good
908153,Driver_8152,57,10,East,77.5,Good
908154,Driver_8153,34,8,South,61.9,Average
908155,Driver_8154,50,10,South,61.1,Average
908156,Driver_8155,55,17,North,60.8,Average
908157,Driver_8156,63,24,South,73.2,Average
908158,Driver_8157,48,5,South,55.7,Low
908159,Driver_8158,40,21,West,91.6,Excellent
908160,Driver_8159,60,21,Central,54.2,Low
908161,Driver_8160,46,13,Central,56.9,Low
908162,Driver_8161,44,3,South,85.4,Good
908163,Driver_8162,61,3,East,68.9,Average
908164,Driver_8163,56,27,West,51.7,Low
908165,Driver_8164,25,27,South,92.2,Excellent
908166,Driver_8165,34,5,Central,58.7,Low
908167,Driver_8166,33,24,South,90.1,Excellent
908168,Driver_8167,43,18,West,66.8,Average
908169,Driver_8168,28,28,West,62.4,Average
908170,Driver_8169,42,16,East,51.4,Low
908171,Driver_8170,57,15,West,85.2,Good
908172,Driver_8171,41,4,Central,98.2,Excellent
908173,Driver_8172,30,25,East,74.5,Average
908174,Driver_8173,31,17,East,79.8,Good
908175,Driver_8174,35,19,West,71.3,Average
908176,Driver_8175,59,16,South,67.6,Average
908177,Driver_8176,30,4,South,95.2,Excellent
908178,Driver_8177,21,1,Central,75.1,Good
908179,Driver_8178,60,26,West,60.1,Average
908180,Driver_8179,50,18,South,59.1,Low
908181,Driver_8180,54,24,South,57.7,Low
908182,Driver_8181,42,3,South,89.4,Good
908183,Driver_8182,48,30,East,61.9,Average
908184,Driver_8183,46,16,East,88.1,Good
908185,Driver_8184,32,3,West,61.4,Average
908186,Driver_8185,42,0,East,87.3,Good
908187,Driver_8186,51,18,East,95.3,Excellent
908188,Driver_8187,24,14,Central,50.3,Low
908189,Driver_8188,23,3,North,86.9,Good
908190,Driver_8189,43,2,South,74.5,Average
908191,Driver_8190,40,28,North,97.9,Excellent
908192,Driver_8191,36,16,South,67.9,Average
908193,Driver_8192,54,12,North,59.3,Low
908194,Driver_8193,39,8,East,54.7,Low
908195,Driver_8194,47,18,East,92.7,Excellent
908196,Driver_8195,56,7,West,59.7,Low
908197,Driver_8196,52,26,East,53.3,Low
908198,Driver_8197,54,7,East,55.3,Low
908199,Driver_8198,31,28,North,78.4,Good
908200,Driver_8199,22,12,West,98.9,Excellent
908201,Driver_8200,44,18,North,98.7,Excellent
908202,Driver_8201,63,7,South,79.2,Good
908203,Driver_8202,32,21,South,73.8,Average
908204,Driver_8203,42,25,South,81.5,Good
908205,Driver_8204,33,10,Central,95.7,Excellent
908206,Driver_8205,38,14,West,54.4,Low
908207,Driver_8206,46,17,East,85.6,Good
908208,Driver_8207,51,1,West,66.8,Average
908209,Driver_8208,23,20,South,94.7,Excellent
908210,Driver_8209,41,22,East,95.3,Excellent
908211,Driver_8210,34,13,Central,90.7,Excellent
908212,Driver_8211,25,11,North,63.6,Average
908213,Driver_8212,59,30,West,74.8,Average
908214,Driver_8213,48,2,East,75.5,Good
908215,Driver_8214,43,16,South,59.8,Low
908216,Driver_8215,23,15,North,58.2,Low
908217,Driver_8216,29,20,East,77.7,Good
908218,Driver_8217,33,12,South,99.9,Excellent
908219,Driver_8218,46,9,Central,82.6,Good
908220,Driver_8219,36,15,North,94.2,Excellent
908221,Driver_8220,36,24,West,69.0,Average
908222,Driver_8221,49,14,Central,84.1,Good
908223,Driver_8222,33,10,East,99.2,Excellent
908224,Driver_8223,61,8,Central,57.4,Low
908225,Driver_8224,21,4,West,63.9,Average
908226,Driver_8225,42,11,East,80.9,Good
908227,Driver_8226,22,19,North,72.6,Average
908228,Driver_8227,43,0,West,71.2,Average
908229,Driver_8228,42,1,East,99.5,Excellent
908230,Driver_8229,50,0,Central,62.1,Average
908231,Driver_8230,35,15,West,93.9,Excellent
908232,Driver_8231,37,16,Central,62.6,Average
908233,Driver_8232,46,5,North,64.3,Average
908234,Driver_8233,43,19,South,92.6,Excellent
908235,Driver_8234,34,6,East,58.5,Low
908236,Driver_8235,27,16,Central,72.7,Average
908237,Driver_8236,23,1,South,67.3,Average
908238,Driver_8237,27,1,South,69.0,Average
908239,Driver_8238,42,17,West,77.2,Good
908240,Driver_8239,54,8,North,90.6,Excellent
908241,Driver_8240,29,26,East,56.6,Low
908242,Driver_8241,56,9,West,69.5,Average
908243,Driver_8242,22,20,South,72.4,Average
908244,Driver_8243,38,21,West,57.2,Low
908245,Driver_8244,29,20,South,51.8,Low
908246,Driver_8245,26,23,North,56.8,Low
908247,Driver_8246,24,15,East,95.6,Excellent
908248,Driver_8247,29,20,South,75.8,Good
908249,Driver_8248,57,10,East,75.5,Good
908250,Driver_8249,38,2,Central,86.7,Good
908251,Driver_8250,42,10,South,74.6,Average
908252,Driver_8251,44,6,South,55.9,Low
908253,Driver_8252,62,1,South,53.0,Low
908254,Driver_8253,33,19,North,50.2,Low
908255,Driver_8254,47,13,West,56.0,Low
908256,Driver_8255,26,2,South,85.1,Good
908257,Driver_8256,36,11,North,88.0,Good
908258,Driver_8257,26,17,East,53.3,Low
908259,Driver_8258,61,15,South,60.2,Average
908260,Driver_8259,44,10,East,92.7,Excellent
908261,Driver_8260,45,26,South,100.0,Excellent
908262,Driver_8261,59,23,East,55.1,Low
908263,Driver_8262,41,5,West,70.6,Average
908264,Driver_8263,28,11,Central,86.4,Good
908265,Driver_8264,45,5,Central,60.4,Average
908266,Driver_8265,63,13,Central,91.1,Excellent
908267,Driver_8266,59,24,Central,91.1,Excellent
908268,Driver_8267,27,18,East,99.4,Excellent
908269,Driver_8268,61,30,North,52.5,Low
908270,Driver_8269,59,26,West,62.7,Average
908271,Driver_8270,34,25,South,61.2,Average
908272,Driver_8271,54,24,South,73.2,Average
908273,Driver_8272,38,20,South,50.7,Low
908274,Driver_8273,23,8,South,63.5,Average
908275,Driver_8274,33,1,South,61.8,Average
908276,Driver_8275,39,28,West,59.9,Low
908277,Driver_8276,22,10,South,77.7,Good
908278,Driver_8277,47,15,Central,87.9,Good
908279,Driver_8278,27,25,East,71.7,Average
908280,Driver_8279,52,26,East,88.8,Good
908281,Driver_8280,52,9,East,71.7,Average
908282,Driver_8281,56,11,South,84.3,Good
908283,Driver_8282,25,19,Central,76.0,Good
908284,Driver_8283,29,5,North,57.2,Low
908285,Driver_8284,33,30,West,86.9,Good
908286,Driver_8285,23,21,South,53.7,Low
908287,Driver_8286,49,29,West,84.6,Good
908288,Driver_8287,21,15,East,58.9,Low
908289,Driver_8288,44,26,South,59.4,Low
908290,Driver_8289,54,2,North,69.3,Average
908291,Driver_8290,48,29,North,52.6,Low
908292,Driver_8291,23,28,West,53.3,Low
908293,Driver_8292,32,20,West,79.0,Good
908294,Driver_8293,59,14,South,67.1,Average
908295,Driver_8294,44,26,East,87.8,Good
908296,Driver_8295,49,7,Central,59.1,Low
908297,Driver_8296,52,1,Central,64.7,Average
908298,Driver_8297,57,25,Central,66.7,Average
908299,Driver_8298,44,13,North,55.9,Low
908300,Driver_8299,28,27,Central,88.5,Good
908301,Driver_8300,52,0,South,64.6,Average
908302,Driver_8301,40,17,South,90.9,Excellent
908303,Driver_8302,31,0,West,57.4,Low
908304,Driver_8303,58,14,North,93.8,Excellent
908305,Driver_8304,31,12,East,99.1,Excellent
908306,Driver_8305,32,5,East,78.5,Good
908307,Driver_8306,62,7,East,72.9,Average
908308,Driver_8307,44,28,North,54.7,Low
908309,Driver_8308,24,20,North,92.8,Excellent
908310,Driver_8309,47,27,West,98.0,Excellent
908311,Driver_8310,38,6,East,98.4,Excellent
908312,Driver_8311,41,1,South,63.0,Average
908313,Driver_8312,54,4,West,91.8,Excellent
908314,Driver_8313,52,6,West,78.6,Good
908315,Driver_8314,49,21,South,93.7,Excellent
908316,Driver_8315,50,14,East,88.4,Good
908317,Driver_8316,50,17,South,81.1,Good
908318,Driver_8317,45,3,South,97.6,Excellent
908319,Driver_8318,63,26,Central,50.9,Low
908320,Driver_8319,43,15,South,56.3,Low
908321,Driver_8320,41,11,North,74.6,Average
908322,Driver_8321,57,27,East,70.7,Average
908323,Driver_8322,26,19,West,59.5,Low
908324,Driver_8323,52,20,West,53.7,Low
908325,Driver_8324,42,5,South,50.2,Low
908326,Driver_8325,43,11,South,80.9,Good
908327,Driver_8326,62,3,South,88.6,Good
908328,Driver_8327,33,26,North,71.1,Average
908329,Driver_8328,39,27,East,53.5,Low
908330,Driver_8329,42,1,North,75.1,Good
908331,Driver_8330,33,28,West,90.4,Excellent
908332,Driver_8331,56,21,Central,70.6,Average
908333,Driver_8332,28,1,East,87.3,Good
908334,Driver_8333,50,22,West,72.7,Average
908335,Driver_8334,37,0,Central,81.1,Good
908336,Driver_8335,55,16,East,63.7,Average
908337,Driver_8336,41,9,East,99.3,Excellent
908338,Driver_8337,36,16,Central,97.8,Excellent
908339,Driver_8338,43,24,South,52.5,Low
908340,Driver_8339,60,0,South,98.0,Excellent
908341,Driver_8340,61,6,South,80.8,Good
908342,Driver_8341,43,18,South,82.8,Good
908343,Driver_8342,21,26,East,73.9,Average
908344,Driver_8343,59,29,North,80.4,Good
908345,Driver_8344,48,20,West,100.0,Excellent
908346,Driver_8345,32,15,South,59.9,Low
908347,Driver_8346,55,29,Central,62.8,Average
908348,Driver_8347,48,27,Central,55.0,Low
908349,Driver_8348,21,15,North,78.1,Good
908350,Driver_8349,26,16,West,80.7,Good
908351,Driver_8350,52,23,South,53.2,Low
908352,Driver_8351,30,3,North,57.5,Low
908353,Driver_8352,34,12,North,97.4,Excellent
908354,Driver_8353,49,19,South,95.0,Excellent
908355,Driver_8354,27,19,East,69.3,Average
908356,Driver_8355,23,24,South,96.7,Excellent
908357,Driver_8356,58,7,Central,74.1,Average
908358,Driver_8357,36,21,North,97.6,Excellent
908359,Driver_8358,46,20,South,67.7,Average
908360,Driver_8359,28,30,West,95.5,Excellent
908361,Driver_8360,60,29,South,81.3,Good
908362,Driver_8361,52,0,West,68.4,Average
908363,Driver_8362,22,22,East,86.5,Good
908364,Driver_8363,49,18,West,90.5,Excellent
908365,Driver_8364,52,12,West,60.6,Average
908366,Driver_8365,29,12,East,50.1,Low
908367,Driver_8366,43,7,South,84.5,Good
908368,Driver_8367,59,16,West,77.7,Good
908369,Driver_8368,40,4,West,97.0,Excellent
908370,Driver_8369,39,27,South,60.4,Average
908371,Driver_8370,48,1,North,93.0,Excellent
908372,Driver_8371,63,3,South,89.5,Good
908373,Driver_8372,51,0,North,55.2,Low
908374,Driver_8373,28,17,North,98.2,Excellent
908375,Driver_8374,24,4,South,73.3,Average
908376,Driver_8375,61,17,East,85.3,Good
908377,Driver_8376,62,7,Central,63.6,Average
908378,Driver_8377,28,25,Central,62.4,Average
908379,Driver_8378,63,8,North,73.0,Average
908380,Driver_8379,26,4,South,67.1,Average
908381,Driver_8380,49,30,Central,51.6,Low
908382,Driver_8381,39,15,East,72.7,Average
908383,Driver_8382,45,15,Central,97.7,Excellent
908384,Driver_8383,51,12,North,75.5,Good
908385,Driver_8384,50,28,West,61.1,Average
908386,Driver_8385,50,21,North,50.4,Low
908387,Driver_8386,54,21,East,87.8,Good
908388,Driver_8387,39,3,West,93.4,Excellent
908389,Driver_8388,39,19,West,93.6,Excellent
908390,Driver_8389,44,4,South,78.9,Good
908391,Driver_8390,48,9,West,86.7,Good
908392,Driver_8391,29,23,East,82.6,Good
908393,Driver_8392,37,5,West,73.9,Average
908394,Driver_8393,30,27,North,71.4,Average
908395,Driver_8394,45,1,Central,93.0,Excellent
908396,Driver_8395,41,28,Central,89.4,Good
908397,Driver_8396,53,30,North,99.1,Excellent
908398,Driver_8397,30,5,North,62.0,Average
908399,Driver_8398,23,9,West,78.4,Good
908400,Driver_8399,33,27,East,76.2,Good
908401,Driver_8400,47,26,North,50.2,Low
908402,Driver_8401,46,16,East,85.7,Good
908403,Driver_8402,49,0,North,65.7,Average
908404,Driver_8403,36,7,East,90.0,Good
908405,Driver_8404,34,4,East,99.5,Excellent
908406,Driver_8405,26,13,South,78.7,Good
908407,Driver_8406,43,14,West,96.9,Excellent
908408,Driver_8407,51,18,South,53.5,Low
908409,Driver_8408,32,12,North,68.2,Average
908410,Driver_8409,62,21,East,67.4,Average
908411,Driver_8410,53,19,South,61.7,Average
908412,Driver_8411,60,7,South,70.2,Average
908413,Driver_8412,30,5,Central,79.9,Good
908414,Driver_8413,33,9,West,97.2,Excellent
908415,Driver_8414,59,30,East,98.1,Excellent
908416,Driver_8415,50,6,North,99.1,Excellent
908417,Driver_8416,57,15,Central,98.7,Excellent
908418,Driver_8417,26,10,North,96.9,Excellent
908419,Driver_8418,42,27,East,82.6,Good
908420,Driver_8419,42,2,South,55.7,Low
908421,Driver_8420,60,7,South,85.3,Good
908422,Driver_8421,23,22,South,91.1,Excellent
908423,Driver_8422,50,19,North,71.5,Average
908424,Driver_8423,63,26,Central,57.6,Low
908425,Driver_8424,29,26,South,87.7,Good
908426,Driver_8425,21,4,East,63.5,Average
908427,Driver_8426,57,7,North,92.8,Excellent
908428,Driver_8427,55,24,North,81.2,Good
908429,Driver_8428,22,9,Central,78.5,Good
908430,Driver_8429,32,9,Central,52.1,Low
908431,Driver_8430,63,18,West,55.5,Low
908432,Driver_8431,58,12,Central,88.8,Good
908433,Driver_8432,47,2,East,82.6,Good
908434,Driver_8433,51,14,East,74.2,Average
908435,Driver_8434,32,21,East,86.4,Good
908436,Driver_8435,33,9,Central,95.4,Excellent
908437,Driver_8436,60,25,East,89.2,Good
908438,Driver_8437,21,23,South,62.5,Average
908439,Driver_8438,30,1,Central,82.7,Good
908440,Driver_8439,21,10,East,77.5,Good
908441,Driver_8440,25,12,Central,50.8,Low
908442,Driver_8441,54,12,Central,72.1,Average
908443,Driver_8442,42,27,West,86.1,Good
908444,Driver_8443,55,15,East,90.5,Excellent
908445,Driver_8444,38,1,North,70.2,Average
908446,Driver_8445,52,10,East,89.6,Good
908447,Driver_8446,22,30,East,91.0,Excellent
908448,Driver_8447,38,28,North,54.4,Low
908449,Driver_8448,25,10,East,78.6,Good
908450,Driver_8449,55,7,East,56.1,Low
908451,Driver_8450,48,0,South,63.8,Average
908452,Driver_8451,56,2,Central,60.8,Average
908453,Driver_8452,33,28,Central,57.0,Low
908454,Driver_8453,41,12,West,98.8,Excellent
908455,Driver_8454,52,0,East,87.1,Good
908456,Driver_8455,50,29,North,92.6,Excellent
908457,Driver_8456,22,19,West,65.7,Average
908458,Driver_8457,46,12,North,68.6,Average
908459,Driver_8458,59,22,Central,72.5,Average
908460,Driver_8459,37,17,Central,66.5,Average
908461,Driver_8460,57,5,North,82.6,Good
908462,Driver_8461,45,17,East,60.9,Average
908463,Driver_8462,39,12,Central,68.1,Average
908464,Driver_8463,36,12,North,75.4,Good
908465,Driver_8464,33,27,East,64.3,Average
908466,Driver_8465,48,28,East,92.7,Excellent
908467,Driver_8466,58,27,Central,63.3,Average
908468,Driver_8467,49,16,Central,76.7,Good
908469,Driver_8468,37,20,Central,58.5,Low
908470,Driver_8469,52,23,East,60.2,Average
908471,Driver_8470,62,9,Central,91.9,Excellent
908472,Driver_8471,62,1,North,80.2,Good
908473,Driver_8472,21,26,North,78.7,Good
908474,Driver_8473,24,23,West,58.6,Low
908475,Driver_8474,47,0,Central,70.5,Average
908476,Driver_8475,24,22,East,67.6,Average
908477,Driver_8476,21,8,Central,91.4,Excellent
908478,Driver_8477,62,24,North,82.0,Good
908479,Driver_8478,55,14,East,52.7,Low
908480,Driver_8479,29,28,East,85.1,Good
908481,Driver_8480,57,17,Central,86.7,Good
908482,Driver_8481,55,22,South,62.7,Average
908483,Driver_8482,32,21,Central,59.6,Low
908484,Driver_8483,33,16,Central,55.6,Low
908485,Driver_8484,54,6,West,99.1,Excellent
908486,Driver_8485,38,23,South,98.9,Excellent
908487,Driver_8486,39,30,Central,54.3,Low
908488,Driver_8487,21,24,South,51.5,Low
908489,Driver_8488,58,7,West,73.0,Average
908490,Driver_8489,49,26,West,54.1,Low
908491,Driver_8490,36,14,North,74.7,Average
908492,Driver_8491,34,3,South,69.2,Average
908493,Driver_8492,37,26,Central,82.3,Good
908494,Driver_8493,34,29,East,67.6,Average
908495,Driver_8494,35,27,East,89.2,Good
908496,Driver_8495,36,19,West,77.4,Good
908497,Driver_8496,56,30,West,78.0,Good
908498,Driver_8497,25,30,North,97.3,Excellent
908499,Driver_8498,63,14,Central,50.3,Low
908500,Driver_8499,50,7,West,91.9,Excellent
908501,Driver_8500,54,23,East,62.6,Average
908502,Driver_8501,26,27,Central,62.6,Average
908503,Driver_8502,51,10,North,59.3,Low
908504,Driver_8503,60,27,North,69.3,Average
908505,Driver_8504,23,8,West,51.5,Low
908506,Driver_8505,57,7,East,61.1,Average
908507,Driver_8506,30,12,East,52.8,Low
908508,Driver_8507,62,13,South,79.7,Good
908509,Driver_8508,46,8,South,50.9,Low
908510,Driver_8509,52,7,West,60.1,Average
908511,Driver_8510,35,0,East,77.7,Good
908512,Driver_8511,48,28,South,55.4,Low
908513,Driver_8512,26,6,South,92.5,Excellent
908514,Driver_8513,39,3,West,54.5,Low
908515,Driver_8514,40,5,North,77.4,Good
908516,Driver_8515,26,9,Central,62.5,Average
908517,Driver_8516,47,20,South,93.9,Excellent
908518,Driver_8517,63,11,Central,83.6,Good
908519,Driver_8518,47,9,Central,65.8,Average
908520,Driver_8519,34,13,Central,90.9,Excellent
908521,Driver_8520,61,28,East,76.6,Good
908522,Driver_8521,54,17,East,67.8,Average
908523,Driver_8522,42,22,Central,72.5,Average
908524,Driver_8523,34,15,Central,78.7,Good
908525,Driver_8524,46,25,West,68.9,Average
908526,Driver_8525,25,22,West,76.1,Good
908527,Driver_8526,47,27,North,62.1,Average
908528,Driver_8527,27,3,Central,82.2,Good
908529,Driver_8528,46,24,East,91.9,Excellent
908530,Driver_8529,25,7,South,71.6,Average
908531,Driver_8530,48,14,East,53.4,Low
908532,Driver_8531,25,10,South,78.9,Good
908533,Driver_8532,61,14,South,61.2,Average
908534,Driver_8533,28,7,East,85.4,Good
908535,Driver_8534,21,7,South,59.5,Low
908536,Driver_8535,29,3,South,89.4,Good
908537,Driver_8536,35,18,West,55.3,Low
908538,Driver_8537,43,0,West,90.8,Excellent
908539,Driver_8538,45,14,North,88.2,Good
908540,Driver_8539,26,20,South,52.8,Low
908541,Driver_8540,39,13,South,72.7,Average
908542,Driver_8541,33,27,West,64.5,Average
908543,Driver_8542,34,23,West,70.0,Average
908544,Driver_8543,39,5,East,94.0,Excellent
908545,Driver_8544,44,23,West,86.5,Good
908546,Driver_8545,27,23,East,98.8,Excellent
908547,Driver_8546,25,6,Central,81.0,Good
908548,Driver_8547,45,30,North,53.7,Low
908549,Driver_8548,31,12,West,62.8,Average
908550,Driver_8549,53,4,North,92.0,Excellent
908551,Driver_8550,52,13,Central,53.7,Low
908552,Driver_8551,22,15,West,56.4,Low
908553,Driver_8552,60,3,East,87.7,Good
908554,Driver_8553,63,16,West,55.7,Low
908555,Driver_8554,54,30,West,80.9,Good
908556,Driver_8555,63,12,East,95.7,Excellent
908557,Driver_8556,40,9,West,89.3,Good
908558,Driver_8557,32,5,South,93.7,Excellent
908559,Driver_8558,42,15,East,96.4,Excellent
908560,Driver_8559,57,1,South,77.6,Good
908561,Driver_8560,49,17,East,94.0,Excellent
908562,Driver_8561,59,25,East,71.7,Average
908563,Driver_8562,28,1,Central,91.8,Excellent
908564,Driver_8563,30,26,North,92.8,Excellent
908565,Driver_8564,30,20,East,78.7,Good
908566,Driver_8565,30,15,East,50.3,Low
908567,Driver_8566,25,9,North,95.6,Excellent
908568,Driver_8567,48,9,North,93.3,Excellent
908569,Driver_8568,49,4,Central,54.2,Low
908570,Driver_8569,61,22,North,94.4,Excellent
908571,Driver_8570,47,16,Central,99.7,Excellent
908572,Driver_8571,44,14,East,92.5,Excellent
908573,Driver_8572,42,8,South,51.1,Low
908574,Driver_8573,58,26,East,85.4,Good
908575,Driver_8574,42,14,East,68.1,Average
908576,Driver_8575,33,13,East,57.7,Low
908577,Driver_8576,43,30,West,69.8,Average
908578,Driver_8577,41,15,Central,81.8,Good
908579,Driver_8578,56,20,North,83.2,Good
908580,Driver_8579,43,9,North,85.8,Good
908581,Driver_8580,62,12,West,87.9,Good
908582,Driver_8581,44,7,South,54.8,Low
908583,Driver_8582,27,19,Central,91.8,Excellent
908584,Driver_8583,52,4,North,96.5,Excellent
908585,Driver_8584,49,16,East,54.4,Low
908586,Driver_8585,41,18,South,95.4,Excellent
908587,Driver_8586,23,25,West,81.7,Good
908588,Driver_8587,54,7,East,79.8,Good
908589,Driver_8588,29,17,East,76.2,Good
908590,Driver_8589,37,13,East,69.7,Average
908591,Driver_8590,24,13,Central,78.9,Good
908592,Driver_8591,33,23,Central,99.9,Excellent
908593,Driver_8592,22,25,Central,95.5,Excellent
908594,Driver_8593,37,11,North,76.8,Good
908595,Driver_8594,40,21,South,96.1,Excellent
908596,Driver_8595,32,24,South,79.9,Good
908597,Driver_8596,42,21,West,93.4,Excellent
908598,Driver_8597,46,26,West,54.7,Low
908599,Driver_8598,61,20,West,61.3,Average
908600,Driver_8599,34,18,East,56.1,Low
908601,Driver_8600,47,16,East,71.3,Average
908602,Driver_8601,33,23,Central,82.4,Good
908603,Driver_8602,62,24,South,59.5,Low
908604,Driver_8603,53,25,East,77.8,Good
908605,Driver_8604,40,23,Central,53.8,Low
908606,Driver_8605,28,12,West,79.1,Good
908607,Driver_8606,36,29,North,76.5,Good
908608,Driver_8607,55,13,East,92.2,Excellent
908609,Driver_8608,24,24,South,74.6,Average
908610,Driver_8609,28,5,Central,57.1,Low
908611,Driver_8610,58,1,South,88.8,Good
908612,Driver_8611,34,26,Central,50.6,Low
908613,Driver_8612,33,26,North,93.4,Excellent
908614,Driver_8613,51,9,South,75.0,Average
908615,Driver_8614,51,20,West,61.5,Average
908616,Driver_8615,32,22,Central,89.5,Good
908617,Driver_8616,21,25,South,64.6,Average
908618,Driver_8617,28,23,North,88.0,Good
908619,Driver_8618,41,8,South,96.0,Excellent
908620,Driver_8619,57,13,East,98.0,Excellent
908621,Driver_8620,50,26,West,75.9,Good
908622,Driver_8621,48,4,North,70.6,Average
908623,Driver_8622,26,0,East,75.3,Good
908624,Driver_8623,33,7,North,79.6,Good
908625,Driver_8624,55,9,North,64.6,Average
908626,Driver_8625,23,7,West,76.8,Good
908627,Driver_8626,34,17,Central,99.1,Excellent
908628,Driver_8627,48,2,North,76.7,Good
908629,Driver_8628,35,6,West,81.9,Good
908630,Driver_8629,32,5,West,51.9,Low
908631,Driver_8630,38,1,West,61.8,Average
908632,Driver_8631,45,9,Central,69.1,Average
908633,Driver_8632,46,20,Central,59.9,Low
908634,Driver_8633,59,20,West,67.6,Average
908635,Driver_8634,43,9,East,57.3,Low
908636,Driver_8635,53,0,Central,85.2,Good
908637,Driver_8636,62,28,West,83.0,Good
908638,Driver_8637,48,30,West,59.5,Low
908639,Driver_8638,43,4,West,68.2,Average
908640,Driver_8639,28,28,Central,61.7,Average
908641,Driver_8640,35,16,North,64.1,Average
908642,Driver_8641,30,10,North,93.0,Excellent
908643,Driver_8642,57,27,South,64.7,Average
908644,Driver_8643,24,16,West,51.2,Low
908645,Driver_8644,56,16,West,76.9,Good
908646,Driver_8645,40,13,West,59.8,Low
908647,Driver_8646,53,3,South,64.9,Average
908648,Driver_8647,38,14,Central,96.2,Excellent
908649,Driver_8648,34,13,North,98.2,Excellent
908650,Driver_8649,22,21,Central,99.9,Excellent
908651,Driver_8650,60,27,Central,73.1,Average
908652,Driver_8651,61,8,North,72.3,Average
908653,Driver_8652,54,28,West,87.1,Good
908654,Driver_8653,43,14,North,85.8,Good
908655,Driver_8654,28,28,Central,98.3,Excellent
908656,Driver_8655,52,6,East,78.2,Good
908657,Driver_8656,47,12,South,78.2,Good
908658,Driver_8657,30,22,South,53.7,Low
908659,Driver_8658,60,6,Central,87.8,Good
908660,Driver_8659,56,10,Central,97.9,Excellent
908661,Driver_8660,55,7,West,60.3,Average
908662,Driver_8661,36,7,South,66.6,Average
908663,Driver_8662,26,4,West,94.3,Excellent
908664,Driver_8663,40,14,West,72.2,Average
908665,Driver_8664,57,22,West,69.6,Average
908666,Driver_8665,46,3,Central,96.3,Excellent
908667,Driver_8666,25,20,East,64.8,Average
908668,Driver_8667,58,8,West,96.3,Excellent
908669,Driver_8668,36,26,South,75.8,Good
908670,Driver_8669,45,6,East,73.2,Average
908671,Driver_8670,42,17,West,64.8,Average
908672,Driver_8671,26,1,North,55.9,Low
908673,Driver_8672,27,0,Central,93.2,Excellent
908674,Driver_8673,28,2,South,65.9,Average
908675,Driver_8674,60,29,Central,96.4,Excellent
908676,Driver_8675,44,9,Central,51.9,Low
908677,Driver_8676,50,26,North,65.2,Average
908678,Driver_8677,45,0,Central,99.2,Excellent
908679,Driver_8678,42,7,South,82.4,Good
908680,Driver_8679,61,21,North,62.6,Average
908681,Driver_8680,57,20,South,96.7,Excellent
908682,Driver_8681,29,25,Central,85.3,Good
908683,Driver_8682,45,13,West,59.4,Low
908684,Driver_8683,27,6,Central,97.0,Excellent
908685,Driver_8684,60,4,West,58.0,Low
908686,Driver_8685,50,10,Central,79.5,Good
908687,Driver_8686,63,12,South,80.8,Good
908688,Driver_8687,37,12,Central,74.4,Average
908689,Driver_8688,40,22,East,85.9,Good
908690,Driver_8689,39,11,Central,70.4,Average
908691,Driver_8690,30,17,West,57.1,Low
908692,Driver_8691,62,5,North,84.4,Good
908693,Driver_8692,57,4,Central,80.6,Good
908694,Driver_8693,29,11,Central,61.5,Average
908695,Driver_8694,57,30,West,97.1,Excellent
908696,Driver_8695,53,13,East,96.0,Excellent
908697,Driver_8696,38,5,East,64.3,Average
908698,Driver_8697,39,24,East,96.6,Excellent
908699,Driver_8698,33,15,North,87.7,Good
908700,Driver_8699,25,28,East,79.2,Good
908701,Driver_8700,44,14,West,84.3,Good
908702,Driver_8701,24,10,South,94.6,Excellent
908703,Driver_8702,33,10,East,55.3,Low
908704,Driver_8703,34,10,South,70.9,Average
908705,Driver_8704,44,17,West,67.2,Average
908706,Driver_8705,34,26,East,56.1,Low
908707,Driver_8706,28,26,North,69.3,Average
908708,Driver_8707,33,11,North,89.4,Good
908709,Driver_8708,36,16,West,71.5,Average
908710,Driver_8709,30,7,West,58.8,Low
908711,Driver_8710,59,27,Central,89.4,Good
908712,Driver_8711,25,17,North,78.4,Good
908713,Driver_8712,44,3,Central,72.4,Average
908714,Driver_8713,60,22,South,90.2,Excellent
908715,Driver_8714,24,22,West,89.2,Good
908716,Driver_8715,33,19,East,71.5,Average
908717,Driver_8716,35,18,South,93.4,Excellent
908718,Driver_8717,55,0,North,96.3,Excellent
908719,Driver_8718,35,11,North,61.9,Average
908720,Driver_8719,29,22,South,78.8,Good
908721,Driver_8720,54,23,North,71.8,Average
908722,Driver_8721,40,4,West,94.8,Excellent
908723,Driver_8722,50,3,South,52.9,Low
908724,Driver_8723,31,30,South,64.2,Average
908725,Driver_8724,28,26,South,69.6,Average
908726,Driver_8725,57,16,North,93.7,Excellent
908727,Driver_8726,59,21,West,79.9,Good
908728,Driver_8727,43,9,East,98.1,Excellent
908729,Driver_8728,57,11,North,77.7,Good
908730,Driver_8729,24,3,East,65.9,Average
908731,Driver_8730,51,21,West,58.1,Low
908732,Driver_8731,45,14,North,58.2,Low
908733,Driver_8732,41,9,East,71.0,Average
908734,Driver_8733,63,5,East,56.8,Low
908735,Driver_8734,42,16,South,83.2,Good
908736,Driver_8735,39,9,Central,85.7,Good
908737,Driver_8736,35,11,South,82.6,Good
908738,Driver_8737,32,26,Central,73.7,Average
908739,Driver_8738,48,4,North,82.4,Good
908740,Driver_8739,42,2,South,75.9,Good
908741,Driver_8740,37,22,Central,86.4,Good
908742,Driver_8741,26,5,Central,64.5,Average
908743,Driver_8742,22,29,North,93.8,Excellent
908744,Driver_8743,23,28,North,82.3,Good
908745,Driver_8744,54,23,South,77.4,Good
908746,Driver_8745,29,10,Central,67.8,Average
908747,Driver_8746,56,25,East,55.8,Low
908748,Driver_8747,34,3,North,80.5,Good
908749,Driver_8748,43,7,East,52.2,Low
908750,Driver_8749,56,18,South,93.9,Excellent
908751,Driver_8750,31,26,South,67.8,Average
908752,Driver_8751,29,29,South,57.7,Low
908753,Driver_8752,38,23,South,57.4,Low
908754,Driver_8753,46,27,North,55.7,Low
908755,Driver_8754,38,1,South,63.2,Average
908756,Driver_8755,45,29,East,65.8,Average
908757,Driver_8756,42,24,North,71.2,Average
908758,Driver_8757,37,9,South,91.5,Excellent
908759,Driver_8758,34,7,North,63.6,Average
908760,Driver_8759,56,25,East,88.2,Good
908761,Driver_8760,49,10,West,81.7,Good
908762,Driver_8761,54,27,North,92.7,Excellent
908763,Driver_8762,37,13,South,76.7,Good
908764,Driver_8763,24,2,North,88.8,Good
908765,Driver_8764,29,10,East,73.3,Average
908766,Driver_8765,61,18,South,98.4,Excellent
908767,Driver_8766,45,13,West,70.8,Average
908768,Driver_8767,30,14,West,73.5,Average
908769,Driver_8768,21,26,Central,93.3,Excellent
908770,Driver_8769,62,0,Central,88.1,Good
908771,Driver_8770,59,7,North,82.3,Good
908772,Driver_8771,43,19,Central,94.0,Excellent
908773,Driver_8772,53,2,West,97.8,Excellent
908774,Driver_8773,36,29,West,84.6,Good
908775,Driver_8774,63,16,South,76.5,Good
908776,Driver_8775,25,22,North,89.8,Good
908777,Driver_8776,48,11,North,83.9,Good
908778,Driver_8777,49,14,North,90.8,Excellent
908779,Driver_8778,38,12,West,67.5,Average
908780,Driver_8779,46,26,North,83.5,Good
908781,Driver_8780,21,19,North,58.0,Low
908782,Driver_8781,60,25,West,56.7,Low
908783,Driver_8782,25,2,East,61.8,Average
908784,Driver_8783,41,15,South,97.7,Excellent
908785,Driver_8784,43,25,East,63.4,Average
908786,Driver_8785,30,12,South,77.7,Good
908787,Driver_8786,52,4,South,71.7,Average
908788,Driver_8787,31,8,West,63.1,Average
908789,Driver_8788,60,4,South,60.4,Average
908790,Driver_8789,60,25,South,91.7,Excellent
908791,Driver_8790,46,19,Central,79.1,Good
908792,Driver_8791,42,2,East,59.4,Low
908793,Driver_8792,54,25,East,85.1,Good
908794,Driver_8793,33,6,North,98.9,Excellent
908795,Driver_8794,35,8,West,96.6,Excellent
908796,Driver_8795,47,17,West,92.3,Excellent
908797,Driver_8796,29,1,East,57.1,Low
908798,Driver_8797,35,17,East,79.7,Good
908799,Driver_8798,40,25,South,65.2,Average
908800,Driver_8799,61,20,North,57.5,Low
908801,Driver_8800,24,26,North,92.8,Excellent
908802,Driver_8801,38,1,North,98.5,Excellent
908803,Driver_8802,56,16,Central,78.8,Good
908804,Driver_8803,59,4,West,62.8,Average
908805,Driver_8804,55,6,Central,69.6,Average
908806,Driver_8805,26,1,West,53.7,Low
908807,Driver_8806,58,1,South,98.4,Excellent
908808,Driver_8807,23,7,North,70.4,Average
908809,Driver_8808,63,10,West,50.9,Low
908810,Driver_8809,51,2,Central,91.4,Excellent
908811,Driver_8810,52,19,East,84.4,Good
908812,Driver_8811,46,29,South,85.2,Good
908813,Driver_8812,45,10,South,50.2,Low
908814,Driver_8813,27,30,North,97.1,Excellent
908815,Driver_8814,50,1,South,55.4,Low
908816,Driver_8815,26,23,East,71.3,Average
908817,Driver_8816,34,5,South,95.7,Excellent
908818,Driver_8817,24,25,East,73.8,Average
908819,Driver_8818,39,28,Central,57.2,Low
908820,Driver_8819,45,29,West,64.5,Average
908821,Driver_8820,32,22,Central,92.1,Excellent
908822,Driver_8821,52,29,West,95.0,Excellent
908823,Driver_8822,35,5,West,83.3,Good
908824,Driver_8823,37,3,Central,64.2,Average
908825,Driver_8824,27,7,East,57.3,Low
908826,Driver_8825,42,4,South,84.7,Good
908827,Driver_8826,25,28,South,59.5,Low
908828,Driver_8827,42,25,Central,60.8,Average
908829,Driver_8828,39,16,North,80.5,Good
908830,Driver_8829,62,10,North,53.5,Low
908831,Driver_8830,54,16,North,62.6,Average
908832,Driver_8831,37,5,South,50.6,Low
908833,Driver_8832,38,14,South,61.7,Average
908834,Driver_8833,23,18,East,61.2,Average
908835,Driver_8834,29,9,East,68.6,Average
908836,Driver_8835,44,19,North,80.7,Good
908837,Driver_8836,26,21,North,62.2,Average
908838,Driver_8837,25,18,Central,78.8,Good
908839,Driver_8838,43,17,West,52.7,Low
908840,Driver_8839,49,12,East,50.5,Low
908841,Driver_8840,56,13,West,94.1,Excellent
908842,Driver_8841,55,25,East,93.7,Excellent
908843,Driver_8842,40,30,North,79.9,Good
908844,Driver_8843,55,2,Central,92.9,Excellent
908845,Driver_8844,53,27,East,73.6,Average
908846,Driver_8845,31,27,North,77.9,Good
908847,Driver_8846,39,9,North,82.6,Good
908848,Driver_8847,23,1,Central,81.7,Good
908849,Driver_8848,38,7,West,75.9,Good
908850,Driver_8849,50,18,North,74.5,Average
908851,Driver_8850,59,4,Central,67.5,Average
908852,Driver_8851,53,28,Central,86.5,Good
908853,Driver_8852,31,15,Central,75.5,Good
908854,Driver_8853,59,5,North,85.7,Good
908855,Driver_8854,36,10,West,58.2,Low
908856,Driver_8855,29,11,West,51.9,Low
908857,Driver_8856,42,13,Central,94.7,Excellent
908858,Driver_8857,39,17,East,79.7,Good
908859,Driver_8858,42,4,East,78.4,Good
908860,Driver_8859,24,23,East,53.9,Low
908861,Driver_8860,27,23,West,60.6,Average
908862,Driver_8861,48,24,North,67.1,Average
908863,Driver_8862,57,12,West,53.1,Low
908864,Driver_8863,31,22,North,52.7,Low
908865,Driver_8864,50,20,South,75.0,Average
908866,Driver_8865,63,18,East,92.4,Excellent
908867,Driver_8866,62,27,West,77.5,Good
908868,Driver_8867,24,29,East,96.3,Excellent
908869,Driver_8868,58,18,South,74.0,Average
908870,Driver_8869,46,12,North,88.9,Good
908871,Driver_8870,48,4,East,51.3,Low
908872,Driver_8871,42,27,South,73.9,Average
908873,Driver_8872,55,24,North,50.5,Low
908874,Driver_8873,51,22,North,57.6,Low
908875,Driver_8874,24,17,East,51.4,Low
908876,Driver_8875,22,25,East,53.8,Low
908877,Driver_8876,47,16,West,83.6,Good
908878,Driver_8877,23,4,Central,74.9,Average
908879,Driver_8878,56,0,South,71.7,Average
908880,Driver_8879,27,4,North,52.0,Low
908881,Driver_8880,53,15,South,76.6,Good
908882,Driver_8881,43,17,North,79.9,Good
908883,Driver_8882,51,2,Central,51.9,Low
908884,Driver_8883,28,22,North,75.6,Good
908885,Driver_8884,27,5,East,75.0,Average
908886,Driver_8885,63,30,North,61.3,Average
908887,Driver_8886,46,0,North,78.3,Good
908888,Driver_8887,50,22,North,51.9,Low
908889,Driver_8888,47,2,West,51.1,Low
908890,Driver_8889,51,24,East,91.2,Excellent
908891,Driver_8890,62,17,East,69.9,Average
908892,Driver_8891,57,22,South,83.4,Good
908893,Driver_8892,25,23,West,86.8,Good
908894,Driver_8893,34,30,Central,56.6,Low
908895,Driver_8894,27,28,South,63.2,Average
908896,Driver_8895,51,22,North,94.4,Excellent
908897,Driver_8896,24,30,East,69.4,Average
908898,Driver_8897,50,29,Central,82.7,Good
908899,Driver_8898,30,26,South,84.2,Good
908900,Driver_8899,56,7,South,97.2,Excellent
908901,Driver_8900,56,30,West,99.3,Excellent
908902,Driver_8901,58,22,West,58.3,Low
908903,Driver_8902,36,7,North,69.4,Average
908904,Driver_8903,50,20,South,86.8,Good
908905,Driver_8904,24,5,East,99.8,Excellent
908906,Driver_8905,24,2,North,94.3,Excellent
908907,Driver_8906,34,11,North,92.8,Excellent
908908,Driver_8907,62,12,Central,74.5,Average
908909,Driver_8908,22,22,East,55.7,Low
908910,Driver_8909,34,13,Central,94.4,Excellent
908911,Driver_8910,33,19,East,88.3,Good
908912,Driver_8911,33,4,West,51.3,Low
908913,Driver_8912,39,29,North,73.3,Average
908914,Driver_8913,52,13,Central,91.3,Excellent
908915,Driver_8914,50,7,West,60.9,Average
908916,Driver_8915,42,25,Central,81.5,Good
908917,Driver_8916,53,0,North,77.1,Good
908918,Driver_8917,30,24,West,95.2,Excellent
908919,Driver_8918,40,3,East,85.5,Good
908920,Driver_8919,51,0,East,83.7,Good
908921,Driver_8920,58,18,Central,58.0,Low
908922,Driver_8921,47,1,West,78.9,Good
908923,Driver_8922,51,12,East,75.8,Good
908924,Driver_8923,46,24,Central,86.4,Good
908925,Driver_8924,63,21,West,56.6,Low
908926,Driver_8925,63,18,West,87.7,Good
908927,Driver_8926,62,26,North,84.5,Good
908928,Driver_8927,49,5,East,60.8,Average
908929,Driver_8928,25,15,South,71.3,Average
908930,Driver_8929,56,15,Central,53.8,Low
908931,Driver_8930,62,4,North,98.1,Excellent
908932,Driver_8931,36,23,Central,76.1,Good
908933,Driver_8932,36,25,South,59.3,Low
908934,Driver_8933,23,13,North,68.3,Average
908935,Driver_8934,21,0,South,92.9,Excellent
908936,Driver_8935,61,13,Central,99.6,Excellent
908937,Driver_8936,53,26,East,97.0,Excellent
908938,Driver_8937,53,5,West,54.0,Low
908939,Driver_8938,36,20,West,72.0,Average
908940,Driver_8939,23,28,East,93.6,Excellent
908941,Driver_8940,33,17,Central,90.3,Excellent
908942,Driver_8941,62,18,North,51.5,Low
908943,Driver_8942,22,17,East,58.5,Low
908944,Driver_8943,30,12,Central,96.1,Excellent
908945,Driver_8944,23,7,Central,88.0,Good
908946,Driver_8945,35,2,Central,72.7,Average
908947,Driver_8946,37,21,North,93.4,Excellent
908948,Driver_8947,32,22,West,88.8,Good
908949,Driver_8948,52,23,South,74.3,Average
908950,Driver_8949,52,24,West,86.2,Good
908951,Driver_8950,62,9,East,60.1,Average
908952,Driver_8951,47,1,Central,93.9,Excellent
908953,Driver_8952,54,14,North,95.5,Excellent
908954,Driver_8953,43,20,East,73.2,Average
908955,Driver_8954,55,14,North,90.7,Excellent
908956,Driver_8955,47,7,East,92.0,Excellent
908957,Driver_8956,37,13,South,50.3,Low
908958,Driver_8957,56,3,Central,90.0,Good
908959,Driver_8958,23,12,Central,57.5,Low
908960,Driver_8959,50,7,North,51.1,Low
908961,Driver_8960,58,25,South,51.5,Low
908962,Driver_8961,57,5,Central,87.3,Good
908963,Driver_8962,37,18,Central,77.5,Good
908964,Driver_8963,44,29,Central,68.4,Average
908965,Driver_8964,55,18,East,78.6,Good
908966,Driver_8965,60,21,Central,83.3,Good
908967,Driver_8966,40,15,West,90.7,Excellent
908968,Driver_8967,43,9,South,80.5,Good
908969,Driver_8968,37,17,East,62.9,Average
908970,Driver_8969,30,9,North,59.2,Low
908971,Driver_8970,51,3,North,67.1,Average
908972,Driver_8971,63,17,West,69.0,Average
908973,Driver_8972,34,24,South,63.7,Average
908974,Driver_8973,57,0,North,95.2,Excellent
908975,Driver_8974,58,15,South,99.4,Excellent
908976,Driver_8975,39,22,Central,61.1,Average
908977,Driver_8976,35,25,East,54.9,Low
908978,Driver_8977,46,30,South,57.8,Low
908979,Driver_8978,42,16,North,85.9,Good
908980,Driver_8979,29,16,North,85.3,Good
908981,Driver_8980,56,14,East,94.8,Excellent
908982,Driver_8981,50,20,Central,52.3,Low
908983,Driver_8982,45,20,North,66.7,Average
908984,Driver_8983,59,6,West,65.4,Average
908985,Driver_8984,29,18,North,87.0,Good
908986,Driver_8985,54,15,East,87.1,Good
908987,Driver_8986,62,24,West,57.9,Low
908988,Driver_8987,43,4,East,80.6,Good
908989,Driver_8988,61,1,South,89.9,Good
908990,Driver_8989,49,29,South,51.5,Low
908991,Driver_8990,63,22,South,82.3,Good
908992,Driver_8991,43,5,South,82.1,Good
908993,Driver_8992,29,22,South,87.5,Good
908994,Driver_8993,63,15,South,89.8,Good
908995,Driver_8994,36,17,North,81.3,Good
908996,Driver_8995,45,26,East,62.0,Average
908997,Driver_8996,40,26,South,62.4,Average
908998,Driver_8997,41,23,North,55.4,Low
908999,Driver_8998,25,29,North,84.7,Good
909000,Driver_8999,59,27,West,82.5,Good
909001,Driver_9000,42,27,Central,68.4,Average
909002,Driver_9001,52,3,West,93.6,Excellent
909003,Driver_9002,52,9,East,80.7,Good
909004,Driver_9003,46,19,South,61.0,Average
909005,Driver_9004,48,25,East,51.4,Low
909006,Driver_9005,59,4,West,98.5,Excellent
909007,Driver_9006,31,0,Central,72.1,Average
909008,Driver_9007,48,23,West,88.5,Good
909009,Driver_9008,23,22,North,67.2,Average
909010,Driver_9009,42,29,East,79.0,Good
909011,Driver_9010,43,21,Central,56.9,Low
909012,Driver_9011,53,10,North,60.4,Average
909013,Driver_9012,22,27,North,55.6,Low
909014,Driver_9013,42,9,West,68.5,Average
909015,Driver_9014,52,30,West,51.4,Low
909016,Driver_9015,23,9,South,81.5,Good
909017,Driver_9016,25,15,North,79.8,Good
909018,Driver_9017,43,6,South,89.4,Good
909019,Driver_9018,40,2,Central,97.2,Excellent
909020,Driver_9019,35,5,East,72.4,Average
909021,Driver_9020,59,22,North,74.3,Average
909022,Driver_9021,63,0,East,75.7,Good
909023,Driver_9022,54,12,East,58.6,Low
909024,Driver_9023,23,26,South,60.0,Low
909025,Driver_9024,48,16,North,63.0,Average
909026,Driver_9025,32,19,Central,90.1,Excellent
909027,Driver_9026,33,21,North,93.6,Excellent
909028,Driver_9027,23,26,East,58.9,Low
909029,Driver_9028,28,27,South,66.5,Average
909030,Driver_9029,21,29,South,69.0,Average
909031,Driver_9030,54,28,South,51.4,Low
909032,Driver_9031,25,28,South,80.2,Good
909033,Driver_9032,53,30,South,64.5,Average
909034,Driver_9033,58,19,North,81.0,Good
909035,Driver_9034,50,26,South,76.5,Good
909036,Driver_9035,25,9,Central,54.2,Low
909037,Driver_9036,29,13,Central,60.7,Average
909038,Driver_9037,36,13,East,75.2,Good
909039,Driver_9038,25,8,North,97.2,Excellent
909040,Driver_9039,46,11,West,64.4,Average
909041,Driver_9040,38,20,West,68.0,Average
909042,Driver_9041,49,6,North,79.6,Good
909043,Driver_9042,35,29,West,53.4,Low
909044,Driver_9043,55,21,West,57.2,Low
909045,Driver_9044,38,5,North,99.0,Excellent
909046,Driver_9045,24,13,East,82.1,Good
909047,Driver_9046,37,29,North,90.2,Excellent
909048,Driver_9047,23,4,West,55.0,Low
909049,Driver_9048,60,20,Central,58.4,Low
909050,Driver_9049,25,11,West,87.4,Good
909051,Driver_9050,47,22,West,88.4,Good
909052,Driver_9051,43,15,East,69.8,Average
909053,Driver_9052,41,10,North,99.6,Excellent
909054,Driver_9053,22,26,North,56.5,Low
909055,Driver_9054,63,26,North,89.2,Good
909056,Driver_9055,42,21,North,58.4,Low
909057,Driver_9056,55,3,Central,59.0,Low
909058,Driver_9057,27,1,East,99.7,Excellent
909059,Driver_9058,48,10,West,81.4,Good
909060,Driver_9059,61,9,West,99.3,Excellent
909061,Driver_9060,28,25,East,66.3,Average
909062,Driver_9061,28,3,North,87.4,Good
909063,Driver_9062,36,9,South,54.4,Low
909064,Driver_9063,32,28,South,88.2,Good
909065,Driver_9064,32,4,North,58.9,Low
909066,Driver_9065,40,2,North,95.7,Excellent
909067,Driver_9066,59,25,East,61.9,Average
909068,Driver_9067,31,18,South,58.5,Low
909069,Driver_9068,30,26,Central,53.0,Low
909070,Driver_9069,35,4,Central,84.3,Good
909071,Driver_9070,59,13,Central,70.3,Average
909072,Driver_9071,34,15,West,85.6,Good
909073,Driver_9072,21,1,East,81.5,Good
909074,Driver_9073,44,16,South,70.7,Average
909075,Driver_9074,24,5,South,88.3,Good
909076,Driver_9075,35,20,East,96.8,Excellent
909077,Driver_9076,35,27,North,58.7,Low
909078,Driver_9077,52,12,East,86.6,Good
909079,Driver_9078,59,17,South,62.9,Average
909080,Driver_9079,24,24,East,63.9,Average
909081,Driver_9080,22,17,South,89.0,Good
909082,Driver_9081,41,19,West,75.3,Good
909083,Driver_9082,39,13,Central,55.0,Low
909084,Driver_9083,53,24,Central,69.7,Average
909085,Driver_9084,48,27,North,84.1,Good
909086,Driver_9085,43,23,North,74.9,Average
909087,Driver_9086,61,2,South,59.4,Low
909088,Driver_9087,28,25,West,55.7,Low
909089,Driver_9088,30,0,South,98.1,Excellent
909090,Driver_9089,25,29,Central,58.5,Low
909091,Driver_9090,29,12,East,59.9,Low
909092,Driver_9091,44,19,West,83.7,Good
909093,Driver_9092,55,17,North,71.0,Average
909094,Driver_9093,54,10,West,95.3,Excellent
909095,Driver_9094,38,23,North,88.4,Good
909096,Driver_9095,63,18,East,71.0,Average
909097,Driver_9096,23,21,South,61.5,Average
909098,Driver_9097,30,12,Central,92.3,Excellent
909099,Driver_9098,40,29,Central,67.8,Average
909100,Driver_9099,50,1,Central,74.1,Average
909101,Driver_9100,29,4,West,73.1,Average
909102,Driver_9101,57,22,South,63.1,Average
909103,Driver_9102,42,0,West,96.1,Excellent
909104,Driver_9103,21,10,North,98.6,Excellent
909105,Driver_9104,57,19,South,85.7,Good
909106,Driver_9105,30,21,West,59.2,Low
909107,Driver_9106,52,12,Central,60.3,Average
909108,Driver_9107,23,30,West,58.3,Low
909109,Driver_9108,22,7,Central,77.5,Good
909110,Driver_9109,21,29,East,62.4,Average
909111,Driver_9110,61,20,Central,83.1,Good
909112,Driver_9111,26,11,North,97.2,Excellent
909113,Driver_9112,28,10,North,61.4,Average
909114,Driver_9113,55,18,East,83.6,Good
909115,Driver_9114,50,14,East,87.4,Good
909116,Driver_9115,56,22,North,78.3,Good
909117,Driver_9116,58,24,East,97.3,Excellent
909118,Driver_9117,41,26,East,95.1,Excellent
909119,Driver_9118,22,9,North,68.3,Average
909120,Driver_9119,28,16,Central,69.9,Average
909121,Driver_9120,54,15,South,98.4,Excellent
909122,Driver_9121,47,19,North,68.7,Average
909123,Driver_9122,22,23,North,86.9,Good
909124,Driver_9123,27,4,South,74.0,Average
909125,Driver_9124,61,19,South,59.0,Low
909126,Driver_9125,31,30,East,64.0,Average
909127,Driver_9126,38,27,North,76.5,Good
909128,Driver_9127,39,14,Central,86.4,Good
909129,Driver_9128,37,27,Central,97.1,Excellent
909130,Driver_9129,25,13,Central,59.2,Low
909131,Driver_9130,46,5,West,79.9,Good
909132,Driver_9131,43,30,Central,66.9,Average
909133,Driver_9132,30,21,West,59.0,Low
909134,Driver_9133,52,30,East,53.4,Low
909135,Driver_9134,55,30,North,66.0,Average
909136,Driver_9135,38,1,North,73.9,Average
909137,Driver_9136,63,6,North,65.1,Average
909138,Driver_9137,52,18,East,56.8,Low
909139,Driver_9138,56,4,North,86.9,Good
909140,Driver_9139,34,25,North,83.4,Good
909141,Driver_9140,60,18,Central,69.3,Average
909142,Driver_9141,22,20,Central,81.0,Good
909143,Driver_9142,47,18,Central,72.4,Average
909144,Driver_9143,54,8,Central,54.9,Low
909145,Driver_9144,56,2,West,94.7,Excellent
909146,Driver_9145,32,11,West,61.4,Average
909147,Driver_9146,31,18,East,77.6,Good
909148,Driver_9147,21,14,South,56.9,Low
909149,Driver_9148,32,17,South,64.0,Average
909150,Driver_9149,63,6,South,56.6,Low
909151,Driver_9150,32,14,North,55.3,Low
909152,Driver_9151,40,22,East,61.8,Average
909153,Driver_9152,56,11,South,51.3,Low
909154,Driver_9153,28,19,Central,72.0,Average
909155,Driver_9154,38,18,West,50.6,Low
909156,Driver_9155,45,17,Central,89.9,Good
909157,Driver_9156,32,28,North,76.4,Good
909158,Driver_9157,42,19,Central,59.3,Low
909159,Driver_9158,24,25,North,84.2,Good
909160,Driver_9159,62,13,West,56.1,Low
909161,Driver_9160,28,20,North,65.1,Average
909162,Driver_9161,60,7,West,51.8,Low
909163,Driver_9162,25,28,East,88.3,Good
909164,Driver_9163,32,7,Central,78.5,Good
909165,Driver_9164,59,2,North,97.6,Excellent
909166,Driver_9165,61,11,South,50.4,Low
909167,Driver_9166,49,15,West,96.6,Excellent
909168,Driver_9167,22,25,North,93.5,Excellent
909169,Driver_9168,52,27,North,52.7,Low
909170,Driver_9169,47,12,West,85.5,Good
909171,Driver_9170,23,28,East,90.1,Excellent
909172,Driver_9171,37,15,South,75.6,Good
909173,Driver_9172,32,7,North,74.6,Average
909174,Driver_9173,27,23,West,93.4,Excellent
909175,Driver_9174,25,3,West,52.6,Low
909176,Driver_9175,39,29,North,64.4,Average
909177,Driver_9176,35,10,Central,69.5,Average
909178,Driver_9177,37,23,West,52.6,Low
909179,Driver_9178,47,26,North,93.5,Excellent
909180,Driver_9179,61,14,West,62.7,Average
909181,Driver_9180,30,6,Central,78.0,Good
909182,Driver_9181,58,22,South,76.9,Good
909183,Driver_9182,43,28,Central,64.0,Average
909184,Driver_9183,54,18,North,78.1,Good
909185,Driver_9184,32,16,East,83.9,Good
909186,Driver_9185,27,6,North,67.6,Average
909187,Driver_9186,63,2,North,77.3,Good
909188,Driver_9187,39,18,North,93.6,Excellent
909189,Driver_9188,26,15,North,79.5,Good
909190,Driver_9189,62,19,West,76.4,Good
909191,Driver_9190,49,25,East,64.9,Average
909192,Driver_9191,61,28,West,52.0,Low
909193,Driver_9192,28,22,East,56.3,Low
909194,Driver_9193,61,5,North,64.3,Average
909195,Driver_9194,30,12,West,80.1,Good
909196,Driver_9195,32,9,South,76.3,Good
909197,Driver_9196,30,11,West,67.0,Average
909198,Driver_9197,61,25,West,73.6,Average
909199,Driver_9198,31,15,East,88.8,Good
909200,Driver_9199,22,11,East,71.8,Average
909201,Driver_9200,23,24,South,54.9,Low
909202,Driver_9201,27,17,South,59.1,Low
909203,Driver_9202,47,20,South,52.2,Low
909204,Driver_9203,34,4,East,77.8,Good
909205,Driver_9204,62,10,East,76.9,Good
909206,Driver_9205,38,3,Central,74.8,Average
909207,Driver_9206,54,8,North,92.1,Excellent
909208,Driver_9207,51,27,North,82.4,Good
909209,Driver_9208,40,30,South,58.4,Low
909210,Driver_9209,44,25,Central,51.2,Low
909211,Driver_9210,48,1,North,78.2,Good
909212,Driver_9211,40,10,East,52.3,Low
909213,Driver_9212,21,1,West,66.6,Average
909214,Driver_9213,52,5,Central,97.7,Excellent
909215,Driver_9214,34,15,South,61.0,Average
909216,Driver_9215,45,28,Central,94.1,Excellent
909217,Driver_9216,62,0,South,74.8,Average
909218,Driver_9217,28,24,East,50.6,Low
909219,Driver_9218,41,28,South,66.0,Average
909220,Driver_9219,39,23,North,69.9,Average
909221,Driver_9220,29,17,West,74.5,Average
909222,Driver_9221,50,11,Central,64.5,Average
909223,Driver_9222,53,12,East,63.6,Average
909224,Driver_9223,30,22,South,65.2,Average
909225,Driver_9224,35,18,North,55.1,Low
909226,Driver_9225,46,21,South,71.0,Average
909227,Driver_9226,46,14,North,74.6,Average
909228,Driver_9227,43,15,South,60.0,Low
909229,Driver_9228,61,0,North,70.1,Average
909230,Driver_9229,24,0,North,63.2,Average
909231,Driver_9230,37,19,Central,93.8,Excellent
909232,Driver_9231,54,13,North,61.6,Average
909233,Driver_9232,42,18,North,66.1,Average
909234,Driver_9233,52,10,North,75.2,Good
909235,Driver_9234,49,24,Central,68.1,Average
909236,Driver_9235,54,29,South,85.3,Good
909237,Driver_9236,46,24,North,94.1,Excellent
909238,Driver_9237,62,5,West,76.7,Good
909239,Driver_9238,33,1,North,89.6,Good
909240,Driver_9239,34,7,South,88.2,Good
909241,Driver_9240,37,29,East,78.5,Good
909242,Driver_9241,55,27,South,98.7,Excellent
909243,Driver_9242,22,24,Central,97.6,Excellent
909244,Driver_9243,23,12,Central,96.9,Excellent
909245,Driver_9244,53,28,West,54.1,Low
909246,Driver_9245,56,25,Central,81.3,Good
909247,Driver_9246,22,24,South,52.5,Low
909248,Driver_9247,25,22,East,92.9,Excellent
909249,Driver_9248,33,1,West,95.1,Excellent
909250,Driver_9249,44,18,Central,68.1,Average
909251,Driver_9250,62,14,South,81.4,Good
909252,Driver_9251,36,30,South,69.4,Average
909253,Driver_9252,47,11,North,84.2,Good
909254,Driver_9253,63,14,East,99.9,Excellent
909255,Driver_9254,54,3,Central,70.8,Average
909256,Driver_9255,25,6,South,68.4,Average
909257,Driver_9256,34,23,East,90.5,Excellent
909258,Driver_9257,30,25,North,64.8,Average
909259,Driver_9258,32,0,East,68.2,Average
909260,Driver_9259,26,1,West,63.5,Average
909261,Driver_9260,44,13,East,93.0,Excellent
909262,Driver_9261,24,7,East,77.6,Good
909263,Driver_9262,39,27,East,70.4,Average
909264,Driver_9263,56,17,East,97.1,Excellent
909265,Driver_9264,48,12,South,57.3,Low
909266,Driver_9265,22,9,West,97.9,Excellent
909267,Driver_9266,60,1,East,76.0,Good
909268,Driver_9267,40,9,North,98.8,Excellent
909269,Driver_9268,44,1,Central,90.7,Excellent
909270,Driver_9269,26,23,West,55.7,Low
909271,Driver_9270,55,21,East,61.7,Average
909272,Driver_9271,43,10,Central,63.4,Average
909273,Driver_9272,38,29,Central,59.4,Low
909274,Driver_9273,63,15,West,67.9,Average
909275,Driver_9274,26,23,North,52.4,Low
909276,Driver_9275,48,22,Central,58.5,Low
909277,Driver_9276,24,28,South,76.3,Good
909278,Driver_9277,49,10,South,69.7,Average
909279,Driver_9278,55,14,Central,57.2,Low
909280,Driver_9279,62,2,Central,88.8,Good
909281,Driver_9280,54,1,West,97.7,Excellent
909282,Driver_9281,33,7,South,56.7,Low
909283,Driver_9282,54,9,West,97.8,Excellent
909284,Driver_9283,36,9,West,83.6,Good
909285,Driver_9284,42,26,South,78.3,Good
909286,Driver_9285,39,17,North,51.1,Low
909287,Driver_9286,30,11,Central,67.5,Average
909288,Driver_9287,47,30,East,91.5,Excellent
909289,Driver_9288,47,13,West,63.6,Average
909290,Driver_9289,59,26,South,91.6,Excellent
909291,Driver_9290,26,4,Central,59.4,Low
909292,Driver_9291,55,9,West,81.2,Good
909293,Driver_9292,24,4,East,77.2,Good
909294,Driver_9293,34,0,Central,66.3,Average
909295,Driver_9294,57,20,South,71.7,Average
909296,Driver_9295,32,11,Central,77.5,Good
909297,Driver_9296,54,0,East,85.1,Good
909298,Driver_9297,29,18,South,72.9,Average
909299,Driver_9298,55,1,North,53.4,Low
909300,Driver_9299,26,0,North,53.5,Low
909301,Driver_9300,32,9,Central,55.3,Low
909302,Driver_9301,33,23,East,78.3,Good
909303,Driver_9302,55,27,West,73.8,Average
909304,Driver_9303,52,17,East,84.8,Good
909305,Driver_9304,43,4,West,86.7,Good
909306,Driver_9305,54,18,North,88.1,Good
909307,Driver_9306,57,20,South,97.3,Excellent
909308,Driver_9307,25,2,South,88.0,Good
909309,Driver_9308,35,0,North,83.0,Good
909310,Driver_9309,41,8,North,66.6,Average
909311,Driver_9310,52,0,South,68.5,Average
909312,Driver_9311,50,23,Central,64.2,Average
909313,Driver_9312,62,29,North,71.6,Average
909314,Driver_9313,40,20,North,79.0,Good
909315,Driver_9314,24,29,East,93.0,Excellent
909316,Driver_9315,33,27,South,64.9,Average
909317,Driver_9316,54,12,East,79.1,Good
909318,Driver_9317,33,17,South,81.1,Good
909319,Driver_9318,57,25,East,87.3,Good
909320,Driver_9319,38,7,South,76.0,Good
909321,Driver_9320,22,4,West,88.2,Good
909322,Driver_9321,55,7,Central,93.2,Excellent
909323,Driver_9322,37,24,East,56.1,Low
909324,Driver_9323,63,28,West,87.1,Good
909325,Driver_9324,36,5,North,50.4,Low
909326,Driver_9325,42,2,Central,53.1,Low
909327,Driver_9326,37,24,South,60.4,Average
909328,Driver_9327,47,5,South,66.1,Average
909329,Driver_9328,48,24,Central,98.6,Excellent
909330,Driver_9329,50,16,Central,82.2,Good
909331,Driver_9330,35,17,North,60.9,Average
909332,Driver_9331,51,5,West,95.9,Excellent
909333,Driver_9332,47,29,West,75.3,Good
909334,Driver_9333,24,12,South,80.9,Good
909335,Driver_9334,33,13,Central,90.7,Excellent
909336,Driver_9335,51,3,West,90.7,Excellent
909337,Driver_9336,25,27,West,54.4,Low
909338,Driver_9337,58,3,West,70.2,Average
909339,Driver_9338,23,4,East,52.9,Low
909340,Driver_9339,50,25,West,74.0,Average
909341,Driver_9340,62,3,North,83.7,Good
909342,Driver_9341,34,6,West,54.6,Low
909343,Driver_9342,30,4,South,73.1,Average
909344,Driver_9343,24,16,South,70.8,Average
909345,Driver_9344,61,12,South,98.3,Excellent
909346,Driver_9345,36,24,East,74.0,Average
909347,Driver_9346,62,19,East,66.7,Average
909348,Driver_9347,51,18,East,52.9,Low
909349,Driver_9348,49,10,North,67.0,Average
909350,Driver_9349,30,23,Central,55.3,Low
909351,Driver_9350,52,6,South,52.1,Low
909352,Driver_9351,48,12,West,74.2,Average
909353,Driver_9352,45,26,East,91.9,Excellent
909354,Driver_9353,30,12,Central,64.0,Average
909355,Driver_9354,39,30,Central,72.2,Average
909356,Driver_9355,36,19,South,70.1,Average
909357,Driver_9356,29,17,South,91.2,Excellent
909358,Driver_9357,52,3,West,93.6,Excellent
909359,Driver_9358,54,25,South,61.7,Average
909360,Driver_9359,42,13,West,89.9,Good
909361,Driver_9360,27,11,North,62.4,Average
909362,Driver_9361,30,11,Central,91.5,Excellent
909363,Driver_9362,42,1,West,74.9,Average
909364,Driver_9363,29,22,West,55.5,Low
909365,Driver_9364,22,9,North,59.7,Low
909366,Driver_9365,45,17,South,54.8,Low
909367,Driver_9366,28,23,North,83.5,Good
909368,Driver_9367,23,5,East,63.3,Average
909369,Driver_9368,39,2,Central,83.2,Good
909370,Driver_9369,38,16,East,83.3,Good
909371,Driver_9370,54,1,Central,79.2,Good
909372,Driver_9371,28,14,North,86.3,Good
909373,Driver_9372,47,28,East,51.7,Low
909374,Driver_9373,36,22,North,83.8,Good
909375,Driver_9374,37,17,East,75.0,Average
909376,Driver_9375,43,28,Central,57.2,Low
909377,Driver_9376,44,1,North,70.8,Average
909378,Driver_9377,27,25,South,81.0,Good
909379,Driver_9378,58,10,East,95.2,Excellent
909380,Driver_9379,38,18,North,77.6,Good
909381,Driver_9380,45,17,West,53.5,Low
909382,Driver_9381,60,28,East,59.4,Low
909383,Driver_9382,36,14,South,93.9,Excellent
909384,Driver_9383,22,10,Central,61.5,Average
909385,Driver_9384,40,27,East,83.1,Good
909386,Driver_9385,38,9,West,92.4,Excellent
909387,Driver_9386,52,19,West,81.8,Good
909388,Driver_9387,56,13,East,94.3,Excellent
909389,Driver_9388,26,22,East,54.9,Low
909390,Driver_9389,63,19,Central,69.7,Average
909391,Driver_9390,28,30,Central,73.8,Average
909392,Driver_9391,61,8,South,50.4,Low
909393,Driver_9392,53,9,South,74.2,Average
909394,Driver_9393,33,29,West,99.0,Excellent
909395,Driver_9394,34,5,West,68.2,Average
909396,Driver_9395,21,19,North,67.2,Average
909397,Driver_9396,32,8,East,77.7,Good
909398,Driver_9397,46,22,North,50.7,Low
909399,Driver_9398,47,2,South,78.7,Good
909400,Driver_9399,63,25,West,69.9,Average
909401,Driver_9400,50,28,South,52.5,Low
909402,Driver_9401,28,16,North,74.8,Average
909403,Driver_9402,59,3,South,84.5,Good
909404,Driver_9403,25,3,Central,92.0,Excellent
909405,Driver_9404,45,4,Central,52.2,Low
909406,Driver_9405,25,29,West,58.9,Low
909407,Driver_9406,50,21,West,99.2,Excellent
909408,Driver_9407,21,27,West,73.9,Average
909409,Driver_9408,55,8,South,50.6,Low
909410,Driver_9409,59,26,East,92.0,Excellent
909411,Driver_9410,41,21,North,57.0,Low
909412,Driver_9411,40,6,Central,65.4,Average
909413,Driver_9412,24,18,North,50.0,Low
909414,Driver_9413,43,23,Central,58.3,Low
909415,Driver_9414,57,10,East,78.4,Good
909416,Driver_9415,63,0,North,70.5,Average
909417,Driver_9416,21,29,West,87.9,Good
909418,Driver_9417,43,12,West,96.7,Excellent
909419,Driver_9418,29,10,North,51.3,Low
909420,Driver_9419,48,27,North,81.0,Good
909421,Driver_9420,45,14,Central,69.1,Average
909422,Driver_9421,38,21,East,78.6,Good
909423,Driver_9422,46,5,East,61.3,Average
909424,Driver_9423,23,29,West,62.3,Average
909425,Driver_9424,55,6,South,74.2,Average
909426,Driver_9425,23,25,East,99.3,Excellent
909427,Driver_9426,23,8,Central,96.4,Excellent
909428,Driver_9427,38,21,East,95.4,Excellent
909429,Driver_9428,23,14,South,51.2,Low
909430,Driver_9429,46,17,West,88.0,Good
909431,Driver_9430,47,27,West,64.0,Average
909432,Driver_9431,46,21,East,92.3,Excellent
909433,Driver_9432,44,20,West,94.8,Excellent
909434,Driver_9433,29,24,Central,90.3,Excellent
909435,Driver_9434,62,5,North,99.4,Excellent
909436,Driver_9435,22,1,North,73.8,Average
909437,Driver_9436,31,7,North,79.2,Good
909438,Driver_9437,53,27,West,87.7,Good
909439,Driver_9438,58,28,Central,89.7,Good
909440,Driver_9439,61,16,Central,69.4,Average
909441,Driver_9440,54,23,South,77.1,Good
909442,Driver_9441,28,6,East,56.0,Low
909443,Driver_9442,39,8,West,78.6,Good
909444,Driver_9443,54,1,East,83.1,Good
909445,Driver_9444,27,30,North,65.6,Average
909446,Driver_9445,44,23,North,70.1,Average
909447,Driver_9446,28,19,South,57.2,Low
909448,Driver_9447,49,15,South,96.1,Excellent
909449,Driver_9448,30,16,South,91.5,Excellent
909450,Driver_9449,32,17,Central,77.1,Good
909451,Driver_9450,46,6,Central,81.0,Good
909452,Driver_9451,29,16,Central,60.9,Average
909453,Driver_9452,34,28,Central,60.5,Average
909454,Driver_9453,46,30,West,58.3,Low
909455,Driver_9454,35,10,West,97.2,Excellent
909456,Driver_9455,35,21,Central,61.3,Average
909457,Driver_9456,60,7,South,66.1,Average
909458,Driver_9457,33,4,North,92.0,Excellent
909459,Driver_9458,28,19,West,69.7,Average
909460,Driver_9459,22,3,Central,66.1,Average
909461,Driver_9460,42,21,West,97.6,Excellent
909462,Driver_9461,39,29,West,95.9,Excellent
909463,Driver_9462,28,16,Central,66.8,Average
909464,Driver_9463,21,19,Central,85.6,Good
909465,Driver_9464,50,10,East,91.2,Excellent
909466,Driver_9465,24,19,Central,95.5,Excellent
909467,Driver_9466,63,16,West,53.8,Low
909468,Driver_9467,48,15,Central,62.5,Average
909469,Driver_9468,49,2,South,69.2,Average
909470,Driver_9469,42,9,South,67.3,Average
909471,Driver_9470,55,0,Central,93.5,Excellent
909472,Driver_9471,37,27,Central,56.9,Low
909473,Driver_9472,62,25,North,74.0,Average
909474,Driver_9473,44,28,Central,59.4,Low
909475,Driver_9474,32,0,North,89.1,Good
909476,Driver_9475,61,8,West,82.2,Good
909477,Driver_9476,61,17,South,81.6,Good
909478,Driver_9477,36,17,South,59.1,Low
909479,Driver_9478,43,14,South,74.7,Average
909480,Driver_9479,44,17,North,58.6,Low
909481,Driver_9480,53,30,East,73.1,Average
909482,Driver_9481,63,11,West,93.8,Excellent
909483,Driver_9482,57,20,East,64.7,Average
909484,Driver_9483,48,22,South,50.1,Low
909485,Driver_9484,55,2,North,74.2,Average
909486,Driver_9485,54,15,South,81.2,Good
909487,Driver_9486,22,25,Central,77.6,Good
909488,Driver_9487,38,0,East,95.9,Excellent
909489,Driver_9488,52,21,South,50.7,Low
909490,Driver_9489,40,15,North,98.5,Excellent
909491,Driver_9490,52,29,West,60.6,Average
909492,Driver_9491,41,24,South,72.5,Average
909493,Driver_9492,44,19,West,79.7,Good
909494,Driver_9493,24,13,North,67.1,Average
909495,Driver_9494,54,29,East,92.5,Excellent
909496,Driver_9495,49,19,North,98.0,Excellent
909497,Driver_9496,44,1,South,60.3,Average
909498,Driver_9497,53,9,West,68.0,Average
909499,Driver_9498,26,20,East,80.7,Good
909500,Driver_9499,42,1,South,92.1,Excellent
909501,Driver_9500,24,3,North,79.4,Good
909502,Driver_9501,23,1,Central,52.0,Low
909503,Driver_9502,53,17,North,92.9,Excellent
909504,Driver_9503,62,10,South,98.6,Excellent
909505,Driver_9504,33,19,South,67.4,Average
909506,Driver_9505,48,8,Central,59.0,Low
909507,Driver_9506,49,21,East,69.7,Average
909508,Driver_9507,27,26,North,57.8,Low
909509,Driver_9508,23,27,West,93.3,Excellent
909510,Driver_9509,49,19,East,70.7,Average
909511,Driver_9510,34,2,Central,98.8,Excellent
909512,Driver_9511,35,5,West,83.3,Good
909513,Driver_9512,47,14,West,95.9,Excellent
909514,Driver_9513,39,29,North,72.6,Average
909515,Driver_9514,43,11,East,61.0,Average
909516,Driver_9515,45,23,East,86.6,Good
909517,Driver_9516,26,30,South,86.0,Good
909518,Driver_9517,42,19,North,75.5,Good
909519,Driver_9518,21,23,Central,72.3,Average
909520,Driver_9519,30,30,Central,80.5,Good
909521,Driver_9520,51,28,East,85.4,Good
909522,Driver_9521,61,17,North,97.4,Excellent
909523,Driver_9522,54,30,Central,85.8,Good
909524,Driver_9523,41,24,Central,65.2,Average
909525,Driver_9524,28,28,North,82.3,Good
909526,Driver_9525,53,20,West,69.7,Average
909527,Driver_9526,30,18,South,74.1,Average
909528,Driver_9527,43,23,South,90.3,Excellent
909529,Driver_9528,38,7,North,56.7,Low
909530,Driver_9529,47,16,Central,73.4,Average
909531,Driver_9530,56,15,South,81.1,Good
909532,Driver_9531,37,12,South,67.9,Average
909533,Driver_9532,43,4,Central,89.9,Good
909534,Driver_9533,61,27,Central,76.1,Good
909535,Driver_9534,48,22,West,53.9,Low
909536,Driver_9535,60,7,North,93.6,Excellent
909537,Driver_9536,25,6,South,99.1,Excellent
909538,Driver_9537,53,15,South,58.8,Low
909539,Driver_9538,53,10,West,78.5,Good
909540,Driver_9539,36,10,North,77.5,Good
909541,Driver_9540,31,16,Central,83.9,Good
909542,Driver_9541,35,0,North,52.1,Low
909543,Driver_9542,26,3,East,67.4,Average
909544,Driver_9543,51,12,East,59.3,Low
909545,Driver_9544,47,23,North,77.6,Good
909546,Driver_9545,37,22,South,83.7,Good
909547,Driver_9546,50,27,North,55.5,Low
909548,Driver_9547,23,20,South,68.9,Average
909549,Driver_9548,25,26,South,55.1,Low
909550,Driver_9549,48,21,North,73.7,Average
909551,Driver_9550,47,30,West,58.4,Low
909552,Driver_9551,36,23,South,52.1,Low
909553,Driver_9552,58,7,North,67.0,Average
909554,Driver_9553,38,4,Central,53.1,Low
909555,Driver_9554,40,22,East,75.6,Good
909556,Driver_9555,38,20,North,80.8,Good
909557,Driver_9556,60,5,Central,76.3,Good
909558,Driver_9557,31,30,North,54.9,Low
909559,Driver_9558,46,28,South,95.4,Excellent
909560,Driver_9559,46,15,South,94.3,Excellent
909561,Driver_9560,34,11,West,67.6,Average
909562,Driver_9561,36,17,North,57.2,Low
909563,Driver_9562,26,22,East,58.5,Low
909564,Driver_9563,38,3,North,96.8,Excellent
909565,Driver_9564,32,0,West,76.0,Good
909566,Driver_9565,62,30,South,54.9,Low
909567,Driver_9566,27,10,South,60.4,Average
909568,Driver_9567,33,15,North,55.6,Low
909569,Driver_9568,23,3,West,59.6,Low
909570,Driver_9569,56,10,Central,62.6,Average
909571,Driver_9570,36,10,West,74.5,Average
909572,Driver_9571,38,24,East,71.3,Average
909573,Driver_9572,56,25,Central,51.5,Low
909574,Driver_9573,27,17,West,67.3,Average
909575,Driver_9574,33,0,South,89.4,Good
909576,Driver_9575,40,12,South,86.8,Good
909577,Driver_9576,45,8,North,93.9,Excellent
909578,Driver_9577,27,17,East,73.8,Average
909579,Driver_9578,37,26,West,82.8,Good
909580,Driver_9579,50,19,East,62.4,Average
909581,Driver_9580,55,20,West,66.8,Average
909582,Driver_9581,29,1,West,60.1,Average
909583,Driver_9582,61,16,West,56.0,Low
909584,Driver_9583,45,24,South,79.1,Good
909585,Driver_9584,52,20,North,98.9,Excellent
909586,Driver_9585,59,19,West,84.6,Good
909587,Driver_9586,27,30,West,97.1,Excellent
909588,Driver_9587,32,20,West,54.8,Low
909589,Driver_9588,26,11,South,70.7,Average
909590,Driver_9589,61,3,East,54.1,Low
909591,Driver_9590,27,13,South,67.4,Average
909592,Driver_9591,28,12,East,83.6,Good
909593,Driver_9592,35,25,North,75.5,Good
909594,Driver_9593,58,22,Central,76.5,Good
909595,Driver_9594,51,5,South,94.0,Excellent
909596,Driver_9595,49,29,North,54.1,Low
909597,Driver_9596,36,17,West,68.4,Average
909598,Driver_9597,43,4,North,77.4,Good
909599,Driver_9598,32,16,Central,83.7,Good
909600,Driver_9599,34,13,South,99.0,Excellent
909601,Driver_9600,61,9,Central,86.0,Good
909602,Driver_9601,29,6,South,60.6,Average
909603,Driver_9602,62,11,Central,75.6,Good
909604,Driver_9603,47,7,Central,68.7,Average
909605,Driver_9604,54,25,Central,51.1,Low
909606,Driver_9605,33,11,Central,77.2,Good
909607,Driver_9606,46,25,East,79.4,Good
909608,Driver_9607,58,24,South,57.1,Low
909609,Driver_9608,47,6,North,77.4,Good
909610,Driver_9609,56,28,West,59.6,Low
909611,Driver_9610,24,20,North,98.0,Excellent
909612,Driver_9611,26,2,North,76.9,Good
909613,Driver_9612,60,13,North,87.8,Good
909614,Driver_9613,60,29,North,52.7,Low
909615,Driver_9614,29,21,West,73.1,Average
909616,Driver_9615,61,13,South,67.5,Average
909617,Driver_9616,45,1,South,94.5,Excellent
909618,Driver_9617,29,10,South,56.7,Low
909619,Driver_9618,40,29,East,66.9,Average
909620,Driver_9619,56,2,East,94.2,Excellent
909621,Driver_9620,40,1,East,76.7,Good
909622,Driver_9621,25,14,Central,83.2,Good
909623,Driver_9622,56,25,West,80.2,Good
909624,Driver_9623,50,23,South,59.7,Low
909625,Driver_9624,37,27,East,61.9,Average
909626,Driver_9625,54,19,East,85.4,Good
909627,Driver_9626,51,29,West,59.5,Low
909628,Driver_9627,40,6,West,66.3,Average
909629,Driver_9628,32,9,West,67.8,Average
909630,Driver_9629,60,12,North,80.4,Good
909631,Driver_9630,23,22,Central,81.6,Good
909632,Driver_9631,57,21,North,68.8,Average
909633,Driver_9632,35,0,Central,92.8,Excellent
909634,Driver_9633,53,14,South,95.6,Excellent
909635,Driver_9634,51,9,East,86.5,Good
909636,Driver_9635,54,14,Central,87.0,Good
909637,Driver_9636,36,25,North,80.8,Good
909638,Driver_9637,56,23,South,74.5,Average
909639,Driver_9638,61,11,Central,65.1,Average
909640,Driver_9639,22,4,West,80.2,Good
909641,Driver_9640,22,27,East,50.1,Low
909642,Driver_9641,37,7,Central,98.3,Excellent
909643,Driver_9642,26,29,West,59.4,Low
909644,Driver_9643,42,9,North,70.5,Average
909645,Driver_9644,59,24,West,54.7,Low
909646,Driver_9645,26,28,West,92.7,Excellent
909647,Driver_9646,36,24,West,50.8,Low
909648,Driver_9647,28,5,South,94.8,Excellent
909649,Driver_9648,57,12,West,99.8,Excellent
909650,Driver_9649,32,7,South,85.5,Good
909651,Driver_9650,22,13,East,82.1,Good
909652,Driver_9651,42,5,Central,71.1,Average
909653,Driver_9652,59,1,Central,55.8,Low
909654,Driver_9653,58,16,East,56.4,Low
909655,Driver_9654,56,18,North,81.1,Good
909656,Driver_9655,44,6,East,83.4,Good
909657,Driver_9656,32,25,West,58.8,Low
909658,Driver_9657,37,25,East,74.5,Average
909659,Driver_9658,60,17,Central,74.2,Average
909660,Driver_9659,56,23,East,55.8,Low
909661,Driver_9660,55,26,East,54.2,Low
909662,Driver_9661,23,21,North,92.2,Excellent
909663,Driver_9662,56,16,North,75.2,Good
909664,Driver_9663,35,9,East,76.5,Good
909665,Driver_9664,52,1,East,77.5,Good
909666,Driver_9665,26,27,Central,93.3,Excellent
909667,Driver_9666,54,30,North,86.0,Good
909668,Driver_9667,36,23,South,97.8,Excellent
909669,Driver_9668,56,26,South,67.6,Average
909670,Driver_9669,62,24,West,50.3,Low
909671,Driver_9670,24,0,West,86.5,Good
909672,Driver_9671,40,6,North,94.4,Excellent
909673,Driver_9672,57,26,East,81.4,Good
909674,Driver_9673,45,7,South,57.5,Low
909675,Driver_9674,60,16,Central,91.1,Excellent
909676,Driver_9675,49,18,South,66.3,Average
909677,Driver_9676,54,26,East,83.8,Good
909678,Driver_9677,34,10,Central,57.7,Low
909679,Driver_9678,56,26,East,78.5,Good
909680,Driver_9679,30,18,West,73.1,Average
909681,Driver_9680,54,5,South,76.5,Good
909682,Driver_9681,54,26,South,67.5,Average
909683,Driver_9682,63,26,East,60.5,Average
909684,Driver_9683,43,25,Central,82.8,Good
909685,Driver_9684,57,24,North,79.2,Good
909686,Driver_9685,34,27,Central,78.6,Good
909687,Driver_9686,31,4,South,56.5,Low
909688,Driver_9687,21,3,Central,90.6,Excellent
909689,Driver_9688,61,3,East,59.1,Low
909690,Driver_9689,48,14,East,83.4,Good
909691,Driver_9690,26,13,North,65.0,Average
909692,Driver_9691,53,28,North,90.7,Excellent
909693,Driver_9692,61,15,Central,61.9,Average
909694,Driver_9693,34,20,Central,79.9,Good
909695,Driver_9694,40,20,South,98.1,Excellent
909696,Driver_9695,54,13,West,87.6,Good
909697,Driver_9696,54,18,South,58.9,Low
909698,Driver_9697,29,0,South,61.0,Average
909699,Driver_9698,48,4,West,52.6,Low
909700,Driver_9699,53,19,West,96.1,Excellent
909701,Driver_9700,45,28,Central,66.5,Average
909702,Driver_9701,23,11,Central,58.4,Low
909703,Driver_9702,62,15,West,55.3,Low
909704,Driver_9703,28,28,North,60.7,Average
909705,Driver_9704,55,0,Central,94.9,Excellent
909706,Driver_9705,33,18,South,71.0,Average
909707,Driver_9706,45,1,South,79.9,Good
909708,Driver_9707,53,27,East,96.2,Excellent
909709,Driver_9708,50,18,South,52.6,Low
909710,Driver_9709,32,26,Central,86.2,Good
909711,Driver_9710,31,24,West,87.2,Good
909712,Driver_9711,41,3,West,58.0,Low
909713,Driver_9712,40,8,Central,78.4,Good
909714,Driver_9713,38,22,North,50.4,Low
909715,Driver_9714,30,11,East,83.6,Good
909716,Driver_9715,54,4,East,68.0,Average
909717,Driver_9716,30,14,North,69.0,Average
909718,Driver_9717,62,17,East,77.3,Good
909719,Driver_9718,33,11,East,62.1,Average
909720,Driver_9719,25,0,West,69.6,Average
909721,Driver_9720,39,5,Central,69.8,Average
909722,Driver_9721,21,17,East,60.0,Low
909723,Driver_9722,62,1,East,73.0,Average
909724,Driver_9723,26,28,North,86.6,Good
909725,Driver_9724,51,3,East,99.3,Excellent
909726,Driver_9725,62,23,East,60.0,Low
909727,Driver_9726,27,2,West,57.4,Low
909728,Driver_9727,36,28,West,62.2,Average
909729,Driver_9728,28,22,North,66.3,Average
909730,Driver_9729,59,28,South,96.7,Excellent
909731,Driver_9730,33,23,East,82.2,Good
909732,Driver_9731,32,23,West,82.3,Good
909733,Driver_9732,34,7,South,69.5,Average
909734,Driver_9733,50,25,East,63.3,Average
909735,Driver_9734,58,11,South,59.7,Low
909736,Driver_9735,42,2,West,84.6,Good
909737,Driver_9736,54,10,North,50.9,Low
909738,Driver_9737,37,8,Central,90.0,Good
909739,Driver_9738,47,10,North,53.1,Low
909740,Driver_9739,63,6,North,89.2,Good
909741,Driver_9740,49,3,West,66.6,Average
909742,Driver_9741,34,16,East,99.7,Excellent
909743,Driver_9742,46,30,Central,88.3,Good
909744,Driver_9743,44,25,West,72.6,Average
909745,Driver_9744,42,15,West,93.6,Excellent
909746,Driver_9745,32,26,South,76.7,Good
909747,Driver_9746,61,9,West,95.2,Excellent
909748,Driver_9747,58,17,North,89.6,Good
909749,Driver_9748,35,12,East,75.4,Good
909750,Driver_9749,36,22,West,96.6,Excellent
909751,Driver_9750,41,4,South,99.3,Excellent
909752,Driver_9751,58,28,Central,59.3,Low
909753,Driver_9752,48,21,Central,97.3,Excellent
909754,Driver_9753,26,11,North,81.4,Good
909755,Driver_9754,45,5,West,56.4,Low
909756,Driver_9755,56,13,Central,66.8,Average
909757,Driver_9756,24,16,South,77.9,Good
909758,Driver_9757,39,12,North,76.5,Good
909759,Driver_9758,49,22,East,73.8,Average
909760,Driver_9759,60,11,Central,56.1,Low
909761,Driver_9760,34,12,Central,53.2,Low
909762,Driver_9761,21,22,West,52.5,Low
909763,Driver_9762,43,11,North,51.6,Low
909764,Driver_9763,33,29,Central,69.3,Average
909765,Driver_9764,51,3,North,56.9,Low
909766,Driver_9765,50,17,Central,92.3,Excellent
909767,Driver_9766,23,30,East,94.0,Excellent
909768,Driver_9767,35,10,North,78.5,Good
909769,Driver_9768,37,16,South,58.7,Low
909770,Driver_9769,42,26,West,88.3,Good
909771,Driver_9770,40,17,Central,53.2,Low
909772,Driver_9771,39,21,Central,71.1,Average
909773,Driver_9772,62,22,West,53.1,Low
909774,Driver_9773,57,21,North,78.4,Good
909775,Driver_9774,55,27,North,73.2,Average
909776,Driver_9775,41,17,Central,97.1,Excellent
909777,Driver_9776,38,8,Central,61.4,Average
909778,Driver_9777,55,20,East,50.5,Low
909779,Driver_9778,30,16,West,82.5,Good
909780,Driver_9779,51,0,West,64.0,Average
909781,Driver_9780,45,8,Central,95.0,Excellent
909782,Driver_9781,21,24,South,52.1,Low
909783,Driver_9782,62,5,West,72.3,Average
909784,Driver_9783,44,4,East,52.5,Low
909785,Driver_9784,32,15,East,63.5,Average
909786,Driver_9785,60,1,North,94.2,Excellent
909787,Driver_9786,60,2,North,81.1,Good
909788,Driver_9787,62,20,West,76.7,Good
909789,Driver_9788,50,23,West,69.5,Average
909790,Driver_9789,47,3,East,73.5,Average
909791,Driver_9790,31,5,North,79.3,Good
909792,Driver_9791,46,14,West,55.9,Low
909793,Driver_9792,34,5,North,58.4,Low
909794,Driver_9793,57,13,North,67.0,Average
909795,Driver_9794,51,27,South,93.4,Excellent
909796,Driver_9795,63,29,East,75.0,Average
909797,Driver_9796,37,4,West,94.2,Excellent
909798,Driver_9797,44,10,West,55.0,Low
909799,Driver_9798,43,1,Central,92.5,Excellent
909800,Driver_9799,45,11,North,98.3,Excellent
909801,Driver_9800,41,0,East,68.3,Average
909802,Driver_9801,31,16,West,59.5,Low
909803,Driver_9802,31,9,West,85.5,Good
909804,Driver_9803,30,0,South,84.3,Good
909805,Driver_9804,56,27,South,71.4,Average
909806,Driver_9805,32,0,North,89.4,Good
909807,Driver_9806,32,5,West,83.2,Good
909808,Driver_9807,45,27,Central,90.5,Excellent
909809,Driver_9808,56,3,Central,93.1,Excellent
909810,Driver_9809,31,14,West,57.1,Low
909811,Driver_9810,32,20,East,61.5,Average
909812,Driver_9811,39,4,South,92.5,Excellent
909813,Driver_9812,50,22,Central,68.8,Average
909814,Driver_9813,34,11,Central,52.4,Low
909815,Driver_9814,45,16,Central,56.6,Low
909816,Driver_9815,33,5,West,56.1,Low
909817,Driver_9816,21,11,South,90.3,Excellent
909818,Driver_9817,26,29,North,72.1,Average
909819,Driver_9818,62,6,Central,51.1,Low
909820,Driver_9819,50,25,North,75.9,Good
909821,Driver_9820,35,0,North,98.4,Excellent
909822,Driver_9821,31,0,South,89.3,Good
909823,Driver_9822,25,5,North,50.7,Low
909824,Driver_9823,28,14,North,96.2,Excellent
909825,Driver_9824,59,9,West,77.6,Good
909826,Driver_9825,35,20,West,79.4,Good
909827,Driver_9826,62,22,South,91.2,Excellent
909828,Driver_9827,26,23,South,84.0,Good
909829,Driver_9828,31,7,West,65.0,Average
909830,Driver_9829,43,1,North,60.6,Average
909831,Driver_9830,40,13,East,66.9,Average
909832,Driver_9831,25,9,South,76.8,Good
909833,Driver_9832,27,23,Central,56.3,Low
909834,Driver_9833,23,15,West,62.0,Average
909835,Driver_9834,58,18,South,88.7,Good
909836,Driver_9835,62,11,Central,53.9,Low
909837,Driver_9836,63,5,West,54.0,Low
909838,Driver_9837,53,30,South,85.4,Good
909839,Driver_9838,33,4,South,63.4,Average
909840,Driver_9839,61,0,North,81.6,Good
909841,Driver_9840,53,29,North,74.1,Average
909842,Driver_9841,55,4,East,82.7,Good
909843,Driver_9842,54,30,East,79.9,Good
909844,Driver_9843,31,21,East,52.2,Low
909845,Driver_9844,52,27,Central,80.9,Good
909846,Driver_9845,35,0,South,87.7,Good
909847,Driver_9846,50,14,East,93.0,Excellent
909848,Driver_9847,43,12,South,80.7,Good
909849,Driver_9848,45,4,East,55.9,Low
909850,Driver_9849,36,0,North,80.8,Good
909851,Driver_9850,34,28,North,55.8,Low
909852,Driver_9851,26,30,North,73.5,Average
909853,Driver_9852,30,0,West,87.0,Good
909854,Driver_9853,40,9,South,90.3,Excellent
909855,Driver_9854,60,8,North,76.3,Good
909856,Driver_9855,42,25,Central,74.1,Average
909857,Driver_9856,22,12,West,63.3,Average
909858,Driver_9857,53,20,Central,76.6,Good
909859,Driver_9858,25,9,North,92.6,Excellent
909860,Driver_9859,48,10,Central,61.4,Average
909861,Driver_9860,54,26,Central,63.0,Average
909862,Driver_9861,34,6,Central,89.3,Good
909863,Driver_9862,35,24,Central,66.3,Average
909864,Driver_9863,37,25,East,98.8,Excellent
909865,Driver_9864,36,22,Central,78.0,Good
909866,Driver_9865,43,5,West,94.1,Excellent
909867,Driver_9866,30,19,South,50.5,Low
909868,Driver_9867,55,10,East,81.3,Good
909869,Driver_9868,40,6,Central,71.3,Average
909870,Driver_9869,37,6,West,84.2,Good
909871,Driver_9870,57,14,North,81.7,Good
909872,Driver_9871,45,21,East,51.9,Low
909873,Driver_9872,53,6,East,83.6,Good
909874,Driver_9873,60,26,Central,97.6,Excellent
909875,Driver_9874,61,18,West,62.0,Average
909876,Driver_9875,49,14,West,59.3,Low
909877,Driver_9876,44,13,South,81.9,Good
909878,Driver_9877,24,20,North,81.5,Good
909879,Driver_9878,34,29,North,81.5,Good
909880,Driver_9879,59,17,South,78.0,Good
909881,Driver_9880,52,1,South,88.6,Good
909882,Driver_9881,22,8,Central,78.9,Good
909883,Driver_9882,52,26,East,73.6,Average
909884,Driver_9883,23,15,West,86.6,Good
909885,Driver_9884,48,23,North,58.5,Low
909886,Driver_9885,57,25,Central,55.4,Low
909887,Driver_9886,37,25,Central,77.4,Good
909888,Driver_9887,36,27,West,83.2,Good
909889,Driver_9888,59,14,West,78.0,Good
909890,Driver_9889,56,4,Central,56.3,Low
909891,Driver_9890,22,27,South,71.4,Average
909892,Driver_9891,63,17,North,60.9,Average
909893,Driver_9892,39,7,Central,54.2,Low
909894,Driver_9893,46,9,East,57.8,Low
909895,Driver_9894,41,15,West,57.0,Low
909896,Driver_9895,53,23,East,98.2,Excellent
909897,Driver_9896,39,7,West,50.2,Low
909898,Driver_9897,31,27,North,88.6,Good
909899,Driver_9898,53,9,East,68.5,Average
909900,Driver_9899,46,13,Central,52.0,Low
909901,Driver_9900,23,19,West,51.3,Low
909902,Driver_9901,46,29,Central,61.3,Average
909903,Driver_9902,36,13,North,81.4,Good
909904,Driver_9903,50,9,East,83.0,Good
909905,Driver_9904,48,19,North,61.8,Average
909906,Driver_9905,25,26,North,68.0,Average
909907,Driver_9906,29,24,Central,87.4,Good
909908,Driver_9907,47,17,South,85.5,Good
909909,Driver_9908,41,16,North,90.7,Excellent
909910,Driver_9909,46,12,Central,64.2,Average
909911,Driver_9910,29,13,East,83.1,Good
909912,Driver_9911,49,16,West,59.2,Low
909913,Driver_9912,63,14,West,77.6,Good
909914,Driver_9913,50,26,North,67.3,Average
909915,Driver_9914,34,12,East,98.3,Excellent
909916,Driver_9915,54,30,Central,98.6,Excellent
909917,Driver_9916,50,5,North,93.4,Excellent
909918,Driver_9917,36,4,West,98.4,Excellent
909919,Driver_9918,61,2,East,78.0,Good
909920,Driver_9919,52,0,Central,75.9,Good
909921,Driver_9920,56,5,North,72.8,Average
909922,Driver_9921,43,10,South,82.7,Good
909923,Driver_9922,54,19,South,90.7,Excellent
909924,Driver_9923,41,16,East,65.9,Average
909925,Driver_9924,60,11,Central,97.8,Excellent
909926,Driver_9925,57,0,West,96.4,Excellent
909927,Driver_9926,28,1,East,68.3,Average
909928,Driver_9927,34,25,West,77.9,Good
909929,Driver_9928,39,12,North,79.7,Good
909930,Driver_9929,56,1,North,76.3,Good
909931,Driver_9930,45,26,North,94.9,Excellent
909932,Driver_9931,40,3,South,87.3,Good
909933,Driver_9932,54,23,Central,74.7,Average
909934,Driver_9933,23,25,West,88.9,Good
909935,Driver_9934,44,29,South,98.3,Excellent
909936,Driver_9935,25,21,Central,53.8,Low
909937,Driver_9936,56,7,North,97.3,Excellent
909938,Driver_9937,23,15,West,70.9,Average
909939,Driver_9938,27,10,South,85.9,Good
909940,Driver_9939,36,0,East,95.1,Excellent
909941,Driver_9940,61,26,North,80.3,Good
909942,Driver_9941,48,27,East,57.0,Low
909943,Driver_9942,48,8,Central,57.1,Low
909944,Driver_9943,43,26,Central,62.1,Average
909945,Driver_9944,41,10,North,73.4,Average
909946,Driver_9945,55,24,North,64.3,Average
909947,Driver_9946,21,26,South,70.5,Average
909948,Driver_9947,49,13,North,81.4,Good
909949,Driver_9948,47,30,North,69.2,Average
909950,Driver_9949,29,28,West,67.2,Average
909951,Driver_9950,61,27,North,68.3,Average
909952,Driver_9951,54,9,East,73.6,Average
909953,Driver_9952,43,5,West,53.4,Low
909954,Driver_9953,40,6,West,59.1,Low
909955,Driver_9954,29,15,North,85.2,Good
909956,Driver_9955,23,1,Central,69.7,Average
909957,Driver_9956,58,5,East,94.7,Excellent
909958,Driver_9957,28,28,South,57.2,Low
909959,Driver_9958,29,18,North,94.6,Excellent
909960,Driver_9959,36,29,East,87.7,Good
909961,Driver_9960,23,2,Central,75.1,Good
909962,Driver_9961,34,2,North,78.6,Good
909963,Driver_9962,23,27,South,63.1,Average
909964,Driver_9963,58,7,Central,90.8,Excellent
909965,Driver_9964,57,9,South,60.7,Average
909966,Driver_9965,28,15,West,67.0,Average
909967,Driver_9966,21,30,North,66.9,Average
909968,Driver_9967,30,13,North,92.2,Excellent
909969,Driver_9968,23,20,East,69.8,Average
909970,Driver_9969,51,30,West,79.6,Good
909971,Driver_9970,48,28,Central,55.5,Low
909972,Driver_9971,36,29,South,79.3,Good
909973,Driver_9972,49,25,West,78.9,Good
909974,Driver_9973,27,4,South,84.7,Good
909975,Driver_9974,25,16,North,92.1,Excellent
909976,Driver_9975,22,17,West,61.0,Average
909977,Driver_9976,37,24,Central,53.2,Low
909978,Driver_9977,29,22,East,56.6,Low
909979,Driver_9978,40,9,North,96.0,Excellent
909980,Driver_9979,41,19,West,60.2,Average
909981,Driver_9980,60,8,North,68.3,Average
909982,Driver_9981,49,4,South,83.7,Good
909983,Driver_9982,32,9,West,58.0,Low
909984,Driver_9983,32,23,North,70.8,Average
909985,Driver_9984,61,26,East,79.9,Good
909986,Driver_9985,36,1,East,59.0,Low
909987,Driver_9986,31,5,South,78.8,Good
909988,Driver_9987,31,28,Central,51.0,Low
909989,Driver_9988,27,21,West,77.5,Good
909990,Driver_9989,25,1,West,59.5,Low
909991,Driver_9990,38,9,South,80.9,Good
909992,Driver_9991,59,7,North,76.9,Good
909993,Driver_9992,47,2,East,68.3,Average
909994,Driver_9993,47,4,South,63.3,Average
909995,Driver_9994,24,10,West,70.1,Average
909996,Driver_9995,62,1,West,97.6,Excellent
909997,Driver_9996,39,25,North,64.1,Average
909998,Driver_9997,22,27,North,78.8,Good
909999,Driver_9998,60,28,Central,99.3,Excellent
910000,Driver_9999,38,14,West,55.5,Low
910001,Driver_10000,24,27,Central,57.8,Low
910002,Driver_10001,51,17,Central,74.2,Average
910003,Driver_10002,54,28,West,82.4,Good
910004,Driver_10003,44,7,North,82.0,Good
910005,Driver_10004,31,29,West,76.1,Good
910006,Driver_10005,44,7,South,67.2,Average
910007,Driver_10006,56,1,East,67.2,Average
910008,Driver_10007,47,15,North,87.3,Good
910009,Driver_10008,30,8,East,60.1,Average
910010,Driver_10009,46,28,Central,63.4,Average
910011,Driver_10010,23,12,East,66.6,Average
910012,Driver_10011,48,7,Central,73.1,Average
910013,Driver_10012,47,23,West,83.1,Good
910014,Driver_10013,59,7,East,67.6,Average
910015,Driver_10014,54,7,North,78.4,Good
910016,Driver_10015,31,10,West,62.5,Average
910017,Driver_10016,41,21,South,86.8,Good
910018,Driver_10017,44,27,East,52.4,Low
910019,Driver_10018,21,9,South,79.0,Good
910020,Driver_10019,28,14,North,57.0,Low
910021,Driver_10020,52,21,South,72.4,Average
910022,Driver_10021,62,0,East,50.1,Low
910023,Driver_10022,29,8,Central,50.3,Low
910024,Driver_10023,34,22,North,50.9,Low
910025,Driver_10024,62,5,West,70.9,Average
910026,Driver_10025,34,5,Central,82.9,Good
910027,Driver_10026,54,18,North,75.9,Good
910028,Driver_10027,46,11,East,72.3,Average
910029,Driver_10028,50,21,Central,62.8,Average
910030,Driver_10029,26,11,South,97.8,Excellent
910031,Driver_10030,54,20,Central,62.3,Average
910032,Driver_10031,26,17,Central,71.6,Average
910033,Driver_10032,50,25,West,66.4,Average
910034,Driver_10033,54,20,East,73.8,Average
910035,Driver_10034,38,30,South,68.5,Average
910036,Driver_10035,49,22,North,72.9,Average
910037,Driver_10036,57,24,Central,75.9,Good
910038,Driver_10037,44,23,North,53.9,Low
910039,Driver_10038,40,19,East,67.5,Average
910040,Driver_10039,60,15,West,64.0,Average
910041,Driver_10040,41,23,East,84.2,Good
910042,Driver_10041,47,1,West,84.3,Good
910043,Driver_10042,50,26,Central,55.0,Low
910044,Driver_10043,42,26,West,99.8,Excellent
910045,Driver_10044,46,8,Central,62.4,Average
910046,Driver_10045,23,28,West,82.5,Good
910047,Driver_10046,50,8,North,92.3,Excellent
910048,Driver_10047,30,27,North,58.3,Low
910049,Driver_10048,29,12,South,84.7,Good
910050,Driver_10049,58,30,Central,51.9,Low
910051,Driver_10050,44,22,North,92.0,Excellent
910052,Driver_10051,27,16,South,51.4,Low
910053,Driver_10052,53,21,North,99.1,Excellent
910054,Driver_10053,28,29,North,56.2,Low
910055,Driver_10054,59,8,West,83.7,Good
910056,Driver_10055,24,27,East,94.8,Excellent
910057,Driver_10056,32,11,North,79.1,Good
910058,Driver_10057,34,2,South,68.0,Average
910059,Driver_10058,57,25,North,62.0,Average
910060,Driver_10059,55,0,West,88.4,Good
910061,Driver_10060,49,1,North,55.1,Low
910062,Driver_10061,54,4,East,63.5,Average
910063,Driver_10062,33,13,East,75.7,Good
910064,Driver_10063,40,21,East,83.5,Good
910065,Driver_10064,35,22,South,73.4,Average
910066,Driver_10065,34,16,North,65.6,Average
910067,Driver_10066,46,28,Central,83.1,Good
910068,Driver_10067,21,30,East,86.0,Good
910069,Driver_10068,34,5,Central,71.9,Average
910070,Driver_10069,60,19,Central,62.9,Average
910071,Driver_10070,59,11,West,92.4,Excellent
910072,Driver_10071,41,17,Central,75.0,Average
910073,Driver_10072,45,1,East,93.7,Excellent
910074,Driver_10073,57,7,West,83.5,Good
910075,Driver_10074,58,10,Central,94.5,Excellent
910076,Driver_10075,21,16,Central,91.7,Excellent
910077,Driver_10076,22,23,East,52.1,Low
910078,Driver_10077,62,23,North,86.8,Good
910079,Driver_10078,32,16,Central,96.1,Excellent
910080,Driver_10079,30,24,North,50.3,Low
910081,Driver_10080,21,24,North,63.7,Average
910082,Driver_10081,31,25,North,56.8,Low
910083,Driver_10082,42,6,South,50.6,Low
910084,Driver_10083,57,21,West,88.5,Good
910085,Driver_10084,58,17,Central,67.1,Average
910086,Driver_10085,25,3,West,62.1,Average
910087,Driver_10086,59,9,Central,61.6,Average
910088,Driver_10087,48,30,West,53.4,Low
910089,Driver_10088,32,23,North,71.7,Average
910090,Driver_10089,41,15,West,96.9,Excellent
910091,Driver_10090,63,25,South,56.6,Low
910092,Driver_10091,51,3,North,74.4,Average
910093,Driver_10092,51,24,East,99.6,Excellent
910094,Driver_10093,44,11,South,65.5,Average
910095,Driver_10094,25,14,South,58.2,Low
910096,Driver_10095,23,23,East,70.0,Average
910097,Driver_10096,50,3,Central,95.2,Excellent
910098,Driver_10097,52,16,Central,70.4,Average
910099,Driver_10098,45,24,West,99.2,Excellent
910100,Driver_10099,40,8,North,70.0,Average
910101,Driver_10100,56,14,South,58.4,Low
910102,Driver_10101,32,0,Central,58.1,Low
910103,Driver_10102,27,16,South,78.9,Good
910104,Driver_10103,45,13,East,70.6,Average
910105,Driver_10104,23,2,East,76.3,Good
910106,Driver_10105,27,21,Central,99.9,Excellent
910107,Driver_10106,55,0,West,73.0,Average
910108,Driver_10107,54,4,West,50.1,Low
910109,Driver_10108,30,9,West,53.7,Low
910110,Driver_10109,41,16,East,53.6,Low
910111,Driver_10110,35,16,West,69.8,Average
910112,Driver_10111,40,7,North,90.9,Excellent
910113,Driver_10112,43,22,East,91.6,Excellent
910114,Driver_10113,34,18,East,55.5,Low
910115,Driver_10114,31,19,East,70.2,Average
910116,Driver_10115,25,29,West,62.7,Average
910117,Driver_10116,53,20,North,79.7,Good
910118,Driver_10117,50,11,Central,51.1,Low
910119,Driver_10118,33,25,South,59.5,Low
910120,Driver_10119,49,11,South,84.3,Good
910121,Driver_10120,45,28,West,77.1,Good
910122,Driver_10121,56,25,East,56.2,Low
910123,Driver_10122,57,19,North,69.2,Average
910124,Driver_10123,29,10,East,98.3,Excellent
910125,Driver_10124,59,30,North,65.1,Average
910126,Driver_10125,58,4,South,84.0,Good
910127,Driver_10126,31,12,South,86.1,Good
910128,Driver_10127,40,16,North,60.2,Average
910129,Driver_10128,59,17,West,50.8,Low
910130,Driver_10129,42,22,East,50.1,Low
910131,Driver_10130,41,25,North,65.1,Average
910132,Driver_10131,34,7,South,59.3,Low
910133,Driver_10132,44,18,Central,70.1,Average
910134,Driver_10133,50,20,West,60.2,Average
910135,Driver_10134,51,26,East,66.9,Average
910136,Driver_10135,61,30,North,81.2,Good
910137,Driver_10136,36,30,North,74.9,Average
910138,Driver_10137,48,8,East,56.8,Low
910139,Driver_10138,25,22,Central,51.3,Low
910140,Driver_10139,40,5,South,75.1,Good
910141,Driver_10140,51,17,Central,83.2,Good
910142,Driver_10141,45,4,North,66.6,Average
910143,Driver_10142,52,15,East,96.0,Excellent
910144,Driver_10143,50,6,North,82.9,Good
910145,Driver_10144,61,6,South,98.2,Excellent
910146,Driver_10145,48,21,West,66.3,Average
910147,Driver_10146,46,8,North,97.3,Excellent
910148,Driver_10147,39,13,West,93.5,Excellent
910149,Driver_10148,52,27,East,94.2,Excellent
910150,Driver_10149,26,6,North,96.6,Excellent
910151,Driver_10150,38,21,South,56.4,Low
910152,Driver_10151,62,25,East,51.2,Low
910153,Driver_10152,49,1,East,96.8,Excellent
910154,Driver_10153,38,6,South,63.5,Average
910155,Driver_10154,25,19,North,63.3,Average
910156,Driver_10155,45,9,West,55.5,Low
910157,Driver_10156,55,7,North,59.1,Low
910158,Driver_10157,28,23,Central,51.3,Low
910159,Driver_10158,61,14,North,97.6,Excellent
910160,Driver_10159,56,4,South,74.7,Average
910161,Driver_10160,55,28,South,91.1,Excellent
910162,Driver_10161,28,29,East,68.8,Average
910163,Driver_10162,28,20,West,91.4,Excellent
910164,Driver_10163,25,13,East,63.9,Average
910165,Driver_10164,23,9,Central,77.7,Good
910166,Driver_10165,28,26,West,58.4,Low
910167,Driver_10166,60,3,North,96.8,Excellent
910168,Driver_10167,46,26,North,64.5,Average
910169,Driver_10168,33,2,South,68.9,Average
910170,Driver_10169,23,21,West,86.9,Good
910171,Driver_10170,41,30,West,78.9,Good
910172,Driver_10171,37,12,East,80.2,Good
910173,Driver_10172,47,12,South,65.4,Average
910174,Driver_10173,37,3,Central,65.6,Average
910175,Driver_10174,41,15,South,63.4,Average
910176,Driver_10175,21,22,West,88.7,Good
910177,Driver_10176,52,12,Central,80.9,Good
910178,Driver_10177,60,0,South,77.5,Good
910179,Driver_10178,26,20,Central,82.0,Good
910180,Driver_10179,52,13,Central,67.9,Average
910181,Driver_10180,62,8,South,64.8,Average
910182,Driver_10181,45,26,East,83.7,Good
910183,Driver_10182,40,14,Central,63.6,Average
910184,Driver_10183,30,21,Central,63.1,Average
910185,Driver_10184,55,27,South,50.6,Low
910186,Driver_10185,35,12,Central,84.2,Good
910187,Driver_10186,50,14,Central,66.4,Average
910188,Driver_10187,53,5,West,95.9,Excellent
910189,Driver_10188,28,25,East,87.7,Good
910190,Driver_10189,48,22,Central,67.2,Average
910191,Driver_10190,28,13,Central,74.0,Average
910192,Driver_10191,30,12,West,83.9,Good
910193,Driver_10192,56,20,East,96.1,Excellent
910194,Driver_10193,32,14,North,75.6,Good
910195,Driver_10194,56,15,North,54.9,Low
910196,Driver_10195,47,30,East,97.7,Excellent
910197,Driver_10196,51,19,West,83.0,Good
910198,Driver_10197,34,16,East,62.9,Average
910199,Driver_10198,38,23,Central,75.4,Good
910200,Driver_10199,56,21,East,57.8,Low
910201,Driver_10200,37,11,West,66.5,Average
910202,Driver_10201,38,10,West,58.4,Low
910203,Driver_10202,28,11,South,88.7,Good
910204,Driver_10203,23,20,Central,50.2,Low
910205,Driver_10204,41,0,East,88.4,Good
910206,Driver_10205,43,7,West,88.1,Good
910207,Driver_10206,29,9,Central,81.7,Good
910208,Driver_10207,63,14,Central,55.3,Low
910209,Driver_10208,31,19,North,72.3,Average
910210,Driver_10209,28,26,North,61.1,Average
910211,Driver_10210,40,7,Central,59.1,Low
910212,Driver_10211,24,10,Central,79.2,Good
910213,Driver_10212,60,14,South,78.8,Good
910214,Driver_10213,62,5,East,67.4,Average
910215,Driver_10214,21,12,Central,77.7,Good
910216,Driver_10215,62,24,West,84.2,Good
910217,Driver_10216,30,20,East,95.1,Excellent
910218,Driver_10217,46,23,Central,91.1,Excellent
910219,Driver_10218,59,23,South,93.9,Excellent
910220,Driver_10219,50,18,Central,90.7,Excellent
910221,Driver_10220,23,30,North,53.4,Low
910222,Driver_10221,47,6,East,79.9,Good
910223,Driver_10222,57,20,West,85.0,Good
910224,Driver_10223,36,7,West,91.5,Excellent
910225,Driver_10224,63,23,North,53.9,Low
910226,Driver_10225,47,11,North,95.5,Excellent
910227,Driver_10226,56,27,West,80.6,Good
910228,Driver_10227,62,29,East,90.9,Excellent
910229,Driver_10228,55,6,West,57.2,Low
910230,Driver_10229,26,3,Central,64.4,Average
910231,Driver_10230,49,28,East,83.9,Good
910232,Driver_10231,23,12,East,87.1,Good
910233,Driver_10232,53,15,Central,82.1,Good
910234,Driver_10233,62,16,West,77.5,Good
910235,Driver_10234,39,29,Central,89.5,Good
910236,Driver_10235,61,2,Central,57.5,Low
910237,Driver_10236,23,17,West,52.8,Low
910238,Driver_10237,21,10,South,69.5,Average
910239,Driver_10238,47,2,West,83.4,Good
910240,Driver_10239,24,11,Central,58.1,Low
910241,Driver_10240,32,7,West,87.2,Good
910242,Driver_10241,33,18,South,87.4,Good
910243,Driver_10242,54,19,South,95.4,Excellent
910244,Driver_10243,29,30,South,88.8,Good
910245,Driver_10244,48,28,North,51.6,Low
910246,Driver_10245,27,14,West,52.4,Low
910247,Driver_10246,57,22,East,98.9,Excellent
910248,Driver_10247,48,23,North,77.6,Good
910249,Driver_10248,60,8,West,87.8,Good
910250,Driver_10249,56,22,Central,50.4,Low
910251,Driver_10250,61,1,South,57.9,Low
910252,Driver_10251,52,19,North,54.3,Low
910253,Driver_10252,25,18,North,82.6,Good
910254,Driver_10253,29,18,Central,64.8,Average
910255,Driver_10254,40,14,East,98.2,Excellent
910256,Driver_10255,40,5,East,77.6,Good
910257,Driver_10256,61,29,North,82.8,Good
910258,Driver_10257,58,11,West,53.3,Low
910259,Driver_10258,23,2,West,65.1,Average
910260,Driver_10259,29,19,West,65.9,Average
910261,Driver_10260,33,29,South,81.5,Good
910262,Driver_10261,30,15,South,95.7,Excellent
910263,Driver_10262,45,18,East,78.0,Good
910264,Driver_10263,41,4,Central,92.2,Excellent
910265,Driver_10264,62,16,West,69.3,Average
910266,Driver_10265,36,26,Central,62.8,Average
910267,Driver_10266,58,12,North,84.6,Good
910268,Driver_10267,35,13,Central,54.2,Low
910269,Driver_10268,59,7,West,50.7,Low
910270,Driver_10269,43,28,South,56.1,Low
910271,Driver_10270,53,27,East,56.2,Low
910272,Driver_10271,57,11,East,60.9,Average
910273,Driver_10272,53,28,East,72.5,Average
910274,Driver_10273,44,16,South,58.3,Low
910275,Driver_10274,53,30,North,58.4,Low
910276,Driver_10275,45,8,South,52.7,Low
910277,Driver_10276,56,28,East,86.1,Good
910278,Driver_10277,40,23,West,66.7,Average
910279,Driver_10278,36,22,South,72.9,Average
910280,Driver_10279,49,26,North,90.1,Excellent
910281,Driver_10280,62,21,West,98.6,Excellent
910282,Driver_10281,42,16,Central,68.2,Average
910283,Driver_10282,50,24,Central,79.5,Good
910284,Driver_10283,32,23,Central,93.0,Excellent
910285,Driver_10284,55,4,East,65.4,Average
910286,Driver_10285,40,13,West,51.8,Low
910287,Driver_10286,27,10,West,71.7,Average
910288,Driver_10287,27,28,South,65.2,Average
910289,Driver_10288,62,16,West,71.4,Average
910290,Driver_10289,55,18,Central,56.9,Low
910291,Driver_10290,47,2,West,53.3,Low
910292,Driver_10291,48,2,North,72.5,Average
910293,Driver_10292,45,13,Central,99.3,Excellent
910294,Driver_10293,35,12,Central,75.4,Good
910295,Driver_10294,30,12,East,59.3,Low
910296,Driver_10295,58,18,Central,63.4,Average
910297,Driver_10296,51,28,West,87.3,Good
910298,Driver_10297,34,19,North,94.1,Excellent
910299,Driver_10298,32,20,South,59.3,Low
910300,Driver_10299,60,7,West,69.7,Average
910301,Driver_10300,48,4,East,73.3,Average
910302,Driver_10301,24,25,Central,63.4,Average
910303,Driver_10302,26,5,South,90.9,Excellent
910304,Driver_10303,41,25,Central,65.9,Average
910305,Driver_10304,34,7,Central,75.0,Average
910306,Driver_10305,29,0,Central,89.1,Good
910307,Driver_10306,32,2,Central,69.2,Average
910308,Driver_10307,57,20,Central,79.8,Good
910309,Driver_10308,58,11,South,67.8,Average
910310,Driver_10309,41,29,Central,75.4,Good
910311,Driver_10310,56,6,West,68.3,Average
910312,Driver_10311,26,27,West,93.1,Excellent
910313,Driver_10312,53,15,North,75.0,Average
910314,Driver_10313,38,26,North,74.9,Average
910315,Driver_10314,38,29,North,88.3,Good
910316,Driver_10315,23,26,East,80.6,Good
910317,Driver_10316,25,11,North,52.6,Low
910318,Driver_10317,54,12,North,70.4,Average
910319,Driver_10318,56,3,Central,62.0,Average
910320,Driver_10319,29,21,North,94.6,Excellent
910321,Driver_10320,57,0,West,71.7,Average
910322,Driver_10321,22,19,South,92.7,Excellent
910323,Driver_10322,52,4,South,73.3,Average
910324,Driver_10323,24,2,East,80.1,Good
910325,Driver_10324,32,7,East,70.4,Average
910326,Driver_10325,51,15,Central,57.2,Low
910327,Driver_10326,23,22,East,66.5,Average
910328,Driver_10327,61,24,East,86.6,Good
910329,Driver_10328,46,2,Central,69.0,Average
910330,Driver_10329,50,23,East,86.3,Good
910331,Driver_10330,39,25,East,86.5,Good
910332,Driver_10331,50,20,West,61.3,Average
910333,Driver_10332,25,12,North,82.9,Good
910334,Driver_10333,60,7,East,81.9,Good
910335,Driver_10334,61,27,North,84.3,Good
910336,Driver_10335,26,14,North,77.2,Good
910337,Driver_10336,59,14,Central,74.2,Average
910338,Driver_10337,46,2,South,90.6,Excellent
910339,Driver_10338,33,13,West,68.0,Average
910340,Driver_10339,47,18,Central,55.5,Low
910341,Driver_10340,31,0,North,76.0,Good
910342,Driver_10341,41,8,Central,58.3,Low
910343,Driver_10342,54,18,West,93.7,Excellent
910344,Driver_10343,63,30,West,96.0,Excellent
910345,Driver_10344,47,22,South,73.2,Average
910346,Driver_10345,30,26,North,84.3,Good
910347,Driver_10346,51,3,North,64.9,Average
910348,Driver_10347,41,30,Central,91.6,Excellent
910349,Driver_10348,48,0,West,54.4,Low
910350,Driver_10349,42,19,North,90.2,Excellent
910351,Driver_10350,37,6,North,60.7,Average
910352,Driver_10351,31,19,Central,70.1,Average
910353,Driver_10352,29,4,South,97.3,Excellent
910354,Driver_10353,57,30,East,83.8,Good
910355,Driver_10354,44,11,West,100.0,Excellent
910356,Driver_10355,39,16,East,73.0,Average
910357,Driver_10356,45,0,West,56.2,Low
910358,Driver_10357,53,12,East,58.3,Low
910359,Driver_10358,29,19,Central,59.4,Low
910360,Driver_10359,42,16,West,55.5,Low
910361,Driver_10360,52,16,Central,92.8,Excellent
910362,Driver_10361,56,23,South,73.3,Average
910363,Driver_10362,53,30,South,88.1,Good
910364,Driver_10363,35,20,North,63.7,Average
910365,Driver_10364,22,1,East,52.4,Low
910366,Driver_10365,36,22,East,88.9,Good
910367,Driver_10366,22,11,North,61.3,Average
910368,Driver_10367,22,13,South,94.3,Excellent
910369,Driver_10368,50,20,Central,78.4,Good
910370,Driver_10369,28,6,North,71.3,Average
910371,Driver_10370,53,14,West,94.5,Excellent
910372,Driver_10371,48,11,East,78.2,Good
910373,Driver_10372,22,29,East,53.1,Low
910374,Driver_10373,52,10,South,76.9,Good
910375,Driver_10374,33,15,South,78.6,Good
910376,Driver_10375,50,19,West,99.2,Excellent
910377,Driver_10376,61,20,West,87.7,Good
910378,Driver_10377,58,4,South,88.7,Good
910379,Driver_10378,37,9,East,97.5,Excellent
910380,Driver_10379,51,24,South,82.9,Good
910381,Driver_10380,60,13,West,99.9,Excellent
910382,Driver_10381,53,25,South,60.3,Average
910383,Driver_10382,32,8,West,98.5,Excellent
910384,Driver_10383,25,9,West,67.0,Average
910385,Driver_10384,58,9,South,82.2,Good
910386,Driver_10385,62,26,Central,82.5,Good
910387,Driver_10386,60,1,North,96.1,Excellent
910388,Driver_10387,55,24,North,63.9,Average
910389,Driver_10388,38,26,North,66.8,Average
910390,Driver_10389,30,16,West,79.7,Good
910391,Driver_10390,40,1,Central,99.5,Excellent
910392,Driver_10391,22,26,East,50.4,Low
910393,Driver_10392,58,29,North,66.4,Average
910394,Driver_10393,27,4,East,53.8,Low
910395,Driver_10394,33,17,Central,53.2,Low
910396,Driver_10395,22,10,West,51.2,Low
910397,Driver_10396,37,0,South,78.1,Good
910398,Driver_10397,21,1,Central,51.8,Low
910399,Driver_10398,28,17,East,86.9,Good
910400,Driver_10399,54,17,West,64.6,Average
910401,Driver_10400,21,3,East,88.1,Good
910402,Driver_10401,28,10,North,71.2,Average
910403,Driver_10402,49,23,East,91.9,Excellent
910404,Driver_10403,35,9,South,86.4,Good
910405,Driver_10404,51,19,North,86.9,Good
910406,Driver_10405,22,29,Central,99.9,Excellent
910407,Driver_10406,33,12,East,67.4,Average
910408,Driver_10407,23,9,East,75.8,Good
910409,Driver_10408,30,1,North,61.2,Average
910410,Driver_10409,39,17,West,95.1,Excellent
910411,Driver_10410,30,12,North,62.6,Average
910412,Driver_10411,34,22,Central,69.2,Average
910413,Driver_10412,27,16,East,64.5,Average
910414,Driver_10413,49,24,West,95.6,Excellent
910415,Driver_10414,62,1,North,94.8,Excellent
910416,Driver_10415,28,25,Central,90.0,Good
910417,Driver_10416,63,4,North,79.4,Good
910418,Driver_10417,31,2,South,83.5,Good
910419,Driver_10418,35,6,West,74.9,Average
910420,Driver_10419,27,25,Central,58.3,Low
910421,Driver_10420,31,27,West,81.2,Good
910422,Driver_10421,28,16,West,79.5,Good
910423,Driver_10422,63,12,South,92.4,Excellent
910424,Driver_10423,57,23,North,55.7,Low
910425,Driver_10424,58,7,East,70.8,Average
910426,Driver_10425,28,6,South,82.6,Good
910427,Driver_10426,56,29,Central,75.8,Good
910428,Driver_10427,53,3,West,52.2,Low
910429,Driver_10428,38,24,East,99.1,Excellent
910430,Driver_10429,33,23,Central,99.9,Excellent
910431,Driver_10430,53,5,South,87.6,Good
910432,Driver_10431,47,3,West,87.2,Good
910433,Driver_10432,58,23,West,58.9,Low
910434,Driver_10433,60,21,East,78.4,Good
910435,Driver_10434,58,16,Central,60.9,Average
910436,Driver_10435,47,0,North,54.3,Low
910437,Driver_10436,59,10,East,61.5,Average
910438,Driver_10437,39,22,South,60.8,Average
910439,Driver_10438,49,19,East,76.3,Good
910440,Driver_10439,24,16,Central,74.4,Average
910441,Driver_10440,31,22,West,53.9,Low
910442,Driver_10441,48,13,East,75.5,Good
910443,Driver_10442,39,27,East,94.3,Excellent
910444,Driver_10443,57,6,North,56.9,Low
910445,Driver_10444,48,3,West,75.7,Good
910446,Driver_10445,55,4,North,67.6,Average
910447,Driver_10446,61,2,East,96.4,Excellent
910448,Driver_10447,38,14,Central,83.8,Good
910449,Driver_10448,46,5,East,88.0,Good
910450,Driver_10449,43,4,West,82.8,Good
910451,Driver_10450,29,2,West,96.4,Excellent
910452,Driver_10451,47,7,North,78.8,Good
910453,Driver_10452,31,22,North,79.4,Good
910454,Driver_10453,51,29,West,51.2,Low
910455,Driver_10454,60,29,South,98.1,Excellent
910456,Driver_10455,30,28,East,80.8,Good
910457,Driver_10456,55,14,South,56.9,Low
910458,Driver_10457,38,26,West,89.5,Good
910459,Driver_10458,23,3,East,50.3,Low
910460,Driver_10459,36,29,South,60.5,Average
910461,Driver_10460,43,28,East,52.4,Low
910462,Driver_10461,26,24,North,64.0,Average
910463,Driver_10462,60,14,Central,51.6,Low
910464,Driver_10463,31,8,East,54.9,Low
910465,Driver_10464,43,4,West,50.3,Low
910466,Driver_10465,44,27,West,74.8,Average
910467,Driver_10466,60,27,West,87.6,Good
910468,Driver_10467,51,0,North,51.4,Low
910469,Driver_10468,23,18,East,72.0,Average
910470,Driver_10469,57,11,North,56.5,Low
910471,Driver_10470,61,19,West,73.7,Average
910472,Driver_10471,57,11,North,57.3,Low
910473,Driver_10472,56,17,East,85.0,Good
910474,Driver_10473,32,6,South,83.1,Good
910475,Driver_10474,34,7,North,73.8,Average
910476,Driver_10475,23,10,Central,80.5,Good
910477,Driver_10476,47,9,North,68.2,Average
910478,Driver_10477,52,2,South,99.7,Excellent
910479,Driver_10478,50,9,South,83.2,Good
910480,Driver_10479,33,3,East,63.7,Average
910481,Driver_10480,63,0,Central,65.3,Average
910482,Driver_10481,63,9,East,53.0,Low
910483,Driver_10482,28,6,North,99.9,Excellent
910484,Driver_10483,45,0,South,74.0,Average
910485,Driver_10484,50,24,West,86.9,Good
910486,Driver_10485,41,25,South,90.5,Excellent
910487,Driver_10486,54,1,West,79.2,Good
910488,Driver_10487,46,27,East,71.3,Average
910489,Driver_10488,33,17,West,57.6,Low
910490,Driver_10489,62,20,Central,81.6,Good
910491,Driver_10490,37,9,West,67.9,Average
910492,Driver_10491,62,24,South,95.8,Excellent
910493,Driver_10492,59,17,South,60.5,Average
910494,Driver_10493,41,3,West,80.5,Good
910495,Driver_10494,31,9,South,90.2,Excellent
910496,Driver_10495,36,3,West,99.2,Excellent
910497,Driver_10496,26,13,East,67.3,Average
910498,Driver_10497,63,21,West,53.8,Low
910499,Driver_10498,48,22,East,80.7,Good
910500,Driver_10499,44,7,East,53.7,Low
910501,Driver_10500,34,14,East,96.1,Excellent
910502,Driver_10501,53,22,North,78.6,Good
910503,Driver_10502,43,18,West,83.1,Good
910504,Driver_10503,42,7,Central,70.0,Average
910505,Driver_10504,37,21,North,73.2,Average
910506,Driver_10505,41,27,North,77.3,Good
910507,Driver_10506,41,0,West,86.7,Good
910508,Driver_10507,44,2,East,87.5,Good
910509,Driver_10508,37,24,South,70.0,Average
910510,Driver_10509,37,30,East,59.5,Low
910511,Driver_10510,22,20,West,70.8,Average
910512,Driver_10511,56,18,Central,63.5,Average
910513,Driver_10512,46,10,West,58.3,Low
910514,Driver_10513,27,22,Central,66.8,Average
910515,Driver_10514,42,21,West,57.4,Low
910516,Driver_10515,32,9,East,79.6,Good
910517,Driver_10516,21,15,West,50.5,Low
910518,Driver_10517,25,8,East,76.3,Good
910519,Driver_10518,36,11,Central,59.2,Low
910520,Driver_10519,28,16,West,85.3,Good
910521,Driver_10520,49,18,Central,87.7,Good
910522,Driver_10521,60,3,East,75.8,Good
910523,Driver_10522,31,28,East,70.8,Average
910524,Driver_10523,29,5,Central,92.1,Excellent
910525,Driver_10524,49,18,East,58.2,Low
910526,Driver_10525,32,20,East,96.9,Excellent
910527,Driver_10526,33,4,South,70.9,Average
910528,Driver_10527,32,22,East,50.5,Low
910529,Driver_10528,48,20,North,67.9,Average
910530,Driver_10529,46,14,East,78.5,Good
910531,Driver_10530,59,24,East,83.6,Good
910532,Driver_10531,40,17,Central,90.4,Excellent
910533,Driver_10532,39,25,East,98.7,Excellent
910534,Driver_10533,50,0,East,63.5,Average
910535,Driver_10534,32,13,Central,77.7,Good
910536,Driver_10535,47,21,Central,66.0,Average
910537,Driver_10536,39,19,South,62.9,Average
910538,Driver_10537,52,25,East,76.9,Good
910539,Driver_10538,29,19,North,89.7,Good
910540,Driver_10539,41,17,North,75.0,Average
910541,Driver_10540,54,23,Central,86.5,Good
910542,Driver_10541,40,0,Central,84.3,Good
910543,Driver_10542,30,5,North,58.4,Low
910544,Driver_10543,36,29,South,51.0,Low
910545,Driver_10544,52,12,North,53.8,Low
910546,Driver_10545,55,27,South,98.4,Excellent
910547,Driver_10546,22,3,South,54.6,Low
910548,Driver_10547,21,7,West,88.1,Good
910549,Driver_10548,36,24,Central,91.9,Excellent
910550,Driver_10549,30,27,North,73.7,Average
910551,Driver_10550,35,30,West,87.5,Good
910552,Driver_10551,30,21,Central,84.5,Good
910553,Driver_10552,61,9,Central,78.6,Good
910554,Driver_10553,41,25,South,88.5,Good
910555,Driver_10554,47,15,East,56.6,Low
910556,Driver_10555,62,7,South,61.6,Average
910557,Driver_10556,35,1,North,66.8,Average
910558,Driver_10557,49,4,North,72.9,Average
910559,Driver_10558,35,0,West,50.9,Low
910560,Driver_10559,41,22,South,60.8,Average
910561,Driver_10560,52,11,East,52.3,Low
910562,Driver_10561,30,8,East,94.5,Excellent
910563,Driver_10562,29,9,North,75.6,Good
910564,Driver_10563,44,16,West,99.2,Excellent
910565,Driver_10564,46,3,West,99.6,Excellent
910566,Driver_10565,30,10,Central,58.6,Low
910567,Driver_10566,29,1,West,70.8,Average
910568,Driver_10567,41,16,West,81.4,Good
910569,Driver_10568,31,25,North,96.5,Excellent
910570,Driver_10569,31,23,South,99.7,Excellent
910571,Driver_10570,62,8,North,73.4,Average
910572,Driver_10571,56,29,East,84.7,Good
910573,Driver_10572,35,10,North,76.5,Good
910574,Driver_10573,23,9,South,86.1,Good
910575,Driver_10574,47,11,West,54.3,Low
910576,Driver_10575,46,24,South,59.2,Low
910577,Driver_10576,44,16,West,92.9,Excellent
910578,Driver_10577,27,2,West,60.8,Average
910579,Driver_10578,33,18,West,86.9,Good
910580,Driver_10579,56,22,West,89.5,Good
910581,Driver_10580,42,7,West,87.4,Good
910582,Driver_10581,60,29,South,60.0,Low
910583,Driver_10582,36,26,Central,63.1,Average
910584,Driver_10583,49,8,West,56.7,Low
910585,Driver_10584,47,11,North,94.9,Excellent
910586,Driver_10585,23,27,West,94.8,Excellent
910587,Driver_10586,58,27,East,71.8,Average
910588,Driver_10587,46,24,East,93.5,Excellent
910589,Driver_10588,55,24,East,89.9,Good
910590,Driver_10589,26,27,North,86.4,Good
910591,Driver_10590,40,4,West,78.3,Good
910592,Driver_10591,55,22,East,52.7,Low
910593,Driver_10592,32,5,East,80.5,Good
910594,Driver_10593,48,16,West,50.1,Low
910595,Driver_10594,47,14,South,73.9,Average
910596,Driver_10595,49,23,East,67.1,Average
910597,Driver_10596,26,8,South,75.4,Good
910598,Driver_10597,30,6,East,66.4,Average
910599,Driver_10598,32,15,East,93.7,Excellent
910600,Driver_10599,58,2,North,64.6,Average
910601,Driver_10600,45,3,Central,57.8,Low
910602,Driver_10601,38,6,East,81.7,Good
910603,Driver_10602,57,21,East,69.7,Average
910604,Driver_10603,42,29,East,94.3,Excellent
910605,Driver_10604,28,24,East,89.4,Good
910606,Driver_10605,45,13,Central,55.8,Low
910607,Driver_10606,24,25,West,64.8,Average
910608,Driver_10607,51,2,North,77.3,Good
910609,Driver_10608,43,29,West,51.4,Low
910610,Driver_10609,37,19,North,74.6,Average
910611,Driver_10610,34,0,South,70.0,Average
910612,Driver_10611,37,29,East,97.3,Excellent
910613,Driver_10612,30,9,Central,54.0,Low
910614,Driver_10613,26,29,West,66.9,Average
910615,Driver_10614,62,4,North,86.5,Good
910616,Driver_10615,49,18,Central,60.8,Average
910617,Driver_10616,49,16,East,68.5,Average
910618,Driver_10617,26,21,Central,52.9,Low
910619,Driver_10618,63,8,East,74.3,Average
910620,Driver_10619,42,23,South,70.4,Average
910621,Driver_10620,44,27,West,51.9,Low
910622,Driver_10621,55,4,Central,67.4,Average
910623,Driver_10622,51,26,South,83.6,Good
910624,Driver_10623,56,14,Central,85.5,Good
910625,Driver_10624,49,6,South,67.3,Average
910626,Driver_10625,41,11,Central,90.0,Good
910627,Driver_10626,45,1,Central,57.1,Low
910628,Driver_10627,61,4,South,92.8,Excellent
910629,Driver_10628,22,28,East,57.7,Low
910630,Driver_10629,60,22,North,77.4,Good
910631,Driver_10630,41,0,South,55.5,Low
910632,Driver_10631,61,3,South,79.6,Good
910633,Driver_10632,47,13,North,79.2,Good
910634,Driver_10633,26,15,West,75.8,Good
910635,Driver_10634,23,16,Central,96.0,Excellent
910636,Driver_10635,45,30,West,69.3,Average
910637,Driver_10636,35,26,South,90.2,Excellent
910638,Driver_10637,45,25,South,60.9,Average
910639,Driver_10638,27,13,West,57.9,Low
910640,Driver_10639,40,20,East,74.8,Average
910641,Driver_10640,39,14,North,78.0,Good
910642,Driver_10641,29,21,West,67.8,Average
910643,Driver_10642,58,8,East,86.2,Good
910644,Driver_10643,38,28,South,76.4,Good
910645,Driver_10644,56,0,South,71.2,Average
910646,Driver_10645,43,22,North,59.2,Low
910647,Driver_10646,40,30,West,79.1,Good
910648,Driver_10647,31,11,South,79.9,Good
910649,Driver_10648,51,11,North,57.6,Low
910650,Driver_10649,57,16,South,67.5,Average
910651,Driver_10650,33,1,East,61.5,Average
910652,Driver_10651,37,29,North,85.9,Good
910653,Driver_10652,28,12,North,98.7,Excellent
910654,Driver_10653,31,17,West,66.4,Average
910655,Driver_10654,22,16,North,78.8,Good
910656,Driver_10655,53,27,South,58.9,Low
910657,Driver_10656,37,0,North,73.3,Average
910658,Driver_10657,22,30,North,86.0,Good
910659,Driver_10658,44,14,East,52.7,Low
910660,Driver_10659,24,15,North,70.0,Average
910661,Driver_10660,48,7,West,91.9,Excellent
910662,Driver_10661,21,23,West,85.9,Good
910663,Driver_10662,50,5,South,90.8,Excellent
910664,Driver_10663,41,6,Central,70.4,Average
910665,Driver_10664,57,7,East,90.4,Excellent
910666,Driver_10665,55,26,Central,62.1,Average
910667,Driver_10666,26,27,Central,82.4,Good
910668,Driver_10667,54,11,North,53.9,Low
910669,Driver_10668,38,0,Central,85.0,Good
910670,Driver_10669,60,29,South,84.5,Good
910671,Driver_10670,61,26,West,72.2,Average
910672,Driver_10671,39,18,Central,52.5,Low
910673,Driver_10672,29,7,Central,61.0,Average
910674,Driver_10673,47,14,Central,64.0,Average
910675,Driver_10674,28,5,West,65.7,Average
910676,Driver_10675,45,14,West,72.2,Average
910677,Driver_10676,46,9,Central,50.2,Low
910678,Driver_10677,49,25,East,73.6,Average
910679,Driver_10678,59,28,Central,73.9,Average
910680,Driver_10679,35,11,West,53.5,Low
910681,Driver_10680,49,12,West,88.9,Good
910682,Driver_10681,53,22,West,73.1,Average
910683,Driver_10682,57,20,Central,78.2,Good
910684,Driver_10683,59,20,East,91.3,Excellent
910685,Driver_10684,54,15,Central,51.6,Low
910686,Driver_10685,36,9,West,68.6,Average
910687,Driver_10686,33,22,South,71.7,Average
910688,Driver_10687,21,1,East,74.0,Average
910689,Driver_10688,57,10,South,56.0,Low
910690,Driver_10689,60,20,North,60.2,Average
910691,Driver_10690,46,7,East,55.3,Low
910692,Driver_10691,55,22,South,99.2,Excellent
910693,Driver_10692,32,12,South,93.7,Excellent
910694,Driver_10693,57,1,East,51.0,Low
910695,Driver_10694,48,16,East,77.1,Good
910696,Driver_10695,49,23,South,80.7,Good
910697,Driver_10696,28,29,North,89.9,Good
910698,Driver_10697,52,12,Central,90.6,Excellent
910699,Driver_10698,49,26,Central,62.8,Average
910700,Driver_10699,40,30,West,81.0,Good
910701,Driver_10700,43,27,South,89.8,Good
910702,Driver_10701,29,15,East,96.7,Excellent
910703,Driver_10702,61,0,Central,95.9,Excellent
910704,Driver_10703,57,26,North,94.4,Excellent
910705,Driver_10704,27,27,South,89.0,Good
910706,Driver_10705,24,2,East,73.0,Average
910707,Driver_10706,41,28,North,93.9,Excellent
910708,Driver_10707,41,28,South,66.6,Average
910709,Driver_10708,54,17,East,60.0,Low
910710,Driver_10709,58,6,West,81.4,Good
910711,Driver_10710,34,1,South,55.2,Low
910712,Driver_10711,59,17,Central,98.5,Excellent
910713,Driver_10712,51,17,East,63.2,Average
910714,Driver_10713,61,24,West,70.5,Average
910715,Driver_10714,53,20,Central,91.2,Excellent
910716,Driver_10715,48,0,East,86.4,Good
910717,Driver_10716,60,8,Central,79.5,Good
910718,Driver_10717,38,21,Central,93.9,Excellent
910719,Driver_10718,37,14,North,57.2,Low
910720,Driver_10719,42,28,South,63.6,Average
910721,Driver_10720,27,6,Central,85.9,Good
910722,Driver_10721,55,27,East,69.0,Average
910723,Driver_10722,22,8,South,86.3,Good
910724,Driver_10723,53,21,South,89.4,Good
910725,Driver_10724,52,15,East,90.9,Excellent
910726,Driver_10725,22,20,Central,55.3,Low
910727,Driver_10726,58,23,East,78.8,Good
910728,Driver_10727,27,24,West,99.5,Excellent
910729,Driver_10728,50,17,West,72.9,Average
910730,Driver_10729,29,7,East,83.5,Good
910731,Driver_10730,32,14,West,98.6,Excellent
910732,Driver_10731,47,5,Central,60.6,Average
910733,Driver_10732,38,12,North,59.5,Low
910734,Driver_10733,48,28,West,62.7,Average
910735,Driver_10734,37,11,Central,77.9,Good
910736,Driver_10735,60,26,East,84.3,Good
910737,Driver_10736,33,1,Central,63.9,Average
910738,Driver_10737,58,7,South,78.6,Good
910739,Driver_10738,58,23,West,54.9,Low
910740,Driver_10739,50,5,East,58.2,Low
910741,Driver_10740,37,14,Central,89.3,Good
910742,Driver_10741,61,23,Central,88.4,Good
910743,Driver_10742,46,27,South,85.4,Good
910744,Driver_10743,60,20,North,93.1,Excellent
910745,Driver_10744,24,4,North,54.3,Low
910746,Driver_10745,30,9,East,76.9,Good
910747,Driver_10746,57,5,North,85.0,Good
910748,Driver_10747,41,6,West,66.6,Average
910749,Driver_10748,48,30,North,89.9,Good
910750,Driver_10749,23,9,North,98.3,Excellent
910751,Driver_10750,28,5,West,94.5,Excellent
910752,Driver_10751,30,9,North,95.0,Excellent
910753,Driver_10752,22,3,Central,69.4,Average
910754,Driver_10753,23,5,Central,68.5,Average
910755,Driver_10754,52,17,West,92.4,Excellent
910756,Driver_10755,51,1,West,58.0,Low
910757,Driver_10756,33,17,West,61.4,Average
910758,Driver_10757,50,5,North,75.9,Good
910759,Driver_10758,60,17,Central,89.4,Good
910760,Driver_10759,24,2,West,95.5,Excellent
910761,Driver_10760,36,0,North,52.3,Low
910762,Driver_10761,57,1,South,98.6,Excellent
910763,Driver_10762,28,4,North,87.0,Good
910764,Driver_10763,60,13,Central,83.8,Good
910765,Driver_10764,25,28,South,56.4,Low
910766,Driver_10765,60,25,Central,62.9,Average
910767,Driver_10766,59,8,East,50.5,Low
910768,Driver_10767,53,2,East,69.4,Average
910769,Driver_10768,23,12,East,93.1,Excellent
910770,Driver_10769,26,2,Central,72.3,Average
910771,Driver_10770,57,14,West,85.3,Good
910772,Driver_10771,46,14,East,91.3,Excellent
910773,Driver_10772,59,14,Central,61.8,Average
910774,Driver_10773,46,18,Central,53.5,Low
910775,Driver_10774,24,1,Central,69.9,Average
910776,Driver_10775,57,24,North,78.1,Good
910777,Driver_10776,42,10,North,79.3,Good
910778,Driver_10777,31,14,Central,65.5,Average
910779,Driver_10778,21,18,North,99.4,Excellent
910780,Driver_10779,40,17,West,81.6,Good
910781,Driver_10780,27,29,West,58.8,Low
910782,Driver_10781,53,24,North,79.7,Good
910783,Driver_10782,24,24,East,83.7,Good
910784,Driver_10783,45,29,South,59.8,Low
910785,Driver_10784,31,6,West,80.3,Good
910786,Driver_10785,31,16,South,93.1,Excellent
910787,Driver_10786,61,12,West,56.2,Low
910788,Driver_10787,46,22,North,97.8,Excellent
910789,Driver_10788,58,17,North,51.5,Low
910790,Driver_10789,29,30,North,99.2,Excellent
910791,Driver_10790,40,10,Central,92.8,Excellent
910792,Driver_10791,51,8,North,93.5,Excellent
910793,Driver_10792,43,29,West,63.1,Average
910794,Driver_10793,33,3,East,83.8,Good
910795,Driver_10794,33,23,South,59.1,Low
910796,Driver_10795,60,19,South,98.6,Excellent
910797,Driver_10796,42,30,West,51.4,Low
910798,Driver_10797,27,3,North,56.5,Low
910799,Driver_10798,23,0,West,53.8,Low
910800,Driver_10799,52,4,North,81.2,Good
910801,Driver_10800,47,28,Central,98.0,Excellent
910802,Driver_10801,32,29,North,75.5,Good
910803,Driver_10802,26,11,North,90.2,Excellent
910804,Driver_10803,63,16,East,75.5,Good
910805,Driver_10804,24,19,Central,79.0,Good
910806,Driver_10805,26,16,South,62.5,Average
910807,Driver_10806,59,1,West,80.0,Good
910808,Driver_10807,32,12,East,84.2,Good
910809,Driver_10808,30,16,South,92.1,Excellent
910810,Driver_10809,40,16,South,82.4,Good
910811,Driver_10810,39,17,West,66.2,Average
910812,Driver_10811,46,14,East,68.7,Average
910813,Driver_10812,53,20,West,56.0,Low
910814,Driver_10813,55,21,East,63.4,Average
910815,Driver_10814,41,24,South,50.7,Low
910816,Driver_10815,37,23,North,78.6,Good
910817,Driver_10816,59,0,South,69.4,Average
910818,Driver_10817,45,24,South,85.7,Good
910819,Driver_10818,28,8,Central,61.6,Average
910820,Driver_10819,41,21,North,95.3,Excellent
910821,Driver_10820,58,10,Central,91.7,Excellent
910822,Driver_10821,63,1,South,76.0,Good
910823,Driver_10822,38,4,Central,55.1,Low
910824,Driver_10823,48,13,West,69.9,Average
910825,Driver_10824,54,17,East,66.0,Average
910826,Driver_10825,28,25,North,78.5,Good
910827,Driver_10826,52,0,West,91.4,Excellent
910828,Driver_10827,45,0,South,59.3,Low
910829,Driver_10828,62,3,Central,87.7,Good
910830,Driver_10829,37,10,North,83.1,Good
910831,Driver_10830,50,28,South,70.2,Average
910832,Driver_10831,57,23,East,82.7,Good
910833,Driver_10832,41,4,Central,81.4,Good
910834,Driver_10833,32,18,North,57.0,Low
910835,Driver_10834,61,7,West,62.5,Average
910836,Driver_10835,24,8,West,67.9,Average
910837,Driver_10836,23,14,East,62.0,Average
910838,Driver_10837,42,17,North,95.0,Excellent
910839,Driver_10838,38,1,West,95.6,Excellent
910840,Driver_10839,34,2,North,56.8,Low
910841,Driver_10840,48,12,Central,63.1,Average
910842,Driver_10841,45,21,North,80.9,Good
910843,Driver_10842,54,9,Central,58.1,Low
910844,Driver_10843,39,20,North,56.7,Low
910845,Driver_10844,28,1,South,89.3,Good
910846,Driver_10845,55,12,North,55.8,Low
910847,Driver_10846,49,5,North,71.8,Average
910848,Driver_10847,54,22,West,89.6,Good
910849,Driver_10848,25,9,North,70.9,Average
910850,Driver_10849,40,6,West,56.5,Low
910851,Driver_10850,31,0,Central,86.8,Good
910852,Driver_10851,41,17,North,69.3,Average
910853,Driver_10852,35,2,South,73.3,Average
910854,Driver_10853,59,25,South,60.5,Average
910855,Driver_10854,52,19,South,83.5,Good
910856,Driver_10855,54,23,West,98.9,Excellent
910857,Driver_10856,49,24,South,65.8,Average
910858,Driver_10857,49,23,West,72.9,Average
910859,Driver_10858,55,23,Central,70.6,Average
910860,Driver_10859,26,22,Central,56.4,Low
910861,Driver_10860,63,1,West,77.3,Good
910862,Driver_10861,48,9,East,64.6,Average
910863,Driver_10862,62,29,Central,98.9,Excellent
910864,Driver_10863,49,11,East,68.9,Average
910865,Driver_10864,46,7,Central,82.8,Good
910866,Driver_10865,62,19,Central,87.8,Good
910867,Driver_10866,55,10,South,59.0,Low
910868,Driver_10867,28,1,South,87.6,Good
910869,Driver_10868,41,27,West,61.7,Average
910870,Driver_10869,21,2,Central,86.1,Good
910871,Driver_10870,34,17,East,99.0,Excellent
910872,Driver_10871,60,7,East,90.7,Excellent
910873,Driver_10872,51,6,South,76.7,Good
910874,Driver_10873,47,8,South,51.4,Low
910875,Driver_10874,52,13,Central,62.0,Average
910876,Driver_10875,63,16,North,67.1,Average
910877,Driver_10876,27,20,Central,70.6,Average
910878,Driver_10877,35,6,Central,55.5,Low
910879,Driver_10878,30,8,West,89.7,Good
910880,Driver_10879,21,22,South,78.7,Good
910881,Driver_10880,28,25,Central,91.6,Excellent
910882,Driver_10881,23,5,South,55.2,Low
910883,Driver_10882,63,8,West,68.0,Average
910884,Driver_10883,23,21,Central,82.2,Good
910885,Driver_10884,29,3,East,74.0,Average
910886,Driver_10885,28,1,East,74.3,Average
910887,Driver_10886,61,29,North,53.4,Low
910888,Driver_10887,37,16,North,95.8,Excellent
910889,Driver_10888,45,17,North,88.9,Good
910890,Driver_10889,33,9,Central,87.9,Good
910891,Driver_10890,51,1,South,91.0,Excellent
910892,Driver_10891,58,22,North,89.1,Good
910893,Driver_10892,55,29,South,51.7,Low
910894,Driver_10893,44,11,North,56.7,Low
910895,Driver_10894,52,7,North,94.7,Excellent
910896,Driver_10895,37,16,Central,56.3,Low
910897,Driver_10896,31,18,North,70.2,Average
910898,Driver_10897,23,12,West,76.5,Good
910899,Driver_10898,46,25,South,56.3,Low
910900,Driver_10899,37,0,North,84.4,Good
910901,Driver_10900,50,21,West,73.1,Average
910902,Driver_10901,35,16,South,94.8,Excellent
910903,Driver_10902,21,14,North,73.8,Average
910904,Driver_10903,41,24,Central,77.3,Good
910905,Driver_10904,46,13,Central,58.1,Low
910906,Driver_10905,25,11,South,67.9,Average
910907,Driver_10906,22,4,West,58.0,Low
910908,Driver_10907,55,12,West,99.9,Excellent
910909,Driver_10908,39,26,East,68.0,Average
910910,Driver_10909,48,24,West,76.3,Good
910911,Driver_10910,57,0,Central,86.0,Good
910912,Driver_10911,48,28,West,99.0,Excellent
910913,Driver_10912,59,15,Central,69.3,Average
910914,Driver_10913,28,25,Central,84.3,Good
910915,Driver_10914,58,23,West,85.7,Good
910916,Driver_10915,60,12,East,85.0,Good
910917,Driver_10916,61,26,East,95.7,Excellent
910918,Driver_10917,40,3,West,52.8,Low
910919,Driver_10918,32,15,South,74.1,Average
910920,Driver_10919,46,17,Central,92.3,Excellent
910921,Driver_10920,44,3,East,73.2,Average
910922,Driver_10921,36,13,West,65.4,Average
910923,Driver_10922,30,2,South,52.4,Low
910924,Driver_10923,56,2,South,69.9,Average
910925,Driver_10924,44,0,East,55.2,Low
910926,Driver_10925,27,29,North,77.5,Good
910927,Driver_10926,42,14,South,93.2,Excellent
910928,Driver_10927,23,16,Central,77.4,Good
910929,Driver_10928,39,16,South,69.9,Average
910930,Driver_10929,35,0,East,60.3,Average
910931,Driver_10930,22,27,West,87.8,Good
910932,Driver_10931,42,18,West,69.7,Average
910933,Driver_10932,37,1,East,76.4,Good
910934,Driver_10933,36,23,Central,72.6,Average
910935,Driver_10934,36,25,North,85.7,Good
910936,Driver_10935,38,21,South,63.2,Average
910937,Driver_10936,23,30,South,66.4,Average
910938,Driver_10937,45,0,North,99.7,Excellent
910939,Driver_10938,23,6,North,76.9,Good
910940,Driver_10939,33,26,South,97.7,Excellent
910941,Driver_10940,29,3,West,51.7,Low
910942,Driver_10941,29,30,West,67.3,Average
910943,Driver_10942,49,11,North,51.5,Low
910944,Driver_10943,27,15,Central,79.1,Good
910945,Driver_10944,56,7,South,66.5,Average
910946,Driver_10945,24,30,South,88.5,Good
910947,Driver_10946,56,2,South,66.5,Average
910948,Driver_10947,23,19,North,80.4,Good
910949,Driver_10948,43,27,Central,55.7,Low
910950,Driver_10949,40,14,Central,87.2,Good
910951,Driver_10950,24,14,Central,72.5,Average
910952,Driver_10951,24,0,South,72.8,Average
910953,Driver_10952,43,10,South,99.1,Excellent
910954,Driver_10953,62,8,North,61.4,Average
910955,Driver_10954,36,21,South,81.9,Good
910956,Driver_10955,26,19,North,66.0,Average
910957,Driver_10956,55,8,South,51.3,Low
910958,Driver_10957,63,3,South,80.0,Good
910959,Driver_10958,39,1,East,53.8,Low
910960,Driver_10959,45,8,West,77.9,Good
910961,Driver_10960,36,2,North,97.6,Excellent
910962,Driver_10961,44,24,South,89.9,Good
910963,Driver_10962,23,13,North,88.6,Good
910964,Driver_10963,57,26,South,96.5,Excellent
910965,Driver_10964,58,0,North,71.9,Average
910966,Driver_10965,22,10,South,67.2,Average
910967,Driver_10966,39,20,East,94.6,Excellent
910968,Driver_10967,58,24,East,96.4,Excellent
910969,Driver_10968,42,17,West,84.6,Good
910970,Driver_10969,56,29,West,50.2,Low
910971,Driver_10970,42,13,Central,77.6,Good
910972,Driver_10971,22,15,Central,56.5,Low
910973,Driver_10972,35,15,East,68.9,Average
910974,Driver_10973,30,9,North,90.2,Excellent
910975,Driver_10974,50,5,South,58.4,Low
910976,Driver_10975,62,11,Central,77.3,Good
910977,Driver_10976,32,4,South,96.1,Excellent
910978,Driver_10977,41,3,East,53.7,Low
910979,Driver_10978,49,27,Central,93.4,Excellent
910980,Driver_10979,46,18,Central,52.3,Low
910981,Driver_10980,35,19,West,56.9,Low
910982,Driver_10981,63,14,South,64.2,Average
910983,Driver_10982,32,15,North,81.0,Good
910984,Driver_10983,60,7,East,85.0,Good
910985,Driver_10984,51,27,South,75.8,Good
910986,Driver_10985,40,3,South,78.2,Good
910987,Driver_10986,44,13,West,58.4,Low
910988,Driver_10987,23,17,South,50.1,Low
910989,Driver_10988,50,8,Central,66.9,Average
910990,Driver_10989,27,19,Central,98.0,Excellent
910991,Driver_10990,23,17,South,67.0,Average
910992,Driver_10991,59,4,South,56.5,Low
910993,Driver_10992,62,0,North,95.1,Excellent
910994,Driver_10993,30,2,Central,67.2,Average
910995,Driver_10994,27,19,South,83.2,Good
910996,Driver_10995,43,4,North,95.3,Excellent
910997,Driver_10996,34,30,West,83.1,Good
910998,Driver_10997,22,1,North,59.3,Low
910999,Driver_10998,32,6,Central,77.8,Good
911000,Driver_10999,52,22,West,99.8,Excellent
911001,Driver_11000,33,11,West,77.6,Good
911002,Driver_11001,23,14,North,79.2,Good
911003,Driver_11002,37,4,East,79.8,Good
911004,Driver_11003,36,27,South,88.6,Good
911005,Driver_11004,32,16,Central,53.6,Low
911006,Driver_11005,39,7,Central,51.9,Low
911007,Driver_11006,51,28,East,88.9,Good
911008,Driver_11007,60,3,Central,94.8,Excellent
911009,Driver_11008,53,5,East,88.2,Good
911010,Driver_11009,55,23,South,52.9,Low
911011,Driver_11010,37,13,South,53.1,Low
911012,Driver_11011,43,10,South,71.2,Average
911013,Driver_11012,34,13,South,98.0,Excellent
911014,Driver_11013,43,26,West,68.8,Average
911015,Driver_11014,31,1,North,95.3,Excellent
911016,Driver_11015,52,9,North,60.8,Average
911017,Driver_11016,44,4,South,92.0,Excellent
911018,Driver_11017,57,7,Central,63.2,Average
911019,Driver_11018,22,22,North,97.9,Excellent
911020,Driver_11019,52,15,West,96.8,Excellent
911021,Driver_11020,35,3,East,66.1,Average
911022,Driver_11021,47,14,Central,57.9,Low
911023,Driver_11022,60,20,North,56.2,Low
911024,Driver_11023,27,2,South,66.7,Average
911025,Driver_11024,55,21,South,98.9,Excellent
911026,Driver_11025,45,2,South,78.5,Good
911027,Driver_11026,45,22,South,53.4,Low
911028,Driver_11027,47,10,North,54.3,Low
911029,Driver_11028,24,14,South,77.5,Good
911030,Driver_11029,24,12,South,79.2,Good
911031,Driver_11030,23,30,North,84.2,Good
911032,Driver_11031,62,2,East,62.2,Average
911033,Driver_11032,33,8,Central,83.2,Good
911034,Driver_11033,47,28,East,99.8,Excellent
911035,Driver_11034,54,8,Central,66.9,Average
911036,Driver_11035,29,23,Central,79.4,Good
911037,Driver_11036,60,1,West,80.7,Good
911038,Driver_11037,36,8,North,61.7,Average
911039,Driver_11038,41,0,East,97.6,Excellent
911040,Driver_11039,46,6,East,90.1,Excellent
911041,Driver_11040,58,15,North,61.3,Average
911042,Driver_11041,42,0,South,60.1,Average
911043,Driver_11042,52,18,West,91.2,Excellent
911044,Driver_11043,55,10,North,95.9,Excellent
911045,Driver_11044,21,4,North,88.5,Good
911046,Driver_11045,50,2,East,87.4,Good
911047,Driver_11046,33,13,North,65.4,Average
911048,Driver_11047,38,2,North,92.4,Excellent
911049,Driver_11048,31,9,West,68.9,Average
911050,Driver_11049,36,28,Central,59.8,Low
911051,Driver_11050,39,4,East,67.4,Average
911052,Driver_11051,63,19,East,50.4,Low
911053,Driver_11052,26,18,West,69.6,Average
911054,Driver_11053,32,17,West,97.6,Excellent
911055,Driver_11054,48,4,North,77.4,Good
911056,Driver_11055,54,6,West,94.4,Excellent
911057,Driver_11056,45,7,North,84.6,Good
911058,Driver_11057,58,17,South,97.8,Excellent
911059,Driver_11058,32,23,Central,69.2,Average
911060,Driver_11059,24,15,West,68.7,Average
911061,Driver_11060,21,25,West,56.5,Low
911062,Driver_11061,42,28,East,90.5,Excellent
911063,Driver_11062,30,21,South,56.8,Low
911064,Driver_11063,54,16,East,51.8,Low
911065,Driver_11064,46,20,East,57.2,Low
911066,Driver_11065,51,13,South,89.7,Good
911067,Driver_11066,48,27,Central,77.5,Good
911068,Driver_11067,47,14,East,97.3,Excellent
911069,Driver_11068,28,1,East,95.3,Excellent
911070,Driver_11069,60,22,East,50.4,Low
911071,Driver_11070,59,14,West,50.2,Low
911072,Driver_11071,61,6,West,68.7,Average
911073,Driver_11072,29,5,Central,82.4,Good
911074,Driver_11073,34,17,East,71.6,Average
911075,Driver_11074,38,24,Central,93.7,Excellent
911076,Driver_11075,31,11,North,82.9,Good
911077,Driver_11076,35,3,West,98.8,Excellent
911078,Driver_11077,42,4,South,98.8,Excellent
911079,Driver_11078,39,12,West,88.9,Good
911080,Driver_11079,40,18,West,62.1,Average
911081,Driver_11080,21,29,North,57.5,Low
911082,Driver_11081,55,14,North,70.3,Average
911083,Driver_11082,25,18,South,99.6,Excellent
911084,Driver_11083,34,26,West,86.1,Good
911085,Driver_11084,28,22,East,65.6,Average
911086,Driver_11085,34,0,Central,50.7,Low
911087,Driver_11086,47,28,East,92.5,Excellent
911088,Driver_11087,52,8,North,92.8,Excellent
911089,Driver_11088,50,22,South,60.2,Average
911090,Driver_11089,26,19,North,74.4,Average
911091,Driver_11090,47,18,Central,59.8,Low
911092,Driver_11091,56,16,Central,84.2,Good
911093,Driver_11092,35,10,East,67.4,Average
911094,Driver_11093,34,8,West,64.9,Average
911095,Driver_11094,62,5,Central,73.7,Average
911096,Driver_11095,21,19,West,76.1,Good
911097,Driver_11096,47,19,West,56.3,Low
911098,Driver_11097,34,26,West,53.5,Low
911099,Driver_11098,49,2,Central,83.2,Good
911100,Driver_11099,23,30,South,93.9,Excellent
911101,Driver_11100,34,1,South,85.8,Good
911102,Driver_11101,49,9,South,98.0,Excellent
911103,Driver_11102,50,17,South,95.7,Excellent
911104,Driver_11103,61,19,North,98.4,Excellent
911105,Driver_11104,59,18,West,56.4,Low
911106,Driver_11105,28,20,North,60.8,Average
911107,Driver_11106,58,14,Central,81.2,Good
911108,Driver_11107,62,30,North,52.8,Low
911109,Driver_11108,63,29,Central,66.4,Average
911110,Driver_11109,21,16,West,94.0,Excellent
911111,Driver_11110,31,23,West,62.1,Average
911112,Driver_11111,24,29,East,85.5,Good
911113,Driver_11112,60,10,West,63.8,Average
911114,Driver_11113,50,1,South,66.1,Average
911115,Driver_11114,33,9,North,53.4,Low
911116,Driver_11115,59,4,East,78.3,Good
911117,Driver_11116,21,7,North,77.0,Good
911118,Driver_11117,28,16,South,58.0,Low
911119,Driver_11118,45,15,Central,96.4,Excellent
911120,Driver_11119,58,20,South,90.2,Excellent
911121,Driver_11120,32,29,West,50.3,Low
911122,Driver_11121,39,3,Central,92.1,Excellent
911123,Driver_11122,59,4,East,58.2,Low
911124,Driver_11123,49,30,South,55.3,Low
911125,Driver_11124,49,24,West,76.9,Good
911126,Driver_11125,45,11,Central,76.5,Good
911127,Driver_11126,58,6,West,68.8,Average
911128,Driver_11127,61,18,East,78.5,Good
911129,Driver_11128,51,3,South,54.0,Low
911130,Driver_11129,33,1,East,59.9,Low
911131,Driver_11130,63,27,East,68.4,Average
911132,Driver_11131,50,17,North,77.6,Good
911133,Driver_11132,24,8,Central,74.9,Average
911134,Driver_11133,45,7,South,55.4,Low
911135,Driver_11134,53,25,West,63.4,Average
911136,Driver_11135,35,21,South,86.1,Good
911137,Driver_11136,58,27,West,57.2,Low
911138,Driver_11137,24,11,Central,58.7,Low
911139,Driver_11138,22,10,South,61.6,Average
911140,Driver_11139,56,18,Central,61.6,Average
911141,Driver_11140,35,14,North,59.3,Low
911142,Driver_11141,27,28,South,71.9,Average
911143,Driver_11142,45,8,North,70.6,Average
911144,Driver_11143,44,23,West,91.3,Excellent
911145,Driver_11144,40,15,South,90.2,Excellent
911146,Driver_11145,52,9,Central,74.0,Average
911147,Driver_11146,39,14,East,86.3,Good
911148,Driver_11147,39,4,North,77.3,Good
911149,Driver_11148,61,8,West,97.0,Excellent
911150,Driver_11149,44,14,East,99.1,Excellent
911151,Driver_11150,25,30,North,68.6,Average
911152,Driver_11151,28,16,West,72.5,Average
911153,Driver_11152,35,4,South,56.2,Low
911154,Driver_11153,23,7,North,51.8,Low
911155,Driver_11154,52,12,North,94.7,Excellent
911156,Driver_11155,21,0,West,82.9,Good
911157,Driver_11156,21,2,East,55.4,Low
911158,Driver_11157,37,22,Central,68.4,Average
911159,Driver_11158,48,6,East,85.1,Good
911160,Driver_11159,37,2,South,80.7,Good
911161,Driver_11160,28,20,North,69.5,Average
911162,Driver_11161,53,18,South,50.1,Low
911163,Driver_11162,57,18,East,90.1,Excellent
911164,Driver_11163,35,14,Central,76.8,Good
911165,Driver_11164,42,11,South,61.0,Average
911166,Driver_11165,61,19,South,86.1,Good
911167,Driver_11166,32,22,West,64.2,Average
911168,Driver_11167,42,12,East,70.6,Average
911169,Driver_11168,57,28,North,70.4,Average
911170,Driver_11169,59,17,South,55.4,Low
911171,Driver_11170,38,20,West,86.0,Good
911172,Driver_11171,53,30,North,63.8,Average
911173,Driver_11172,57,0,East,62.5,Average
911174,Driver_11173,34,27,West,60.4,Average
911175,Driver_11174,60,9,Central,52.1,Low
911176,Driver_11175,25,19,South,83.8,Good
911177,Driver_11176,59,17,Central,95.1,Excellent
911178,Driver_11177,28,9,Central,96.9,Excellent
911179,Driver_11178,44,6,East,89.7,Good
911180,Driver_11179,58,6,South,57.4,Low
911181,Driver_11180,63,22,East,91.4,Excellent
911182,Driver_11181,55,9,Central,59.6,Low
911183,Driver_11182,22,17,South,83.1,Good
911184,Driver_11183,36,13,Central,97.1,Excellent
911185,Driver_11184,59,20,South,65.5,Average
911186,Driver_11185,45,4,Central,92.3,Excellent
911187,Driver_11186,63,4,West,63.5,Average
911188,Driver_11187,40,11,Central,78.5,Good
911189,Driver_11188,48,29,South,72.7,Average
911190,Driver_11189,46,10,Central,82.8,Good
911191,Driver_11190,51,14,South,85.5,Good
911192,Driver_11191,50,16,West,68.6,Average
911193,Driver_11192,55,11,North,51.2,Low
911194,Driver_11193,28,13,North,95.6,Excellent
911195,Driver_11194,43,15,East,65.2,Average
911196,Driver_11195,57,10,South,63.8,Average
911197,Driver_11196,60,22,North,94.1,Excellent
911198,Driver_11197,25,18,West,96.1,Excellent
911199,Driver_11198,25,20,South,97.7,Excellent
911200,Driver_11199,38,10,East,88.5,Good
911201,Driver_11200,31,18,North,63.8,Average
911202,Driver_11201,57,27,Central,57.5,Low
911203,Driver_11202,29,8,South,78.1,Good
911204,Driver_11203,21,2,Central,89.2,Good
911205,Driver_11204,49,6,Central,72.5,Average
911206,Driver_11205,54,13,East,61.6,Average
911207,Driver_11206,45,22,West,66.1,Average
911208,Driver_11207,44,22,South,68.3,Average
911209,Driver_11208,56,18,East,96.6,Excellent
911210,Driver_11209,54,17,West,66.3,Average
911211,Driver_11210,40,8,North,65.1,Average
911212,Driver_11211,56,16,East,57.7,Low
911213,Driver_11212,49,10,East,82.8,Good
911214,Driver_11213,35,2,Central,57.9,Low
911215,Driver_11214,29,22,East,100.0,Excellent
911216,Driver_11215,48,8,North,90.6,Excellent
911217,Driver_11216,26,17,North,69.8,Average
911218,Driver_11217,35,28,South,67.9,Average
911219,Driver_11218,31,15,Central,59.7,Low
911220,Driver_11219,60,24,East,96.5,Excellent
911221,Driver_11220,29,27,East,82.9,Good
911222,Driver_11221,25,18,North,73.8,Average
911223,Driver_11222,50,26,East,70.7,Average
911224,Driver_11223,49,24,East,91.5,Excellent
911225,Driver_11224,60,6,South,96.5,Excellent
911226,Driver_11225,29,22,East,53.0,Low
911227,Driver_11226,60,9,North,84.9,Good
911228,Driver_11227,56,25,West,56.4,Low
911229,Driver_11228,32,7,West,79.5,Good
911230,Driver_11229,54,15,West,95.8,Excellent
911231,Driver_11230,50,29,East,75.0,Average
911232,Driver_11231,25,25,West,70.2,Average
911233,Driver_11232,48,27,North,51.8,Low
911234,Driver_11233,24,17,East,92.3,Excellent
911235,Driver_11234,28,15,West,88.9,Good
911236,Driver_11235,29,25,East,93.6,Excellent
911237,Driver_11236,55,19,Central,79.3,Good
911238,Driver_11237,39,28,East,85.6,Good
911239,Driver_11238,26,12,East,94.0,Excellent
911240,Driver_11239,56,8,East,55.3,Low
911241,Driver_11240,56,27,East,82.3,Good
911242,Driver_11241,56,7,East,55.1,Low
911243,Driver_11242,61,1,South,70.8,Average
911244,Driver_11243,45,0,East,73.5,Average
911245,Driver_11244,52,6,West,56.8,Low
911246,Driver_11245,39,25,North,63.4,Average
911247,Driver_11246,22,11,West,68.7,Average
911248,Driver_11247,49,7,North,91.1,Excellent
911249,Driver_11248,32,29,West,86.3,Good
911250,Driver_11249,22,24,Central,87.2,Good
911251,Driver_11250,28,8,Central,55.6,Low
911252,Driver_11251,43,30,West,88.9,Good
911253,Driver_11252,48,3,West,83.6,Good
911254,Driver_11253,52,18,South,53.8,Low
911255,Driver_11254,61,8,North,56.8,Low
911256,Driver_11255,31,8,South,95.2,Excellent
911257,Driver_11256,29,0,West,86.9,Good
911258,Driver_11257,24,3,South,88.6,Good
911259,Driver_11258,62,1,West,76.3,Good
911260,Driver_11259,56,22,Central,73.0,Average
911261,Driver_11260,43,14,West,95.3,Excellent
911262,Driver_11261,62,10,South,69.9,Average
911263,Driver_11262,49,12,Central,51.9,Low
911264,Driver_11263,39,2,Central,79.4,Good
911265,Driver_11264,21,0,West,50.1,Low
911266,Driver_11265,26,6,North,62.6,Average
911267,Driver_11266,50,3,South,54.6,Low
911268,Driver_11267,53,23,South,76.3,Good
911269,Driver_11268,30,7,East,66.3,Average
911270,Driver_11269,35,6,North,76.3,Good
911271,Driver_11270,34,9,North,84.2,Good
911272,Driver_11271,51,30,North,88.1,Good
911273,Driver_11272,47,4,West,84.7,Good
911274,Driver_11273,33,10,Central,62.6,Average
911275,Driver_11274,56,8,North,81.7,Good
911276,Driver_11275,51,29,East,92.8,Excellent
911277,Driver_11276,40,8,Central,81.7,Good
911278,Driver_11277,63,26,Central,82.5,Good
911279,Driver_11278,59,21,West,78.4,Good
911280,Driver_11279,26,27,East,97.0,Excellent
911281,Driver_11280,37,2,West,60.5,Average
911282,Driver_11281,58,5,Central,79.8,Good
911283,Driver_11282,51,15,North,100.0,Excellent
911284,Driver_11283,50,4,East,67.8,Average
911285,Driver_11284,60,30,North,85.7,Good
911286,Driver_11285,37,19,East,71.7,Average
911287,Driver_11286,53,21,West,61.1,Average
911288,Driver_11287,57,3,West,76.3,Good
911289,Driver_11288,41,29,South,56.0,Low
911290,Driver_11289,27,20,North,85.1,Good
911291,Driver_11290,56,7,South,82.8,Good
911292,Driver_11291,22,4,South,50.3,Low
911293,Driver_11292,61,24,East,82.3,Good
911294,Driver_11293,24,14,East,97.5,Excellent
911295,Driver_11294,21,14,West,92.0,Excellent
911296,Driver_11295,37,26,North,59.4,Low
911297,Driver_11296,42,4,Central,73.0,Average
911298,Driver_11297,45,24,West,75.0,Average
911299,Driver_11298,29,19,West,91.1,Excellent
911300,Driver_11299,57,9,West,80.5,Good
911301,Driver_11300,22,15,North,90.1,Excellent
911302,Driver_11301,54,18,Central,98.3,Excellent
911303,Driver_11302,48,6,West,64.3,Average
911304,Driver_11303,37,14,West,63.7,Average
911305,Driver_11304,52,24,South,79.5,Good
911306,Driver_11305,25,19,Central,66.7,Average
911307,Driver_11306,36,10,Central,58.9,Low
911308,Driver_11307,31,13,North,61.6,Average
911309,Driver_11308,21,19,East,57.5,Low
911310,Driver_11309,41,6,East,70.8,Average
911311,Driver_11310,62,4,Central,88.7,Good
911312,Driver_11311,38,8,North,55.4,Low
911313,Driver_11312,53,7,South,87.1,Good
911314,Driver_11313,39,14,South,95.7,Excellent
911315,Driver_11314,58,3,Central,82.1,Good
911316,Driver_11315,63,5,West,99.6,Excellent
911317,Driver_11316,21,22,West,52.8,Low
911318,Driver_11317,62,1,Central,79.3,Good
911319,Driver_11318,62,29,Central,71.8,Average
911320,Driver_11319,49,1,South,66.4,Average
911321,Driver_11320,30,14,East,97.6,Excellent
911322,Driver_11321,31,10,South,86.1,Good
911323,Driver_11322,36,10,North,92.6,Excellent
911324,Driver_11323,37,5,Central,78.6,Good
911325,Driver_11324,21,11,East,95.2,Excellent
911326,Driver_11325,31,28,East,95.8,Excellent
911327,Driver_11326,39,21,Central,97.1,Excellent
911328,Driver_11327,42,7,Central,54.2,Low
911329,Driver_11328,44,5,South,83.8,Good
911330,Driver_11329,34,2,East,78.5,Good
911331,Driver_11330,62,18,North,71.7,Average
911332,Driver_11331,26,2,South,58.7,Low
911333,Driver_11332,59,26,Central,82.7,Good
911334,Driver_11333,35,23,East,70.4,Average
911335,Driver_11334,31,19,East,96.8,Excellent
911336,Driver_11335,37,10,West,58.2,Low
911337,Driver_11336,43,1,East,98.6,Excellent
911338,Driver_11337,62,3,South,68.8,Average
911339,Driver_11338,55,27,South,90.9,Excellent
911340,Driver_11339,29,2,West,81.3,Good
911341,Driver_11340,28,23,East,87.0,Good
911342,Driver_11341,39,26,East,85.9,Good
911343,Driver_11342,56,26,South,85.7,Good
911344,Driver_11343,42,2,South,72.8,Average
911345,Driver_11344,60,6,North,62.5,Average
911346,Driver_11345,23,25,East,96.1,Excellent
911347,Driver_11346,29,8,South,61.6,Average
911348,Driver_11347,22,2,Central,85.0,Good
911349,Driver_11348,35,8,Central,91.8,Excellent
911350,Driver_11349,54,1,South,51.1,Low
911351,Driver_11350,60,13,South,80.7,Good
911352,Driver_11351,43,6,North,60.0,Low
911353,Driver_11352,31,8,East,83.9,Good
911354,Driver_11353,39,3,South,93.3,Excellent
911355,Driver_11354,42,26,North,87.2,Good
911356,Driver_11355,32,2,South,87.9,Good
911357,Driver_11356,24,14,South,77.0,Good
911358,Driver_11357,39,21,West,76.4,Good
911359,Driver_11358,37,18,South,68.4,Average
911360,Driver_11359,55,9,North,60.4,Average
911361,Driver_11360,56,4,North,72.9,Average
911362,Driver_11361,34,13,Central,77.4,Good
911363,Driver_11362,63,19,West,93.1,Excellent
911364,Driver_11363,23,17,South,79.3,Good
911365,Driver_11364,49,4,North,61.7,Average
911366,Driver_11365,52,5,Central,91.9,Excellent
911367,Driver_11366,26,0,East,72.8,Average
911368,Driver_11367,41,12,Central,90.2,Excellent
911369,Driver_11368,26,23,South,80.2,Good
911370,Driver_11369,42,16,South,89.2,Good
911371,Driver_11370,31,28,Central,98.5,Excellent
911372,Driver_11371,26,28,North,81.9,Good
911373,Driver_11372,24,28,West,54.4,Low
911374,Driver_11373,45,24,West,94.3,Excellent
911375,Driver_11374,47,17,East,80.3,Good
911376,Driver_11375,58,17,Central,68.2,Average
911377,Driver_11376,29,5,West,84.1,Good
911378,Driver_11377,47,21,Central,82.4,Good
911379,Driver_11378,48,4,North,57.7,Low
911380,Driver_11379,36,5,North,84.9,Good
911381,Driver_11380,34,7,West,59.1,Low
911382,Driver_11381,56,9,East,75.4,Good
911383,Driver_11382,26,1,West,82.2,Good
911384,Driver_11383,55,8,North,58.2,Low
911385,Driver_11384,52,10,East,83.9,Good
911386,Driver_11385,55,0,South,74.8,Average
911387,Driver_11386,61,20,East,52.6,Low
911388,Driver_11387,39,27,Central,71.2,Average
911389,Driver_11388,26,3,South,93.0,Excellent
911390,Driver_11389,39,3,South,63.8,Average
911391,Driver_11390,51,1,West,99.3,Excellent
911392,Driver_11391,26,6,South,67.1,Average
911393,Driver_11392,53,15,East,68.0,Average
911394,Driver_11393,21,21,North,72.8,Average
911395,Driver_11394,48,17,Central,94.6,Excellent
911396,Driver_11395,35,28,West,55.4,Low
911397,Driver_11396,29,3,South,94.0,Excellent
911398,Driver_11397,25,24,Central,69.4,Average
911399,Driver_11398,29,2,West,62.8,Average
911400,Driver_11399,36,11,South,60.1,Average
911401,Driver_11400,43,14,East,86.6,Good
911402,Driver_11401,30,14,North,76.1,Good
911403,Driver_11402,57,20,East,90.3,Excellent
911404,Driver_11403,63,14,East,90.6,Excellent
911405,Driver_11404,23,10,West,94.8,Excellent
911406,Driver_11405,26,11,East,58.6,Low
911407,Driver_11406,32,6,East,87.0,Good
911408,Driver_11407,48,16,West,56.2,Low
911409,Driver_11408,58,3,North,77.7,Good
911410,Driver_11409,35,7,East,50.0,Low
911411,Driver_11410,56,12,South,62.4,Average
911412,Driver_11411,30,27,West,58.2,Low
911413,Driver_11412,39,18,West,98.5,Excellent
911414,Driver_11413,61,18,South,97.9,Excellent
911415,Driver_11414,43,10,North,74.1,Average
911416,Driver_11415,55,22,West,90.6,Excellent
911417,Driver_11416,21,3,North,78.8,Good
911418,Driver_11417,50,17,West,64.2,Average
911419,Driver_11418,34,1,Central,100.0,Excellent
911420,Driver_11419,42,8,North,69.8,Average
911421,Driver_11420,33,5,East,76.0,Good
911422,Driver_11421,29,13,West,65.4,Average
911423,Driver_11422,54,29,West,90.1,Excellent
911424,Driver_11423,53,11,West,94.2,Excellent
911425,Driver_11424,63,17,North,72.0,Average
911426,Driver_11425,34,26,North,69.5,Average
911427,Driver_11426,33,24,East,89.2,Good
911428,Driver_11427,40,7,Central,74.6,Average
911429,Driver_11428,49,2,South,62.5,Average
911430,Driver_11429,57,19,South,59.3,Low
911431,Driver_11430,50,30,East,62.9,Average
911432,Driver_11431,43,4,East,54.8,Low
911433,Driver_11432,35,27,Central,66.1,Average
911434,Driver_11433,56,24,North,66.3,Average
911435,Driver_11434,31,14,South,95.6,Excellent
911436,Driver_11435,44,13,North,82.2,Good
911437,Driver_11436,43,20,North,81.1,Good
911438,Driver_11437,21,17,Central,56.0,Low
911439,Driver_11438,52,19,North,70.0,Average
911440,Driver_11439,33,30,South,94.9,Excellent
911441,Driver_11440,44,19,Central,89.4,Good
911442,Driver_11441,34,20,North,91.7,Excellent
911443,Driver_11442,22,18,South,61.8,Average
911444,Driver_11443,32,11,North,64.1,Average
911445,Driver_11444,34,12,West,94.1,Excellent
911446,Driver_11445,61,12,West,54.3,Low
911447,Driver_11446,57,15,Central,63.0,Average
911448,Driver_11447,34,7,Central,62.9,Average
911449,Driver_11448,53,14,East,99.6,Excellent
911450,Driver_11449,30,5,South,79.8,Good
911451,Driver_11450,28,5,South,99.5,Excellent
911452,Driver_11451,42,21,Central,76.3,Good
911453,Driver_11452,53,22,North,93.8,Excellent
911454,Driver_11453,25,17,Central,68.2,Average
911455,Driver_11454,21,10,East,90.7,Excellent
911456,Driver_11455,32,0,Central,90.8,Excellent
911457,Driver_11456,35,17,West,64.8,Average
911458,Driver_11457,51,6,North,83.4,Good
911459,Driver_11458,53,24,West,58.2,Low
911460,Driver_11459,58,30,North,80.1,Good
911461,Driver_11460,21,28,South,94.2,Excellent
911462,Driver_11461,31,25,West,63.8,Average
911463,Driver_11462,57,19,North,54.8,Low
911464,Driver_11463,34,23,South,76.0,Good
911465,Driver_11464,36,27,Central,86.8,Good
911466,Driver_11465,46,17,South,67.8,Average
911467,Driver_11466,55,28,Central,71.5,Average
911468,Driver_11467,60,17,South,75.8,Good
911469,Driver_11468,42,25,Central,90.5,Excellent
911470,Driver_11469,56,29,South,66.5,Average
911471,Driver_11470,60,9,South,69.5,Average
911472,Driver_11471,34,2,Central,75.8,Good
911473,Driver_11472,60,21,East,86.1,Good
911474,Driver_11473,49,22,Central,53.5,Low
911475,Driver_11474,45,24,North,75.2,Good
911476,Driver_11475,31,8,West,79.3,Good
911477,Driver_11476,30,20,South,90.5,Excellent
911478,Driver_11477,62,2,North,87.9,Good
911479,Driver_11478,47,12,South,77.0,Good
911480,Driver_11479,43,13,West,87.7,Good
911481,Driver_11480,62,10,East,52.9,Low
911482,Driver_11481,44,12,East,72.4,Average
911483,Driver_11482,24,18,South,77.0,Good
911484,Driver_11483,44,15,East,79.7,Good
911485,Driver_11484,43,8,North,74.7,Average
911486,Driver_11485,55,10,North,54.2,Low
911487,Driver_11486,55,20,South,97.8,Excellent
911488,Driver_11487,23,15,Central,65.5,Average
911489,Driver_11488,33,2,East,83.5,Good
911490,Driver_11489,38,8,West,90.8,Excellent
911491,Driver_11490,34,0,East,51.4,Low
911492,Driver_11491,38,10,West,80.8,Good
911493,Driver_11492,63,11,West,75.2,Good
911494,Driver_11493,28,5,South,69.5,Average
911495,Driver_11494,53,21,South,69.6,Average
911496,Driver_11495,62,5,South,71.6,Average
911497,Driver_11496,21,22,North,78.5,Good
911498,Driver_11497,51,9,Central,59.4,Low
911499,Driver_11498,56,6,South,59.3,Low
911500,Driver_11499,43,17,West,51.0,Low
911501,Driver_11500,55,26,North,50.6,Low
911502,Driver_11501,21,9,West,69.0,Average
911503,Driver_11502,40,16,South,94.0,Excellent
911504,Driver_11503,27,24,North,53.3,Low
911505,Driver_11504,29,18,Central,87.5,Good
911506,Driver_11505,29,16,Central,80.0,Good
911507,Driver_11506,24,3,Central,70.4,Average
911508,Driver_11507,26,10,Central,50.0,Low
911509,Driver_11508,35,6,West,73.2,Average
911510,Driver_11509,55,11,East,59.1,Low
911511,Driver_11510,35,29,North,61.1,Average
911512,Driver_11511,61,13,East,66.1,Average
911513,Driver_11512,48,8,Central,99.9,Excellent
911514,Driver_11513,45,1,North,67.4,Average
911515,Driver_11514,52,15,East,92.4,Excellent
911516,Driver_11515,47,16,North,64.0,Average
911517,Driver_11516,50,13,West,79.8,Good
911518,Driver_11517,25,9,South,87.7,Good
911519,Driver_11518,62,20,South,93.3,Excellent
911520,Driver_11519,45,18,West,89.1,Good
911521,Driver_11520,52,2,Central,85.5,Good
911522,Driver_11521,27,8,North,73.5,Average
911523,Driver_11522,45,28,South,91.0,Excellent
911524,Driver_11523,21,26,South,54.8,Low
911525,Driver_11524,24,3,North,95.4,Excellent
911526,Driver_11525,26,1,North,66.9,Average
911527,Driver_11526,52,9,Central,84.8,Good
911528,Driver_11527,52,12,South,68.3,Average
911529,Driver_11528,23,22,West,84.9,Good
911530,Driver_11529,59,5,South,84.3,Good
911531,Driver_11530,51,17,Central,53.3,Low
911532,Driver_11531,42,8,South,62.0,Average
911533,Driver_11532,21,8,East,58.3,Low
911534,Driver_11533,63,28,North,91.7,Excellent
911535,Driver_11534,54,6,East,71.4,Average
911536,Driver_11535,35,18,West,59.2,Low
911537,Driver_11536,24,10,North,56.1,Low
911538,Driver_11537,29,29,West,53.7,Low
911539,Driver_11538,40,22,East,54.9,Low
911540,Driver_11539,27,0,South,74.5,Average
911541,Driver_11540,58,1,West,63.6,Average
911542,Driver_11541,25,30,South,64.6,Average
911543,Driver_11542,34,5,Central,63.1,Average
911544,Driver_11543,26,24,East,61.2,Average
911545,Driver_11544,49,17,South,58.7,Low
911546,Driver_11545,23,18,East,57.5,Low
911547,Driver_11546,63,24,South,76.4,Good
911548,Driver_11547,40,7,West,65.1,Average
911549,Driver_11548,56,18,West,97.5,Excellent
911550,Driver_11549,61,23,East,67.5,Average
911551,Driver_11550,42,8,East,77.4,Good
911552,Driver_11551,49,2,North,73.6,Average
911553,Driver_11552,23,5,South,86.9,Good
911554,Driver_11553,51,3,North,52.2,Low
911555,Driver_11554,45,27,South,64.9,Average
911556,Driver_11555,62,6,West,75.3,Good
911557,Driver_11556,23,7,Central,60.8,Average
911558,Driver_11557,55,24,North,82.9,Good
911559,Driver_11558,37,1,West,94.3,Excellent
911560,Driver_11559,25,12,East,98.8,Excellent
911561,Driver_11560,35,22,West,99.1,Excellent
911562,Driver_11561,50,12,North,85.3,Good
911563,Driver_11562,56,11,East,58.4,Low
911564,Driver_11563,38,18,East,69.6,Average
911565,Driver_11564,62,8,West,60.4,Average
911566,Driver_11565,33,16,South,77.1,Good
911567,Driver_11566,32,13,North,69.7,Average
911568,Driver_11567,38,16,South,75.9,Good
911569,Driver_11568,30,10,West,96.0,Excellent
911570,Driver_11569,51,10,East,65.2,Average
911571,Driver_11570,59,12,North,94.5,Excellent
911572,Driver_11571,45,30,Central,66.1,Average
911573,Driver_11572,29,30,North,85.9,Good
911574,Driver_11573,41,28,Central,96.0,Excellent
911575,Driver_11574,59,26,East,87.9,Good
911576,Driver_11575,46,21,Central,70.4,Average
911577,Driver_11576,23,25,East,52.9,Low
911578,Driver_11577,46,13,West,81.8,Good
911579,Driver_11578,33,10,South,85.7,Good
911580,Driver_11579,35,1,East,70.0,Average
911581,Driver_11580,58,18,South,59.2,Low
911582,Driver_11581,61,21,East,85.5,Good
911583,Driver_11582,48,14,North,83.9,Good
911584,Driver_11583,60,20,South,75.6,Good
911585,Driver_11584,28,30,South,56.5,Low
911586,Driver_11585,38,10,North,96.4,Excellent
911587,Driver_11586,23,26,East,52.6,Low
911588,Driver_11587,43,1,North,83.4,Good
911589,Driver_11588,31,11,West,79.4,Good
911590,Driver_11589,38,12,West,93.0,Excellent
911591,Driver_11590,44,16,South,71.3,Average
911592,Driver_11591,31,13,East,60.9,Average
911593,Driver_11592,36,4,North,75.0,Average
911594,Driver_11593,35,13,South,86.5,Good
911595,Driver_11594,42,2,South,54.4,Low
911596,Driver_11595,46,23,West,67.9,Average
911597,Driver_11596,27,22,South,70.2,Average
911598,Driver_11597,46,14,East,67.3,Average
911599,Driver_11598,24,29,Central,82.7,Good
911600,Driver_11599,60,5,North,89.7,Good
911601,Driver_11600,42,22,South,58.2,Low
911602,Driver_11601,32,25,West,51.8,Low
911603,Driver_11602,29,6,South,70.8,Average
911604,Driver_11603,32,23,West,90.7,Excellent
911605,Driver_11604,32,26,South,78.6,Good
911606,Driver_11605,48,22,North,88.9,Good
911607,Driver_11606,24,17,South,57.1,Low
911608,Driver_11607,21,29,West,71.4,Average
911609,Driver_11608,54,0,North,75.8,Good
911610,Driver_11609,59,5,East,87.7,Good
911611,Driver_11610,31,9,South,94.4,Excellent
911612,Driver_11611,41,15,West,54.8,Low
911613,Driver_11612,22,27,North,83.5,Good
911614,Driver_11613,54,20,East,57.7,Low
911615,Driver_11614,54,5,South,78.6,Good
911616,Driver_11615,22,26,Central,55.2,Low
911617,Driver_11616,39,11,North,77.8,Good
911618,Driver_11617,33,29,East,60.3,Average
911619,Driver_11618,42,12,West,95.4,Excellent
911620,Driver_11619,53,3,South,67.9,Average
911621,Driver_11620,44,17,West,68.0,Average
911622,Driver_11621,34,8,South,63.4,Average
911623,Driver_11622,32,14,South,97.3,Excellent
911624,Driver_11623,29,4,West,72.5,Average
911625,Driver_11624,59,7,East,73.3,Average
911626,Driver_11625,60,27,North,54.7,Low
911627,Driver_11626,63,29,South,69.9,Average
911628,Driver_11627,24,3,Central,96.5,Excellent
911629,Driver_11628,27,13,Central,50.4,Low
911630,Driver_11629,44,25,East,67.9,Average
911631,Driver_11630,34,6,Central,86.4,Good
911632,Driver_11631,27,21,East,96.7,Excellent
911633,Driver_11632,37,0,West,58.8,Low
911634,Driver_11633,33,20,Central,77.8,Good
911635,Driver_11634,41,29,North,81.9,Good
911636,Driver_11635,46,1,Central,83.9,Good
911637,Driver_11636,27,2,East,81.0,Good
911638,Driver_11637,56,7,West,88.8,Good
911639,Driver_11638,53,16,West,57.5,Low
911640,Driver_11639,23,2,South,67.3,Average
911641,Driver_11640,31,27,South,73.9,Average
911642,Driver_11641,35,21,East,78.8,Good
911643,Driver_11642,32,3,North,51.1,Low
911644,Driver_11643,26,6,North,52.5,Low
911645,Driver_11644,62,8,East,56.3,Low
911646,Driver_11645,62,20,North,74.2,Average
911647,Driver_11646,59,5,West,62.5,Average
911648,Driver_11647,36,4,North,59.0,Low
911649,Driver_11648,60,25,East,78.4,Good
911650,Driver_11649,47,28,Central,59.2,Low
911651,Driver_11650,62,17,West,75.9,Good
911652,Driver_11651,44,9,Central,80.3,Good
911653,Driver_11652,32,25,Central,71.1,Average
911654,Driver_11653,40,14,North,84.3,Good
911655,Driver_11654,27,29,West,54.4,Low
911656,Driver_11655,48,20,West,78.2,Good
911657,Driver_11656,49,18,Central,73.6,Average
911658,Driver_11657,32,26,Central,71.0,Average
911659,Driver_11658,50,30,East,52.4,Low
911660,Driver_11659,34,16,North,68.4,Average
911661,Driver_11660,55,10,Central,90.4,Excellent
911662,Driver_11661,41,29,West,94.8,Excellent
911663,Driver_11662,34,6,North,63.2,Average
911664,Driver_11663,53,15,North,91.4,Excellent
911665,Driver_11664,60,15,South,56.2,Low
911666,Driver_11665,54,16,South,96.6,Excellent
911667,Driver_11666,57,23,East,80.5,Good
911668,Driver_11667,52,7,North,69.6,Average
911669,Driver_11668,28,20,West,86.5,Good
911670,Driver_11669,29,7,East,95.5,Excellent
911671,Driver_11670,62,19,South,96.9,Excellent
911672,Driver_11671,49,28,Central,86.7,Good
911673,Driver_11672,51,13,North,78.0,Good
911674,Driver_11673,50,25,Central,80.3,Good
911675,Driver_11674,54,27,South,55.1,Low
911676,Driver_11675,41,0,West,58.8,Low
911677,Driver_11676,47,5,East,95.6,Excellent
911678,Driver_11677,25,12,South,68.6,Average
911679,Driver_11678,61,8,West,95.4,Excellent
911680,Driver_11679,24,28,West,93.5,Excellent
911681,Driver_11680,23,22,West,80.9,Good
911682,Driver_11681,33,17,South,81.0,Good
911683,Driver_11682,47,24,South,50.2,Low
911684,Driver_11683,50,22,East,86.4,Good
911685,Driver_11684,43,23,Central,99.7,Excellent
911686,Driver_11685,26,12,North,76.8,Good
911687,Driver_11686,57,16,West,86.9,Good
911688,Driver_11687,63,21,Central,67.7,Average
911689,Driver_11688,42,14,South,77.7,Good
911690,Driver_11689,23,1,West,52.9,Low
911691,Driver_11690,38,7,East,71.8,Average
911692,Driver_11691,35,29,Central,79.0,Good
911693,Driver_11692,23,2,Central,65.0,Average
911694,Driver_11693,55,25,South,76.4,Good
911695,Driver_11694,62,30,East,90.8,Excellent
911696,Driver_11695,32,21,West,94.6,Excellent
911697,Driver_11696,32,3,East,85.3,Good
911698,Driver_11697,56,27,West,83.6,Good
911699,Driver_11698,57,5,North,98.9,Excellent
911700,Driver_11699,44,25,East,95.5,Excellent
911701,Driver_11700,26,3,Central,86.4,Good
911702,Driver_11701,32,17,North,79.1,Good
911703,Driver_11702,35,19,East,68.6,Average
911704,Driver_11703,35,23,East,93.5,Excellent
911705,Driver_11704,54,7,East,60.4,Average
911706,Driver_11705,31,1,West,77.7,Good
911707,Driver_11706,28,10,South,63.1,Average
911708,Driver_11707,59,8,Central,57.7,Low
911709,Driver_11708,33,12,Central,98.8,Excellent
911710,Driver_11709,49,19,North,71.4,Average
911711,Driver_11710,37,18,West,63.5,Average
911712,Driver_11711,41,12,North,92.0,Excellent
911713,Driver_11712,29,6,North,50.5,Low
911714,Driver_11713,21,11,North,70.7,Average
911715,Driver_11714,55,11,West,62.0,Average
911716,Driver_11715,27,22,West,78.7,Good
911717,Driver_11716,23,12,Central,80.4,Good
911718,Driver_11717,26,29,North,81.3,Good
911719,Driver_11718,24,22,West,67.1,Average
911720,Driver_11719,27,15,East,55.6,Low
911721,Driver_11720,59,1,East,60.5,Average
911722,Driver_11721,52,3,East,52.3,Low
911723,Driver_11722,57,9,Central,91.3,Excellent
911724,Driver_11723,27,10,South,71.6,Average
911725,Driver_11724,37,8,South,89.4,Good
911726,Driver_11725,29,26,South,65.3,Average
911727,Driver_11726,44,24,South,98.9,Excellent
911728,Driver_11727,48,9,East,99.6,Excellent
911729,Driver_11728,21,3,Central,65.2,Average
911730,Driver_11729,40,12,East,89.0,Good
911731,Driver_11730,59,3,North,98.8,Excellent
911732,Driver_11731,57,22,South,58.2,Low
911733,Driver_11732,41,28,South,85.2,Good
911734,Driver_11733,44,16,Central,80.9,Good
911735,Driver_11734,29,3,West,89.2,Good
911736,Driver_11735,37,3,Central,80.6,Good
911737,Driver_11736,43,18,North,50.8,Low
911738,Driver_11737,48,6,South,61.6,Average
911739,Driver_11738,61,20,North,83.0,Good
911740,Driver_11739,25,14,North,91.5,Excellent
911741,Driver_11740,31,2,North,96.6,Excellent
911742,Driver_11741,37,9,East,78.2,Good
911743,Driver_11742,59,17,North,78.3,Good
911744,Driver_11743,46,1,Central,69.1,Average
911745,Driver_11744,38,27,South,80.3,Good
911746,Driver_11745,60,16,North,81.7,Good
911747,Driver_11746,42,26,North,96.1,Excellent
911748,Driver_11747,25,27,North,86.5,Good
911749,Driver_11748,38,0,North,74.7,Average
911750,Driver_11749,60,4,West,72.0,Average
911751,Driver_11750,52,7,Central,63.4,Average
911752,Driver_11751,23,16,South,86.9,Good
911753,Driver_11752,32,27,West,71.0,Average
911754,Driver_11753,57,8,North,56.7,Low
911755,Driver_11754,29,3,West,55.4,Low
911756,Driver_11755,36,14,West,70.9,Average
911757,Driver_11756,30,2,East,64.8,Average
911758,Driver_11757,48,8,North,64.4,Average
911759,Driver_11758,30,1,Central,96.7,Excellent
911760,Driver_11759,62,14,West,88.8,Good
911761,Driver_11760,27,2,West,93.0,Excellent
911762,Driver_11761,63,5,North,90.1,Excellent
911763,Driver_11762,35,8,South,81.5,Good
911764,Driver_11763,33,3,North,89.3,Good
911765,Driver_11764,45,11,West,73.0,Average
911766,Driver_11765,53,27,Central,54.5,Low
911767,Driver_11766,33,25,East,62.4,Average
911768,Driver_11767,62,25,Central,97.9,Excellent
911769,Driver_11768,61,4,South,56.9,Low
911770,Driver_11769,54,3,North,57.3,Low
911771,Driver_11770,23,4,North,90.9,Excellent
911772,Driver_11771,59,20,East,57.9,Low
911773,Driver_11772,27,0,Central,96.6,Excellent
911774,Driver_11773,41,29,East,88.4,Good
911775,Driver_11774,31,28,East,75.0,Average
911776,Driver_11775,55,21,South,73.9,Average
911777,Driver_11776,23,0,Central,90.9,Excellent
911778,Driver_11777,47,29,West,85.6,Good
911779,Driver_11778,51,3,East,82.2,Good
911780,Driver_11779,57,13,East,78.6,Good
911781,Driver_11780,55,19,West,62.5,Average
911782,Driver_11781,36,10,Central,97.4,Excellent
911783,Driver_11782,56,19,East,57.9,Low
911784,Driver_11783,34,28,Central,86.4,Good
911785,Driver_11784,48,1,North,61.4,Average
911786,Driver_11785,36,4,West,90.1,Excellent
911787,Driver_11786,24,12,West,68.8,Average
911788,Driver_11787,24,13,West,75.0,Average
911789,Driver_11788,44,8,East,52.8,Low
911790,Driver_11789,61,23,Central,98.0,Excellent
911791,Driver_11790,55,23,South,61.0,Average
911792,Driver_11791,39,10,Central,79.9,Good
911793,Driver_11792,50,19,North,83.4,Good
911794,Driver_11793,58,28,North,90.5,Excellent
911795,Driver_11794,27,16,West,73.4,Average
911796,Driver_11795,61,27,East,52.0,Low
911797,Driver_11796,54,3,East,96.8,Excellent
911798,Driver_11797,30,20,West,100.0,Excellent
911799,Driver_11798,46,1,Central,51.4,Low
911800,Driver_11799,33,17,South,72.0,Average
911801,Driver_11800,39,9,West,88.8,Good
911802,Driver_11801,25,23,West,75.4,Good
911803,Driver_11802,55,21,South,73.8,Average
911804,Driver_11803,44,13,West,91.1,Excellent
911805,Driver_11804,53,13,East,59.0,Low
911806,Driver_11805,43,21,North,90.1,Excellent
911807,Driver_11806,22,11,East,83.4,Good
911808,Driver_11807,60,5,East,66.9,Average
911809,Driver_11808,50,10,South,55.8,Low
911810,Driver_11809,49,22,North,88.6,Good
911811,Driver_11810,63,7,South,100.0,Excellent
911812,Driver_11811,43,4,North,89.2,Good
911813,Driver_11812,24,18,West,67.9,Average
911814,Driver_11813,50,18,North,64.7,Average
911815,Driver_11814,40,4,North,75.2,Good
911816,Driver_11815,28,23,East,70.6,Average
911817,Driver_11816,50,24,East,52.4,Low
911818,Driver_11817,59,21,West,98.4,Excellent
911819,Driver_11818,39,1,South,89.3,Good
911820,Driver_11819,37,26,West,87.6,Good
911821,Driver_11820,56,8,North,55.6,Low
911822,Driver_11821,55,28,South,67.1,Average
911823,Driver_11822,42,28,South,73.1,Average
911824,Driver_11823,41,8,East,70.2,Average
911825,Driver_11824,27,24,North,50.6,Low
911826,Driver_11825,34,13,Central,89.6,Good
911827,Driver_11826,44,20,West,61.6,Average
911828,Driver_11827,55,21,North,92.1,Excellent
911829,Driver_11828,29,11,West,87.9,Good
911830,Driver_11829,42,30,North,86.2,Good
911831,Driver_11830,48,11,South,63.5,Average
911832,Driver_11831,48,12,South,59.4,Low
911833,Driver_11832,33,22,East,90.6,Excellent
911834,Driver_11833,42,0,East,56.2,Low
911835,Driver_11834,25,28,West,71.5,Average
911836,Driver_11835,38,3,East,52.2,Low
911837,Driver_11836,53,9,Central,50.1,Low
911838,Driver_11837,47,3,East,60.8,Average
911839,Driver_11838,27,10,West,86.6,Good
911840,Driver_11839,60,20,Central,90.9,Excellent
911841,Driver_11840,38,25,West,56.5,Low
911842,Driver_11841,63,21,East,98.0,Excellent
911843,Driver_11842,26,25,East,89.0,Good
911844,Driver_11843,62,5,East,97.6,Excellent
911845,Driver_11844,43,23,East,87.9,Good
911846,Driver_11845,52,22,South,83.6,Good
911847,Driver_11846,37,28,South,52.1,Low
911848,Driver_11847,26,0,West,92.4,Excellent
911849,Driver_11848,38,12,West,80.3,Good
911850,Driver_11849,36,23,East,96.2,Excellent
911851,Driver_11850,33,9,South,79.0,Good
911852,Driver_11851,57,19,East,83.2,Good
911853,Driver_11852,42,26,West,63.2,Average
911854,Driver_11853,48,17,Central,50.4,Low
911855,Driver_11854,30,25,East,82.3,Good
911856,Driver_11855,60,2,South,56.1,Low
911857,Driver_11856,46,15,West,71.6,Average
911858,Driver_11857,33,9,West,75.1,Good
911859,Driver_11858,52,19,North,56.4,Low
911860,Driver_11859,27,22,South,81.6,Good
911861,Driver_11860,46,18,Central,72.0,Average
911862,Driver_11861,35,12,Central,97.0,Excellent
911863,Driver_11862,58,1,South,96.7,Excellent
911864,Driver_11863,29,25,South,94.2,Excellent
911865,Driver_11864,21,10,North,53.1,Low
911866,Driver_11865,24,7,Central,67.2,Average
911867,Driver_11866,23,27,North,53.7,Low
911868,Driver_11867,26,20,North,69.1,Average
911869,Driver_11868,62,19,East,85.5,Good
911870,Driver_11869,58,30,South,53.0,Low
911871,Driver_11870,56,1,North,52.6,Low
911872,Driver_11871,47,2,Central,88.6,Good
911873,Driver_11872,55,26,South,90.1,Excellent
911874,Driver_11873,58,13,West,70.4,Average
911875,Driver_11874,58,25,East,97.4,Excellent
911876,Driver_11875,21,19,South,59.5,Low
911877,Driver_11876,23,20,South,74.9,Average
911878,Driver_11877,46,0,South,77.8,Good
911879,Driver_11878,50,15,South,88.1,Good
911880,Driver_11879,53,26,North,96.4,Excellent
911881,Driver_11880,34,16,South,61.9,Average
911882,Driver_11881,37,8,North,99.9,Excellent
911883,Driver_11882,31,11,West,95.4,Excellent
911884,Driver_11883,63,16,Central,88.5,Good
911885,Driver_11884,43,16,Central,91.4,Excellent
911886,Driver_11885,52,1,West,64.4,Average
911887,Driver_11886,44,26,South,59.8,Low
911888,Driver_11887,29,8,West,98.6,Excellent
911889,Driver_11888,44,20,South,61.4,Average
911890,Driver_11889,62,4,Central,94.5,Excellent
911891,Driver_11890,41,17,North,86.7,Good
911892,Driver_11891,33,9,North,52.9,Low
911893,Driver_11892,22,0,Central,63.6,Average
911894,Driver_11893,59,3,North,70.3,Average
911895,Driver_11894,26,17,East,84.7,Good
911896,Driver_11895,32,18,North,69.9,Average
911897,Driver_11896,38,20,West,81.0,Good
911898,Driver_11897,62,21,East,69.2,Average
911899,Driver_11898,48,21,South,56.1,Low
911900,Driver_11899,55,26,Central,76.5,Good
911901,Driver_11900,49,18,South,56.3,Low
911902,Driver_11901,54,9,South,67.2,Average
911903,Driver_11902,34,28,South,81.9,Good
911904,Driver_11903,23,27,South,55.3,Low
911905,Driver_11904,27,27,Central,82.7,Good
911906,Driver_11905,34,17,West,73.9,Average
911907,Driver_11906,37,10,South,69.2,Average
911908,Driver_11907,30,17,West,63.2,Average
911909,Driver_11908,43,17,North,92.2,Excellent
911910,Driver_11909,41,19,West,74.5,Average
911911,Driver_11910,63,25,East,80.2,Good
911912,Driver_11911,37,7,South,81.1,Good
911913,Driver_11912,54,9,East,57.5,Low
911914,Driver_11913,56,19,East,60.4,Average
911915,Driver_11914,36,0,South,64.2,Average
911916,Driver_11915,63,27,East,98.0,Excellent
911917,Driver_11916,40,6,North,54.0,Low
911918,Driver_11917,47,0,Central,75.6,Good
911919,Driver_11918,30,25,South,75.6,Good
911920,Driver_11919,56,4,West,80.2,Good
911921,Driver_11920,24,4,East,51.5,Low
911922,Driver_11921,27,14,West,62.8,Average
911923,Driver_11922,34,29,East,92.3,Excellent
911924,Driver_11923,36,12,Central,94.5,Excellent
911925,Driver_11924,42,23,East,92.4,Excellent
911926,Driver_11925,21,1,North,92.5,Excellent
911927,Driver_11926,56,0,West,70.6,Average
911928,Driver_11927,56,17,East,82.1,Good
911929,Driver_11928,47,7,Central,71.5,Average
911930,Driver_11929,51,15,Central,94.2,Excellent
911931,Driver_11930,59,10,East,64.3,Average
911932,Driver_11931,56,1,West,85.5,Good
911933,Driver_11932,44,8,North,93.3,Excellent
911934,Driver_11933,42,5,South,97.2,Excellent
911935,Driver_11934,34,6,West,59.2,Low
911936,Driver_11935,24,15,Central,69.6,Average
911937,Driver_11936,43,3,West,94.9,Excellent
911938,Driver_11937,32,0,Central,53.8,Low
911939,Driver_11938,51,8,South,54.3,Low
911940,Driver_11939,44,6,East,91.5,Excellent
911941,Driver_11940,62,13,Central,87.5,Good
911942,Driver_11941,52,7,South,63.3,Average
911943,Driver_11942,29,22,South,58.9,Low
911944,Driver_11943,34,18,North,82.0,Good
911945,Driver_11944,52,26,South,86.5,Good
911946,Driver_11945,28,12,North,65.8,Average
911947,Driver_11946,23,20,North,70.1,Average
911948,Driver_11947,53,6,South,68.9,Average
911949,Driver_11948,26,20,North,84.5,Good
911950,Driver_11949,31,1,West,95.0,Excellent
911951,Driver_11950,31,24,North,99.4,Excellent
911952,Driver_11951,50,16,South,58.4,Low
911953,Driver_11952,34,24,East,87.4,Good
911954,Driver_11953,40,9,South,85.2,Good
911955,Driver_11954,55,10,West,76.3,Good
911956,Driver_11955,27,15,East,59.4,Low
911957,Driver_11956,41,24,West,79.7,Good
911958,Driver_11957,37,7,North,70.2,Average
911959,Driver_11958,44,20,Central,81.2,Good
911960,Driver_11959,22,1,East,89.6,Good
911961,Driver_11960,37,6,South,69.9,Average
911962,Driver_11961,30,5,North,86.5,Good
911963,Driver_11962,48,19,West,96.4,Excellent
911964,Driver_11963,35,2,West,82.7,Good
911965,Driver_11964,51,24,East,55.4,Low
911966,Driver_11965,30,19,Central,85.6,Good
911967,Driver_11966,41,23,West,68.9,Average
911968,Driver_11967,51,20,Central,72.3,Average
911969,Driver_11968,48,12,North,66.7,Average
911970,Driver_11969,38,6,Central,64.9,Average
911971,Driver_11970,48,21,West,73.5,Average
911972,Driver_11971,63,30,South,77.0,Good
911973,Driver_11972,38,16,East,89.3,Good
911974,Driver_11973,56,12,South,56.1,Low
911975,Driver_11974,21,20,North,89.1,Good
911976,Driver_11975,56,20,West,56.6,Low
911977,Driver_11976,52,4,South,80.3,Good
911978,Driver_11977,36,2,West,63.5,Average
911979,Driver_11978,52,28,North,97.8,Excellent
911980,Driver_11979,35,5,South,98.7,Excellent
911981,Driver_11980,32,27,West,98.4,Excellent
911982,Driver_11981,28,14,West,84.8,Good
911983,Driver_11982,48,1,North,93.6,Excellent
911984,Driver_11983,24,23,West,52.8,Low
911985,Driver_11984,24,26,Central,98.9,Excellent
911986,Driver_11985,61,25,North,92.7,Excellent
911987,Driver_11986,45,23,Central,96.8,Excellent
911988,Driver_11987,32,27,West,62.7,Average
911989,Driver_11988,22,21,South,70.3,Average
911990,Driver_11989,33,11,West,62.3,Average
911991,Driver_11990,26,3,West,77.5,Good
911992,Driver_11991,38,22,South,52.8,Low
911993,Driver_11992,26,19,Central,58.0,Low
911994,Driver_11993,40,11,Central,55.8,Low
911995,Driver_11994,42,13,South,53.7,Low
911996,Driver_11995,21,1,East,51.3,Low
911997,Driver_11996,21,24,North,53.7,Low
911998,Driver_11997,53,27,West,98.3,Excellent
911999,Driver_11998,62,10,West,65.0,Average
912000,Driver_11999,48,2,South,91.7,Excellent
