Truck_ID,Truck_Type,Fuel_Type,Capacity_KG,Model_Year,Odometer_KM
910001,Medium,Electric,15751,2023,330667
910002,Medium,Diesel,24721,2016,200627
910003,Light,Electric,11623,2025,147338
910004,Heavy,Hybrid,19120,2020,160635
910005,Heavy,CNG,23574,2018,823279
910006,Light,Diesel,16362,2021,414395
910007,Light,Hybrid,10545,2022,109572
910008,Medium,Electric,9431,2023,878605
910009,Light,Diesel,22594,2024,199765
910010,Medium,Electric,29029,2015,39849
910011,Medium,CNG,29158,2025,302281
910012,Medium,Hybrid,18053,2024,864729
910013,Light,Diesel,20667,2016,353977
910014,Light,Electric,19951,2019,543361
910015,Heavy,Electric,4749,2022,555927
910016,Medium,Hybrid,22425,2021,666489
910017,Light,Diesel,6848,2022,829537
910018,Light,CNG,12478,2018,800546
910019,Light,CNG,4353,2017,14427
910020,Heavy,Diesel,11648,2024,229814
910021,Medium,CNG,17085,2021,90524
910022,Light,Electric,27437,2025,852247
910023,Heavy,Diesel,24974,2020,371324
910024,Medium,CNG,19693,2022,537557
910025,Heavy,Electric,18890,2020,157637
910026,Light,CNG,13397,2018,19123
910027,Light,Hybrid,22434,2016,838171
910028,Heavy,CNG,5959,2021,493633
910029,Light,Diesel,21919,2022,583960
910030,Light,CNG,29990,2023,745750
910031,Heavy,CNG,11600,2025,885106
910032,Heavy,Diesel,16477,2016,485380
910033,Heavy,Electric,17350,2020,574843
910034,Light,Hybrid,25781,2021,454495
910035,Heavy,Hybrid,27379,2024,711047
910036,Light,Diesel,4706,2025,604336
910037,Heavy,Electric,1283,2024,60641
910038,Heavy,Diesel,8900,2022,760005
910039,Heavy,Diesel,15057,2025,450655
910040,Medium,Electric,25717,2021,690513
910041,Light,Diesel,22008,2016,458148
910042,Medium,CNG,20512,2019,834851
910043,Light,Diesel,26796,2023,177422
910044,Medium,Diesel,7836,2025,141909
910045,Medium,CNG,23137,2017,883582
910046,Heavy,Hybrid,23762,2020,741822
910047,Medium,Electric,24379,2024,828232
910048,Medium,Hybrid,8085,2019,314235
910049,Medium,Electric,3846,2023,273906
910050,Light,CNG,4427,2019,690122
910051,Medium,Diesel,9877,2024,718259
910052,Medium,CNG,17305,2018,34136
910053,Heavy,Electric,20913,2017,700983
910054,Heavy,Hybrid,29306,2023,701232
910055,Light,CNG,23120,2017,116732
910056,Heavy,Hybrid,2185,2025,287048
910057,Heavy,CNG,12405,2016,568951
910058,Light,Hybrid,1745,2020,551946
910059,Medium,Electric,20231,2016,498072
910060,Light,CNG,4661,2025,785854
910061,Medium,Hybrid,20309,2024,547311
910062,Heavy,CNG,26764,2021,65280
910063,Heavy,CNG,18475,2023,304212
910064,Heavy,CNG,27174,2025,227818
910065,Light,CNG,14968,2023,527864
910066,Heavy,Hybrid,2800,2023,589511
910067,Light,Electric,25151,2018,361958
910068,Medium,Diesel,12400,2020,171264
910069,Medium,Electric,17967,2019,818477
910070,Medium,Diesel,2843,2022,458539
910071,Medium,Hybrid,23602,2020,446426
910072,Medium,Electric,1807,2024,409882
910073,Medium,Diesel,26680,2024,81201
910074,Heavy,Diesel,13532,2017,572927
910075,Medium,Electric,21092,2022,801990
910076,Light,CNG,4634,2018,340356
910077,Light,CNG,8083,2017,294103
910078,Light,Hybrid,18560,2018,693360
910079,Light,Hybrid,5161,2022,603626
910080,Heavy,Hybrid,3138,2019,128504
910081,Medium,Diesel,26509,2016,260388
910082,Light,Hybrid,5081,2019,15716
910083,Heavy,Electric,1046,2020,249170
910084,Light,Electric,19928,2018,784214
910085,Heavy,Hybrid,17789,2023,604119
910086,Medium,Electric,17683,2016,574506
910087,Light,Electric,27746,2023,835015
910088,Light,Hybrid,5029,2021,373303
910089,Heavy,Hybrid,24140,2021,838005
910090,Heavy,CNG,17816,2015,494817
910091,Heavy,Electric,18445,2017,676353
910092,Light,Diesel,2042,2018,898021
910093,Medium,CNG,6150,2025,410442
910094,Light,Electric,1044,2024,83279
910095,Heavy,Diesel,22249,2017,292831
910096,Heavy,Hybrid,9435,2023,641956
910097,Light,Diesel,11272,2020,424716
910098,Heavy,CNG,1404,2017,864479
910099,Heavy,Hybrid,24136,2025,297791
910100,Heavy,Electric,4792,2017,333019
910101,Medium,Electric,23031,2020,130109
910102,Light,Diesel,20311,2018,29845
910103,Light,Diesel,10895,2020,154049
910104,Heavy,Diesel,18426,2015,577115
910105,Heavy,Hybrid,1166,2016,728626
910106,Light,Hybrid,1013,2023,696149
910107,Medium,Electric,16227,2021,381662
910108,Heavy,CNG,7234,2020,510453
910109,Medium,Electric,28204,2019,680798
910110,Light,Electric,25119,2020,652920
910111,Light,Diesel,14072,2018,883787
910112,Medium,Electric,5320,2017,519532
910113,Heavy,Hybrid,13904,2021,657244
910114,Medium,Electric,17742,2022,527748
910115,Heavy,Electric,9362,2017,473257
910116,Heavy,Hybrid,19588,2017,616828
910117,Heavy,Diesel,1045,2025,167300
910118,Medium,CNG,21613,2017,499092
910119,Light,Electric,22917,2016,479572
910120,Medium,CNG,21847,2025,123200
910121,Light,Electric,8623,2018,317077
910122,Light,Hybrid,1777,2022,643108
910123,Light,Hybrid,1023,2025,87497
910124,Medium,Hybrid,21666,2022,519306
910125,Heavy,CNG,23941,2017,463423
910126,Medium,CNG,29835,2022,824889
910127,Heavy,Hybrid,3994,2016,216524
910128,Medium,Electric,17896,2022,824693
910129,Medium,Diesel,25900,2017,674969
910130,Heavy,Diesel,11133,2025,624330
910131,Light,Hybrid,23058,2015,881652
910132,Light,CNG,11162,2015,181078
910133,Medium,Diesel,23344,2023,188015
910134,Medium,Hybrid,19743,2017,841556
910135,Medium,Diesel,6535,2016,158549
910136,Heavy,Diesel,29632,2021,746698
910137,Light,CNG,12686,2025,308290
910138,Heavy,Diesel,4624,2022,540114
910139,Light,Electric,1735,2020,32334
910140,Heavy,Diesel,19712,2022,289121
910141,Light,Electric,23462,2022,181958
910142,Heavy,Electric,10739,2023,692475
910143,Medium,CNG,11965,2021,824709
910144,Light,Diesel,7610,2018,590642
910145,Light,Hybrid,20049,2018,859173
910146,Medium,Hybrid,4868,2019,488222
910147,Medium,CNG,17283,2015,581664
910148,Heavy,CNG,14216,2019,592265
910149,Light,Diesel,25057,2020,740452
910150,Medium,CNG,14937,2016,826893
910151,Light,Hybrid,13824,2022,440097
910152,Heavy,Electric,19268,2025,529915
910153,Light,Diesel,3452,2018,171726
910154,Light,CNG,28597,2023,77359
910155,Medium,Diesel,28503,2016,639559
910156,Heavy,CNG,18630,2022,711359
910157,Light,CNG,27069,2020,230369
910158,Medium,Electric,25930,2025,166136
910159,Medium,CNG,29727,2015,63206
910160,Medium,Hybrid,7473,2016,216012
910161,Heavy,CNG,29801,2019,68723
910162,Medium,CNG,10006,2019,841741
910163,Medium,Diesel,4530,2024,528936
910164,Light,Hybrid,29266,2025,259034
910165,Light,Electric,10162,2025,612242
910166,Heavy,Hybrid,18496,2019,801023
910167,Medium,CNG,2281,2025,82312
910168,Heavy,Hybrid,4105,2017,324092
910169,Heavy,Diesel,27892,2022,182320
910170,Medium,Hybrid,21172,2021,509203
910171,Heavy,Hybrid,6864,2024,611328
910172,Medium,Diesel,3678,2019,421828
910173,Heavy,Diesel,19048,2019,496470
910174,Medium,CNG,8283,2024,223363
910175,Heavy,CNG,4859,2020,566851
910176,Light,Electric,7676,2016,145205
910177,Heavy,CNG,26205,2021,583858
910178,Heavy,Electric,23144,2017,752867
910179,Heavy,CNG,25538,2015,295258
910180,Heavy,CNG,3022,2022,788330
910181,Light,Electric,19628,2021,401172
910182,Light,Hybrid,15407,2020,297377
910183,Light,Hybrid,29073,2020,12886
910184,Medium,Hybrid,3947,2025,755544
910185,Heavy,Electric,18766,2017,478739
910186,Heavy,Electric,16138,2017,394250
910187,Heavy,Hybrid,8166,2021,47854
910188,Heavy,Electric,15066,2021,383098
910189,Light,Hybrid,27839,2021,650564
910190,Heavy,Hybrid,14096,2023,45035
910191,Medium,Hybrid,27511,2015,550592
910192,Medium,Electric,16288,2019,531520
910193,Light,CNG,25544,2021,227006
910194,Light,Electric,22155,2025,275747
910195,Light,Diesel,12400,2023,382338
910196,Light,Electric,24493,2024,531886
910197,Medium,Hybrid,27713,2025,265969
910198,Medium,Electric,27130,2021,125564
910199,Heavy,CNG,20190,2017,268598
910200,Light,CNG,19873,2021,515094
910201,Medium,CNG,4665,2025,761409
910202,Heavy,CNG,14125,2024,617050
910203,Light,CNG,15679,2021,421531
910204,Light,Hybrid,27676,2025,51836
910205,Heavy,Electric,28464,2021,425429
910206,Light,Electric,9774,2019,229758
910207,Medium,Electric,16041,2024,19987
910208,Medium,Diesel,15647,2018,618845
910209,Medium,Diesel,6756,2021,586332
910210,Medium,CNG,16293,2024,391526
910211,Medium,CNG,26804,2020,674152
910212,Heavy,CNG,5012,2016,188367
910213,Light,CNG,24736,2018,519116
910214,Light,Electric,16465,2023,525089
910215,Light,Diesel,13483,2022,482852
910216,Medium,Hybrid,13686,2015,109088
910217,Light,Diesel,10056,2016,262454
910218,Medium,Electric,26505,2020,249956
910219,Light,Diesel,1271,2022,771779
910220,Medium,CNG,20667,2025,856904
910221,Heavy,Electric,12399,2024,626261
910222,Medium,CNG,16383,2023,620193
910223,Medium,Electric,9257,2024,804251
910224,Light,Diesel,8404,2021,290420
910225,Heavy,Hybrid,27644,2023,846361
910226,Medium,Electric,28700,2017,877124
910227,Light,Electric,17321,2024,82234
910228,Heavy,CNG,7828,2018,243743
910229,Light,Hybrid,20771,2015,830308
910230,Light,CNG,19739,2023,550249
910231,Heavy,CNG,18236,2018,646726
910232,Light,Diesel,16638,2020,700089
910233,Light,Hybrid,23567,2016,54081
910234,Heavy,Diesel,13537,2024,526221
910235,Medium,Diesel,25766,2018,196533
910236,Medium,Hybrid,13147,2017,827346
910237,Light,Hybrid,5715,2022,839364
910238,Medium,Electric,18166,2017,109521
910239,Light,CNG,10019,2015,754723
910240,Medium,Diesel,23938,2025,163445
910241,Light,Electric,7645,2015,644826
910242,Light,Diesel,17602,2022,682824
910243,Light,Diesel,24647,2023,309414
910244,Light,Hybrid,3227,2025,495417
910245,Heavy,Electric,13763,2016,318759
910246,Medium,Electric,11230,2025,510700
910247,Heavy,Diesel,22181,2025,83886
910248,Light,CNG,4898,2021,265544
910249,Medium,CNG,25071,2020,373558
910250,Heavy,Diesel,1075,2022,182523
910251,Light,Hybrid,11590,2016,727505
910252,Medium,Diesel,17984,2021,214502
910253,Medium,CNG,18841,2022,38333
910254,Heavy,Electric,26208,2018,432376
910255,Heavy,Electric,26391,2022,862253
910256,Heavy,Diesel,2630,2024,196297
910257,Heavy,Hybrid,13448,2019,717038
910258,Medium,Hybrid,21473,2022,770675
910259,Heavy,CNG,16482,2020,740395
910260,Light,Diesel,17008,2020,431154
910261,Light,Diesel,18393,2018,135720
910262,Light,Diesel,17301,2016,646458
910263,Light,Hybrid,13084,2016,581369
910264,Light,CNG,23457,2018,49517
910265,Heavy,Electric,7235,2024,105615
910266,Medium,Electric,14722,2018,313608
910267,Light,Hybrid,6934,2020,334743
910268,Heavy,Electric,17868,2021,557542
910269,Medium,CNG,18053,2019,679321
910270,Medium,Diesel,17408,2024,304613
910271,Light,Diesel,4905,2020,383162
910272,Light,CNG,27235,2024,147088
910273,Heavy,Electric,28248,2023,381084
910274,Heavy,Diesel,29432,2016,692788
910275,Medium,Electric,24593,2024,540466
910276,Medium,Diesel,25097,2022,348579
910277,Heavy,CNG,9355,2020,226919
910278,Medium,Electric,19118,2018,612757
910279,Heavy,Diesel,29800,2019,368625
910280,Medium,CNG,15511,2016,602500
910281,Medium,Electric,4172,2017,222305
910282,Light,Hybrid,18160,2025,528599
910283,Light,Diesel,18932,2021,630519
910284,Heavy,Electric,13718,2018,663557
910285,Medium,CNG,6184,2023,642344
910286,Light,CNG,21290,2023,169767
910287,Heavy,Electric,28369,2020,358609
910288,Heavy,CNG,27360,2021,728234
910289,Light,Hybrid,6450,2025,225661
910290,Light,Hybrid,11060,2023,492942
910291,Heavy,Electric,3028,2019,235393
910292,Heavy,Diesel,18180,2015,34825
910293,Light,Electric,28405,2022,233517
910294,Medium,Electric,24395,2016,396687
910295,Medium,Diesel,29343,2022,658823
910296,Medium,Hybrid,27239,2018,792993
910297,Medium,Electric,8913,2020,896133
910298,Light,Hybrid,9745,2025,91422
910299,Light,Electric,9005,2023,306579
910300,Light,Hybrid,23372,2024,830137
910301,Medium,CNG,15933,2024,538875
910302,Medium,Electric,13740,2025,738301
910303,Light,Electric,1493,2017,19812
910304,Medium,Diesel,21264,2021,688743
910305,Heavy,Diesel,28425,2024,318409
910306,Heavy,Electric,16353,2023,792820
910307,Heavy,Electric,23652,2021,147144
910308,Light,Diesel,12303,2019,570153
910309,Medium,Hybrid,8419,2023,252310
910310,Heavy,Diesel,18995,2022,229516
910311,Medium,Hybrid,22318,2024,704813
910312,Heavy,Diesel,24444,2020,426959
910313,Medium,Diesel,12350,2025,725237
910314,Medium,Hybrid,26370,2020,291164
910315,Light,Hybrid,14537,2023,313813
910316,Heavy,Electric,11165,2020,82161
910317,Heavy,Diesel,24297,2023,700087
910318,Medium,CNG,7245,2021,685161
910319,Light,Electric,29498,2022,148622
910320,Medium,CNG,14144,2023,718943
910321,Heavy,Diesel,14604,2018,684547
910322,Heavy,CNG,20081,2019,150231
910323,Light,Diesel,6388,2016,236225
910324,Heavy,Electric,21484,2017,356228
910325,Heavy,Hybrid,10544,2025,524448
910326,Heavy,CNG,21760,2024,639663
910327,Medium,Electric,14065,2020,321672
910328,Heavy,Hybrid,28064,2016,407215
910329,Light,Electric,12771,2020,141030
910330,Heavy,Electric,4759,2020,279176
910331,Medium,Electric,24851,2018,463234
910332,Light,CNG,23183,2021,578237
910333,Heavy,Diesel,25053,2023,228184
910334,Medium,Hybrid,7759,2017,607615
910335,Medium,Hybrid,8197,2023,375159
910336,Medium,Hybrid,29117,2024,290079
910337,Medium,Hybrid,27517,2022,610281
910338,Heavy,Hybrid,6550,2025,806109
910339,Heavy,Hybrid,25837,2022,727062
910340,Medium,Diesel,1971,2016,255626
910341,Medium,Hybrid,11403,2018,873726
910342,Light,CNG,24193,2015,636144
910343,Heavy,Electric,11920,2025,674887
910344,Heavy,Diesel,17547,2024,691784
910345,Heavy,Hybrid,20677,2023,54226
910346,Medium,Electric,25654,2025,790388
910347,Light,Electric,1548,2024,839036
910348,Medium,Hybrid,23918,2015,490470
910349,Medium,Diesel,9732,2021,104923
910350,Medium,Electric,11253,2023,778197
910351,Heavy,CNG,15373,2020,460769
910352,Heavy,Hybrid,21722,2019,202226
910353,Medium,Electric,18826,2023,880503
910354,Heavy,CNG,20389,2021,561861
910355,Medium,Hybrid,22695,2017,372233
910356,Light,Hybrid,9761,2025,501730
910357,Heavy,Hybrid,20485,2023,437621
910358,Heavy,Hybrid,2959,2023,330527
910359,Heavy,Hybrid,25442,2023,408087
910360,Medium,CNG,20860,2015,122667
910361,Heavy,Electric,17264,2016,54125
910362,Light,Diesel,11400,2015,879437
910363,Heavy,CNG,28328,2019,246068
910364,Medium,Hybrid,13319,2015,548103
910365,Heavy,Electric,16705,2022,224256
910366,Medium,Diesel,13587,2023,284227
910367,Medium,CNG,6425,2018,818200
910368,Heavy,Electric,18755,2015,346259
910369,Light,CNG,12066,2017,428665
910370,Medium,Hybrid,25279,2015,872203
910371,Medium,Electric,27239,2017,308158
910372,Medium,Hybrid,8927,2017,698159
910373,Heavy,CNG,10305,2018,820641
910374,Heavy,Hybrid,11138,2017,827440
910375,Light,Hybrid,24620,2023,204608
910376,Medium,CNG,8308,2020,750753
910377,Light,Electric,12791,2021,629069
910378,Medium,CNG,18944,2015,514776
910379,Light,Hybrid,10789,2015,175571
910380,Medium,Electric,13330,2021,292521
910381,Medium,Electric,20613,2020,261827
910382,Light,Diesel,28829,2025,601634
910383,Medium,Electric,7781,2016,251909
910384,Light,CNG,5852,2025,634482
910385,Light,Hybrid,14106,2021,221521
910386,Medium,CNG,12547,2018,323337
910387,Light,Hybrid,10349,2017,114799
910388,Medium,CNG,29785,2016,458961
910389,Medium,Diesel,13990,2020,146969
910390,Light,Electric,22825,2017,721094
910391,Heavy,CNG,16498,2020,440667
910392,Medium,CNG,2959,2018,645353
910393,Light,Hybrid,4572,2017,700686
910394,Light,CNG,8100,2023,596840
910395,Light,Hybrid,9355,2022,761809
910396,Light,Diesel,5622,2017,257850
910397,Medium,Diesel,8328,2015,345573
910398,Light,CNG,25430,2017,24304
910399,Medium,Electric,20602,2020,301195
910400,Heavy,Diesel,20292,2018,605614
910401,Medium,CNG,26508,2022,582435
910402,Heavy,Diesel,13756,2021,876605
910403,Heavy,Electric,6212,2025,807583
910404,Heavy,Electric,20314,2022,820070
910405,Medium,Diesel,19443,2017,120285
910406,Light,Electric,18453,2021,569661
910407,Light,Diesel,3759,2015,182565
910408,Heavy,CNG,17607,2015,57424
910409,Light,Diesel,26979,2018,597264
910410,Heavy,Diesel,26473,2023,785656
910411,Light,Hybrid,27796,2018,104597
910412,Medium,CNG,22453,2018,894032
910413,Light,Hybrid,5221,2021,156339
910414,Medium,Electric,27904,2021,354313
910415,Heavy,CNG,26714,2022,833844
910416,Medium,CNG,1803,2023,29311
910417,Medium,Electric,29245,2018,290002
910418,Heavy,Hybrid,6932,2016,32951
910419,Medium,CNG,16806,2021,506566
910420,Heavy,Hybrid,10629,2021,200818
910421,Light,Diesel,6746,2015,865357
910422,Medium,Electric,24025,2018,318452
910423,Light,Hybrid,16120,2017,109356
910424,Medium,Electric,19236,2024,570510
910425,Light,Hybrid,15388,2021,406437
910426,Heavy,Diesel,12646,2021,385993
910427,Heavy,CNG,12712,2020,523133
910428,Medium,CNG,14152,2016,426537
910429,Light,Electric,10527,2015,272039
910430,Medium,Hybrid,16833,2023,740209
910431,Medium,Hybrid,27070,2015,789700
910432,Heavy,Hybrid,16218,2017,556994
910433,Medium,Electric,7229,2021,347792
910434,Medium,Diesel,5546,2022,692099
910435,Light,Hybrid,17099,2020,698054
910436,Medium,Diesel,8920,2024,768406
910437,Medium,CNG,4097,2016,582889
910438,Heavy,Electric,11856,2024,384602
910439,Light,CNG,29577,2015,765789
910440,Light,Electric,22096,2020,296170
910441,Light,Hybrid,23216,2023,248435
910442,Medium,Diesel,21153,2015,64914
910443,Medium,Diesel,14242,2025,685961
910444,Light,Electric,4139,2017,792346
910445,Medium,Hybrid,19035,2018,716012
910446,Medium,Hybrid,21527,2019,418476
910447,Heavy,CNG,28856,2022,863125
910448,Medium,Hybrid,17374,2018,125441
910449,Medium,CNG,27927,2017,409084
910450,Medium,Electric,24557,2019,728217
910451,Light,Hybrid,9511,2016,496567
910452,Light,Diesel,18250,2017,154502
910453,Medium,CNG,18031,2023,142517
910454,Medium,Electric,3758,2020,437071
910455,Heavy,Electric,16494,2020,864102
910456,Light,Electric,9462,2018,708347
910457,Medium,Hybrid,21631,2018,168843
910458,Light,Diesel,24757,2015,757221
910459,Heavy,Hybrid,12827,2016,186302
910460,Heavy,Hybrid,23381,2017,637137
910461,Medium,CNG,23316,2022,736207
910462,Heavy,Diesel,28978,2023,492647
910463,Medium,Electric,12895,2025,84725
910464,Heavy,Diesel,14424,2021,690107
910465,Medium,Diesel,27805,2023,127120
910466,Heavy,Electric,28846,2025,162741
910467,Heavy,Hybrid,23946,2023,200639
910468,Heavy,Electric,2115,2021,393562
910469,Heavy,Hybrid,13056,2017,855724
910470,Light,CNG,28471,2019,406797
910471,Heavy,Electric,9997,2023,626739
910472,Heavy,Electric,22464,2017,553525
910473,Light,Diesel,2251,2017,690320
910474,Medium,CNG,18298,2022,358898
910475,Light,Diesel,18057,2023,167061
910476,Light,CNG,21063,2018,539412
910477,Light,Electric,14450,2023,58213
910478,Heavy,Electric,15613,2018,340576
910479,Medium,Diesel,26297,2023,182509
910480,Heavy,Electric,25553,2018,372978
910481,Heavy,Hybrid,1508,2025,785198
910482,Light,Diesel,6722,2018,363772
910483,Medium,Electric,2969,2018,818172
910484,Medium,CNG,24156,2020,374157
910485,Medium,CNG,25038,2025,765923
910486,Heavy,Electric,9302,2019,41935
910487,Light,Hybrid,11682,2019,501641
910488,Medium,Electric,16721,2015,60873
910489,Heavy,Electric,13155,2021,363139
910490,Heavy,Diesel,14558,2020,372158
910491,Heavy,Electric,2406,2021,383432
910492,Medium,Electric,19570,2022,845065
910493,Medium,Electric,9039,2016,658830
910494,Light,Diesel,21846,2015,46568
910495,Medium,Electric,27950,2023,297547
910496,Light,Electric,1317,2022,205358
910497,Medium,CNG,22874,2016,180261
910498,Light,Hybrid,12691,2015,637725
910499,Heavy,CNG,26089,2024,716738
910500,Light,Diesel,24618,2015,260637
910501,Light,CNG,2944,2020,365070
910502,Medium,Electric,25517,2024,306943
910503,Medium,CNG,8384,2022,307607
910504,Heavy,Hybrid,22488,2023,593935
910505,Heavy,Hybrid,21625,2024,153277
910506,Medium,Hybrid,25464,2024,853446
910507,Heavy,CNG,23843,2024,680889
910508,Light,CNG,18814,2024,427284
910509,Light,Electric,21247,2024,630809
910510,Heavy,Hybrid,8478,2016,634105
910511,Light,Diesel,20836,2017,529105
910512,Medium,CNG,21635,2016,99145
910513,Medium,Diesel,29261,2017,867257
910514,Heavy,CNG,27591,2015,27720
910515,Heavy,CNG,7527,2024,687983
910516,Medium,Hybrid,18441,2019,111531
910517,Medium,Electric,9064,2022,862286
910518,Heavy,Electric,6863,2020,358050
910519,Medium,Electric,16803,2024,51250
910520,Heavy,Electric,17355,2024,64999
910521,Light,Electric,26867,2017,48481
910522,Heavy,Diesel,2186,2016,359604
910523,Medium,Diesel,3459,2019,762930
910524,Medium,CNG,10295,2025,130418
910525,Light,Electric,20343,2016,324832
910526,Light,Diesel,11017,2017,543991
910527,Medium,Electric,26941,2019,69413
910528,Medium,Hybrid,24898,2018,588290
910529,Medium,Hybrid,23844,2020,246414
910530,Heavy,CNG,14900,2022,90561
910531,Heavy,Hybrid,22131,2024,262842
910532,Medium,Hybrid,11751,2015,262988
910533,Medium,CNG,19363,2018,886874
910534,Medium,Diesel,23793,2018,886897
910535,Heavy,Electric,18425,2017,842789
910536,Heavy,Diesel,1825,2020,210298
910537,Light,Hybrid,26729,2016,227560
910538,Heavy,Electric,3433,2023,367677
910539,Light,Electric,11108,2023,209501
910540,Heavy,Electric,27434,2021,276929
910541,Light,CNG,15482,2018,404597
910542,Light,Electric,29391,2021,381971
910543,Light,Electric,22063,2020,819873
910544,Medium,Electric,23784,2019,827259
910545,Medium,CNG,17601,2022,393730
910546,Medium,Electric,6291,2017,269964
910547,Heavy,Diesel,13925,2025,148285
910548,Light,Diesel,11958,2023,636607
910549,Light,Hybrid,20372,2015,376326
910550,Light,Electric,24516,2016,888196
910551,Medium,Electric,14460,2018,464605
910552,Heavy,CNG,18920,2021,610157
910553,Medium,Hybrid,8829,2020,281078
910554,Medium,CNG,10161,2025,294914
910555,Medium,Hybrid,22711,2015,826019
910556,Medium,Hybrid,6498,2015,350001
910557,Medium,CNG,28388,2019,190123
910558,Light,Diesel,17396,2022,844319
910559,Medium,Electric,9116,2017,110305
910560,Light,CNG,29986,2021,705754
910561,Heavy,CNG,1995,2023,698516
910562,Light,Electric,14301,2015,218461
910563,Medium,CNG,7508,2023,94010
910564,Light,Electric,15970,2021,576440
910565,Light,Diesel,17644,2016,234756
910566,Medium,Diesel,8393,2017,572352
910567,Light,Electric,12244,2018,20060
910568,Light,Electric,9514,2023,671154
910569,Heavy,CNG,9609,2016,13600
910570,Light,Diesel,10949,2023,344687
910571,Heavy,Hybrid,17641,2018,406877
910572,Light,CNG,26313,2017,413914
910573,Light,Electric,24183,2018,717581
910574,Heavy,Diesel,26984,2025,289298
910575,Medium,Diesel,28664,2025,270329
910576,Light,CNG,2263,2017,788945
910577,Light,Electric,10162,2016,482603
910578,Medium,CNG,12378,2021,352500
910579,Medium,Electric,11743,2021,106058
910580,Heavy,Electric,11051,2019,651558
910581,Heavy,Diesel,11700,2015,811975
910582,Heavy,Diesel,15990,2015,115585
910583,Heavy,CNG,3560,2022,836112
910584,Light,Electric,14981,2015,621608
910585,Heavy,Diesel,3279,2020,29357
910586,Medium,CNG,6331,2015,641821
910587,Heavy,Electric,25634,2025,700185
910588,Medium,Hybrid,19096,2020,821849
910589,Heavy,Diesel,26217,2024,540652
910590,Medium,Electric,28680,2016,489952
910591,Medium,Hybrid,7156,2020,805889
910592,Heavy,Hybrid,18123,2016,382750
910593,Heavy,Diesel,20599,2024,128792
910594,Heavy,Diesel,26139,2020,26080
910595,Heavy,Diesel,25020,2018,440939
910596,Heavy,Diesel,28802,2018,221316
910597,Heavy,Hybrid,26369,2024,22983
910598,Heavy,Electric,17917,2021,359425
910599,Medium,Hybrid,6928,2016,773973
910600,Medium,Diesel,28519,2017,884659
910601,Heavy,Diesel,21163,2019,524860
910602,Medium,CNG,29433,2018,537720
910603,Medium,Hybrid,15442,2020,186266
910604,Heavy,CNG,9548,2021,327037
910605,Medium,Hybrid,28862,2024,827652
910606,Heavy,CNG,19542,2021,861385
910607,Light,Hybrid,13283,2021,623569
910608,Medium,Diesel,17656,2020,400974
910609,Medium,Electric,29828,2017,358458
910610,Light,CNG,3854,2020,192117
910611,Medium,CNG,13386,2024,735360
910612,Heavy,Diesel,18662,2020,611647
910613,Heavy,CNG,21064,2022,155894
910614,Light,Hybrid,20377,2022,98562
910615,Medium,CNG,18190,2022,519532
910616,Medium,Hybrid,7690,2015,128647
910617,Light,Electric,11001,2016,881932
910618,Light,CNG,4672,2020,768971
910619,Medium,Electric,14719,2019,420131
910620,Light,Hybrid,7991,2021,429008
910621,Light,Diesel,3276,2021,343083
910622,Heavy,CNG,26763,2019,726569
910623,Heavy,Electric,15928,2018,50832
910624,Heavy,Diesel,26423,2020,77990
910625,Heavy,CNG,27078,2020,621907
910626,Light,CNG,15373,2018,489490
910627,Heavy,Electric,22333,2020,818762
910628,Light,Hybrid,18583,2020,579442
910629,Light,Hybrid,25013,2016,449310
910630,Light,CNG,13506,2015,683524
910631,Light,Electric,21620,2019,489220
910632,Light,Diesel,28480,2018,503680
910633,Light,Hybrid,25076,2021,802101
910634,Light,CNG,15235,2018,574697
910635,Light,Diesel,16959,2019,204079
910636,Medium,Diesel,21498,2024,515810
910637,Light,Hybrid,19812,2022,491421
910638,Heavy,Hybrid,20836,2024,384919
910639,Medium,CNG,4940,2018,599073
910640,Heavy,Diesel,1641,2017,674469
910641,Light,Hybrid,6254,2015,847395
910642,Medium,CNG,2754,2021,831560
910643,Light,Electric,11839,2018,614230
910644,Heavy,Electric,9082,2022,832321
910645,Light,Electric,8481,2019,835832
910646,Light,Hybrid,6933,2015,509343
910647,Medium,Electric,22810,2019,566127
910648,Medium,Electric,15043,2024,358976
910649,Medium,Diesel,14645,2023,265129
910650,Heavy,CNG,8130,2020,95445
910651,Light,Diesel,8733,2024,309723
910652,Light,Electric,19767,2018,296418
910653,Medium,Hybrid,1972,2016,530044
910654,Medium,CNG,16030,2021,197520
910655,Heavy,CNG,3388,2022,627855
910656,Light,Diesel,8709,2018,282476
910657,Light,Hybrid,24952,2021,860904
910658,Medium,Diesel,16417,2025,736368
910659,Heavy,Diesel,21617,2021,547635
910660,Heavy,CNG,22316,2022,683322
910661,Heavy,Electric,14356,2025,848493
910662,Medium,CNG,29991,2023,307067
910663,Medium,Hybrid,18808,2016,243995
910664,Heavy,CNG,17489,2018,92989
910665,Light,CNG,7706,2025,295820
910666,Heavy,Diesel,9518,2023,330954
910667,Light,Hybrid,26129,2025,736520
910668,Heavy,Electric,23237,2020,828479
910669,Medium,CNG,5275,2016,815156
910670,Heavy,Hybrid,13329,2016,558003
910671,Heavy,CNG,4532,2015,333128
910672,Light,CNG,24262,2017,169751
910673,Light,CNG,25196,2025,686561
910674,Heavy,Hybrid,27910,2023,191337
910675,Medium,CNG,26982,2021,30499
910676,Light,CNG,17152,2018,25226
910677,Light,CNG,13605,2023,509677
910678,Light,CNG,25759,2024,243283
910679,Heavy,Diesel,9623,2020,162051
910680,Light,Diesel,25447,2021,122026
910681,Medium,Electric,24126,2018,419457
910682,Light,CNG,9199,2023,398423
910683,Light,Hybrid,5273,2015,475181
910684,Heavy,CNG,15812,2023,866961
910685,Light,CNG,16693,2025,537684
910686,Medium,Diesel,22462,2018,732968
910687,Light,Diesel,29902,2025,840207
910688,Heavy,CNG,10606,2019,678197
910689,Medium,CNG,12657,2020,768083
910690,Medium,CNG,10795,2019,90744
910691,Light,Diesel,4070,2015,680520
910692,Medium,CNG,29343,2019,372093
910693,Medium,Hybrid,9122,2021,776633
910694,Heavy,Electric,17571,2024,15361
910695,Medium,Diesel,8057,2017,749927
910696,Light,Diesel,24510,2023,720265
910697,Light,Hybrid,21900,2018,409085
910698,Heavy,Electric,2327,2015,340017
910699,Medium,Electric,27044,2017,365238
910700,Light,Diesel,22980,2019,562255
910701,Medium,Diesel,5039,2020,889817
910702,Light,Electric,4377,2019,430689
910703,Light,Diesel,6789,2022,807229
910704,Light,CNG,11979,2021,655265
910705,Light,CNG,21920,2021,611618
910706,Heavy,CNG,28736,2022,84329
910707,Heavy,Hybrid,18891,2020,35744
910708,Medium,Diesel,9337,2019,170379
910709,Light,CNG,18411,2021,192301
910710,Light,Diesel,2137,2025,295233
910711,Light,CNG,2075,2017,382572
910712,Medium,CNG,2391,2015,869097
910713,Heavy,Electric,13515,2017,518225
910714,Heavy,Diesel,29266,2016,122980
910715,Light,Electric,9624,2021,48796
910716,Heavy,Hybrid,20037,2019,402710
910717,Light,Diesel,8795,2021,755656
910718,Heavy,Hybrid,20497,2016,503961
910719,Medium,Electric,4308,2015,307256
910720,Light,CNG,25075,2021,424309
910721,Medium,CNG,15671,2020,726067
910722,Medium,CNG,8075,2019,718952
910723,Light,CNG,10454,2021,142945
910724,Heavy,Hybrid,26076,2019,512083
910725,Heavy,Diesel,8500,2020,809408
910726,Medium,Diesel,27307,2019,327749
910727,Medium,Diesel,22809,2025,83143
910728,Light,Hybrid,19103,2018,271470
910729,Medium,Hybrid,7167,2024,421738
910730,Light,Hybrid,19038,2025,52888
910731,Heavy,Diesel,18860,2019,460896
910732,Heavy,Electric,15599,2021,133065
910733,Heavy,Hybrid,10485,2025,320417
910734,Light,Electric,27390,2019,605645
910735,Heavy,CNG,10037,2023,895891
910736,Medium,Electric,2018,2018,566295
910737,Light,Diesel,3814,2019,203189
910738,Light,Diesel,2535,2021,81124
910739,Light,Electric,11282,2020,531359
910740,Light,Hybrid,4611,2017,453285
910741,Light,Electric,24812,2017,742075
910742,Light,Electric,26178,2015,527675
910743,Medium,CNG,22090,2025,658834
910744,Light,CNG,12453,2020,369254
910745,Heavy,Electric,2574,2023,670288
910746,Medium,CNG,29877,2024,284851
910747,Heavy,Electric,6473,2020,832106
910748,Light,Diesel,7834,2020,453336
910749,Heavy,Hybrid,23063,2018,335134
910750,Light,Diesel,27846,2025,417171
910751,Heavy,Electric,9368,2016,737283
910752,Light,Electric,6825,2022,270576
910753,Light,CNG,27393,2016,585131
910754,Medium,Diesel,13402,2018,389218
910755,Light,Hybrid,29976,2017,263226
910756,Medium,Diesel,13859,2024,808599
910757,Medium,Electric,10815,2023,610217
910758,Heavy,Hybrid,2687,2019,583006
910759,Light,Diesel,10894,2022,795396
910760,Medium,Hybrid,18714,2017,256490
910761,Heavy,Diesel,8233,2023,272592
910762,Light,CNG,12492,2015,739465
910763,Light,Electric,8125,2025,492535
910764,Medium,Diesel,21028,2020,481986
910765,Medium,Electric,21008,2022,753229
910766,Medium,CNG,14177,2023,503204
910767,Light,CNG,11482,2015,537803
910768,Heavy,CNG,27271,2020,875485
910769,Light,CNG,16816,2016,506691
910770,Light,CNG,5110,2018,636769
910771,Light,Electric,11217,2020,706260
910772,Light,Diesel,28785,2021,378819
910773,Medium,Hybrid,28129,2015,126485
910774,Light,Hybrid,27047,2023,315562
910775,Medium,Hybrid,10159,2018,418070
910776,Light,Diesel,26438,2021,309147
910777,Medium,Diesel,24381,2016,786310
910778,Heavy,CNG,14985,2017,373081
910779,Heavy,CNG,21815,2021,413263
910780,Light,Hybrid,21044,2021,343191
910781,Heavy,Hybrid,2384,2025,47622
910782,Light,Electric,11043,2020,875362
910783,Heavy,Electric,4918,2020,573568
910784,Medium,Diesel,27473,2020,632500
910785,Medium,Diesel,7151,2022,191667
910786,Heavy,CNG,4733,2018,72967
910787,Heavy,Diesel,17734,2023,323149
910788,Medium,Hybrid,18279,2016,305824
910789,Heavy,Hybrid,4238,2021,36035
910790,Light,CNG,9782,2019,456027
910791,Light,Hybrid,20992,2017,75234
910792,Heavy,CNG,11828,2023,747286
910793,Medium,Hybrid,13790,2022,302637
910794,Heavy,CNG,24774,2023,474152
910795,Medium,CNG,28175,2016,636000
910796,Heavy,CNG,4692,2017,458621
910797,Light,Electric,13621,2023,733128
910798,Medium,Hybrid,2902,2025,83244
910799,Heavy,CNG,25663,2020,196686
910800,Medium,CNG,26897,2023,641836
910801,Light,Electric,24563,2019,882758
910802,Heavy,Electric,2212,2022,608389
910803,Heavy,Electric,24522,2023,35526
910804,Medium,Diesel,29431,2021,128357
910805,Medium,CNG,11683,2023,633702
910806,Heavy,Hybrid,7786,2022,628297
910807,Heavy,CNG,9835,2018,306215
910808,Medium,Diesel,27328,2020,686113
910809,Light,Electric,1899,2021,416741
910810,Medium,Diesel,29467,2015,880841
910811,Light,Diesel,17639,2016,373101
910812,Medium,CNG,7207,2025,283271
910813,Medium,CNG,9234,2019,276749
910814,Light,Hybrid,13552,2024,855492
910815,Light,CNG,2673,2024,815934
910816,Heavy,Electric,23545,2024,762867
910817,Medium,CNG,29764,2018,830362
910818,Medium,CNG,5172,2019,855914
910819,Heavy,Electric,28673,2016,889518
910820,Light,Diesel,1565,2025,240921
910821,Light,Hybrid,11307,2023,792013
910822,Medium,Electric,27616,2025,301467
910823,Medium,Diesel,4109,2016,851355
910824,Heavy,Electric,26153,2023,667005
910825,Medium,Electric,16788,2023,757361
910826,Heavy,Electric,8872,2016,761902
910827,Heavy,Electric,1739,2020,56476
910828,Medium,Diesel,14049,2018,122304
910829,Light,Hybrid,26455,2021,351272
910830,Heavy,Hybrid,6871,2021,139015
910831,Medium,CNG,8662,2015,714083
910832,Heavy,Hybrid,6719,2025,835853
910833,Heavy,Diesel,2281,2017,494928
910834,Medium,Electric,8073,2024,542562
910835,Heavy,Hybrid,12001,2022,865510
910836,Heavy,CNG,12412,2019,778494
910837,Light,Diesel,20477,2017,144874
910838,Medium,Diesel,6062,2021,393407
910839,Light,Electric,20086,2020,525018
910840,Light,CNG,21546,2023,575315
910841,Heavy,Electric,21644,2020,571116
910842,Heavy,Hybrid,11315,2021,681748
910843,Heavy,Electric,1089,2020,740874
910844,Light,CNG,26747,2021,258826
910845,Heavy,Diesel,20964,2015,303329
910846,Heavy,Electric,12692,2017,199725
910847,Heavy,Diesel,23714,2022,192625
910848,Light,CNG,20050,2024,750551
910849,Medium,Hybrid,1745,2021,866020
910850,Medium,Hybrid,4194,2021,278538
910851,Medium,CNG,10972,2024,483396
910852,Light,Hybrid,18053,2024,213799
910853,Heavy,Hybrid,20367,2024,529779
910854,Heavy,Electric,18370,2018,713160
910855,Light,Hybrid,15589,2025,499453
910856,Medium,Diesel,22615,2021,718528
910857,Medium,Diesel,22601,2025,888619
910858,Medium,Diesel,8597,2021,826482
910859,Medium,Diesel,8805,2022,134647
910860,Light,Electric,2530,2015,455764
910861,Heavy,CNG,17470,2015,669212
910862,Heavy,CNG,22194,2021,567154
910863,Light,Diesel,15455,2016,732601
910864,Heavy,Electric,8307,2016,203378
910865,Light,Electric,9900,2018,211640
910866,Heavy,Hybrid,6233,2022,453711
910867,Heavy,CNG,19646,2019,583228
910868,Light,Electric,1613,2025,485264
910869,Light,Hybrid,8458,2023,630441
910870,Light,Electric,14084,2024,663601
910871,Medium,CNG,25523,2016,93020
910872,Light,Diesel,18269,2023,554960
910873,Light,Diesel,12246,2016,750419
910874,Medium,Electric,21784,2024,145692
910875,Medium,CNG,17092,2018,723364
910876,Light,CNG,13811,2022,260150
910877,Heavy,CNG,2254,2018,131891
910878,Light,CNG,5678,2015,161815
910879,Light,Hybrid,12803,2023,214805
910880,Heavy,Diesel,6791,2023,400298
910881,Light,Diesel,7582,2021,656306
910882,Heavy,Diesel,21678,2017,861663
910883,Medium,CNG,29844,2019,497505
910884,Medium,Diesel,24938,2018,675988
910885,Medium,Electric,13394,2022,708792
910886,Medium,Electric,5872,2024,112273
910887,Medium,Electric,15956,2020,651212
910888,Light,Diesel,3992,2022,264336
910889,Light,Electric,1318,2022,245532
910890,Medium,Diesel,4569,2021,662170
910891,Heavy,CNG,7885,2025,171141
910892,Heavy,Hybrid,7815,2018,548985
910893,Light,Hybrid,4214,2024,439825
910894,Heavy,CNG,19607,2017,32177
910895,Heavy,CNG,3230,2015,342134
910896,Light,CNG,6452,2022,353144
910897,Medium,CNG,2629,2023,652600
910898,Heavy,Electric,3439,2020,289449
910899,Light,Diesel,17024,2017,88668
910900,Medium,Diesel,11259,2019,531619
910901,Light,Hybrid,27951,2025,772944
910902,Medium,Electric,9257,2025,549156
910903,Heavy,Diesel,16382,2016,639075
910904,Medium,Electric,1886,2020,668918
910905,Medium,Electric,26673,2023,450075
910906,Light,Diesel,22356,2025,810468
910907,Medium,Diesel,19649,2017,119337
910908,Light,Diesel,27728,2024,117465
910909,Heavy,Electric,16145,2015,109043
910910,Light,CNG,22571,2025,511903
910911,Light,Diesel,15494,2022,615535
910912,Light,Hybrid,10496,2018,848971
910913,Heavy,Diesel,19925,2017,327704
910914,Light,Hybrid,5084,2019,51920
910915,Medium,Electric,24902,2021,632519
910916,Light,Hybrid,10519,2016,133286
910917,Heavy,Diesel,12943,2022,158209
910918,Heavy,Hybrid,19240,2020,309661
910919,Heavy,CNG,29957,2018,262581
910920,Heavy,Diesel,14397,2023,680885
910921,Heavy,Electric,24974,2017,464135
910922,Medium,Diesel,22445,2019,729125
910923,Light,CNG,29135,2015,582491
910924,Heavy,Electric,22202,2022,605651
910925,Heavy,Diesel,22909,2019,591201
910926,Medium,Diesel,16894,2024,597046
910927,Light,Diesel,12468,2022,734848
910928,Heavy,CNG,20629,2017,146255
910929,Heavy,CNG,27423,2022,631786
910930,Heavy,CNG,28569,2022,490080
910931,Medium,Electric,29455,2017,558737
910932,Medium,CNG,16759,2018,679621
910933,Medium,Diesel,13973,2015,471481
910934,Medium,Diesel,7042,2018,580791
910935,Heavy,Hybrid,26545,2020,205695
910936,Heavy,Hybrid,19259,2022,855788
910937,Light,CNG,22044,2023,429808
910938,Light,Electric,25898,2015,168934
910939,Heavy,Diesel,29133,2019,653641
910940,Heavy,Diesel,17899,2024,339479
910941,Light,Hybrid,16821,2020,719797
910942,Light,Hybrid,29545,2020,300786
910943,Heavy,Electric,7563,2023,575438
910944,Heavy,Electric,24352,2020,228654
910945,Light,Electric,14299,2025,429036
910946,Medium,Diesel,12146,2021,59793
910947,Heavy,Diesel,10121,2019,96168
910948,Heavy,Diesel,29702,2020,499626
910949,Light,Hybrid,27026,2016,50720
910950,Light,Diesel,3220,2015,640678
910951,Medium,Diesel,21395,2021,185258
910952,Heavy,Hybrid,15365,2018,635538
910953,Light,Hybrid,4583,2017,857590
910954,Heavy,CNG,15550,2017,652278
910955,Medium,Electric,13894,2016,58999
910956,Medium,Hybrid,15627,2019,163140
910957,Light,Hybrid,15761,2019,73685
910958,Light,Hybrid,26967,2016,800369
910959,Heavy,Diesel,23830,2015,635905
910960,Light,Electric,14625,2025,341159
910961,Medium,Electric,5256,2016,527102
910962,Heavy,Hybrid,7326,2020,746000
910963,Light,CNG,9079,2023,789393
910964,Light,Diesel,28874,2015,522419
910965,Heavy,Hybrid,29267,2024,463362
910966,Medium,CNG,12550,2019,87645
910967,Light,Diesel,8617,2018,303947
910968,Light,Hybrid,25837,2017,784288
910969,Heavy,Electric,28859,2015,668286
910970,Medium,Hybrid,1753,2022,300146
910971,Light,CNG,29101,2024,413358
910972,Heavy,Diesel,22954,2025,283884
910973,Light,Hybrid,1534,2021,106595
910974,Medium,CNG,24192,2015,733077
910975,Light,Diesel,26710,2016,576694
910976,Medium,Hybrid,18640,2019,256649
910977,Light,Electric,16706,2017,70944
910978,Light,Hybrid,11389,2019,605530
910979,Light,Electric,26261,2024,730834
910980,Heavy,Diesel,13850,2021,841775
910981,Light,Hybrid,20276,2025,293045
910982,Light,Diesel,26733,2025,203447
910983,Light,Diesel,4150,2018,828917
910984,Light,Diesel,24997,2021,495991
910985,Heavy,Diesel,12209,2018,134601
910986,Heavy,CNG,29739,2015,379110
910987,Medium,CNG,15753,2024,559816
910988,Light,Hybrid,16129,2022,357867
910989,Heavy,Diesel,23594,2018,151823
910990,Heavy,CNG,3080,2019,374576
910991,Medium,Electric,18106,2018,393016
910992,Heavy,Electric,25513,2025,240376
910993,Medium,CNG,13305,2016,514519
910994,Medium,Hybrid,4369,2024,99886
910995,Heavy,Hybrid,3216,2023,368994
910996,Medium,Diesel,19781,2024,463259
910997,Medium,Hybrid,3078,2016,567453
910998,Heavy,Electric,5466,2023,851661
910999,Heavy,Diesel,12532,2019,452207
911000,Light,CNG,5883,2024,591992
911001,Medium,CNG,9132,2015,626802
911002,Medium,CNG,18191,2022,70677
911003,Medium,Hybrid,14212,2016,65373
911004,Medium,Hybrid,26525,2024,256314
911005,Light,CNG,28530,2018,152906
911006,Light,CNG,3889,2019,290982
911007,Light,CNG,17972,2025,563693
911008,Heavy,CNG,1851,2017,169887
911009,Heavy,Diesel,22870,2015,270357
911010,Heavy,Diesel,7509,2024,528849
911011,Heavy,Electric,10528,2022,251205
911012,Medium,CNG,22378,2015,524955
911013,Medium,Electric,1658,2017,343612
911014,Light,Electric,22721,2018,630674
911015,Medium,CNG,4357,2024,76919
911016,Heavy,Hybrid,27391,2018,877018
911017,Heavy,Electric,2547,2017,777817
911018,Light,Hybrid,14143,2019,676178
911019,Heavy,Electric,18854,2020,183926
911020,Medium,CNG,14851,2018,879333
911021,Medium,CNG,20871,2025,896001
911022,Light,Diesel,19350,2015,215873
911023,Heavy,Diesel,22653,2015,673586
911024,Medium,Diesel,9838,2023,729485
911025,Heavy,CNG,14380,2019,65576
911026,Light,Hybrid,1555,2018,112104
911027,Medium,CNG,1041,2017,496615
911028,Medium,Hybrid,19177,2015,840339
911029,Medium,Hybrid,11371,2016,407540
911030,Heavy,Diesel,20180,2020,720605
911031,Heavy,CNG,22655,2018,885040
911032,Heavy,Electric,3488,2017,466451
911033,Medium,Hybrid,26348,2019,112887
911034,Light,CNG,11794,2017,734740
911035,Heavy,Diesel,1549,2025,10384
911036,Heavy,CNG,1698,2021,865986
911037,Medium,Electric,17625,2023,879110
911038,Light,Hybrid,19894,2019,294079
911039,Medium,Hybrid,25663,2024,205331
911040,Medium,Hybrid,9899,2019,775312
911041,Heavy,CNG,9237,2017,464543
911042,Light,Electric,6488,2017,813769
911043,Medium,Electric,4087,2024,22332
911044,Light,Electric,12844,2019,21102
911045,Medium,Diesel,26044,2021,708837
911046,Heavy,Hybrid,9671,2023,541899
911047,Heavy,CNG,3047,2019,84759
911048,Heavy,Electric,15080,2018,214751
911049,Medium,Hybrid,14178,2024,678111
911050,Medium,Hybrid,9669,2016,16125
911051,Medium,Diesel,23014,2017,180278
911052,Heavy,CNG,27204,2017,784004
911053,Heavy,Hybrid,26454,2025,731873
911054,Heavy,Hybrid,15174,2022,572886
911055,Light,Electric,1434,2018,877577
911056,Medium,Diesel,14940,2020,182799
911057,Medium,CNG,25922,2020,691736
911058,Light,CNG,16234,2016,44644
911059,Medium,Diesel,7470,2020,632275
911060,Medium,Diesel,28100,2021,106580
911061,Medium,Hybrid,10105,2018,611897
911062,Light,Diesel,11793,2020,395408
911063,Heavy,Diesel,18158,2025,216389
911064,Heavy,Hybrid,12341,2025,618846
911065,Light,Electric,15493,2015,448647
911066,Light,Electric,3507,2023,803635
911067,Heavy,Electric,13253,2015,34517
911068,Medium,Electric,12043,2015,145767
911069,Heavy,Hybrid,27029,2017,815391
911070,Medium,Diesel,16755,2017,37145
911071,Heavy,Electric,10861,2015,282973
911072,Medium,Electric,21837,2022,848175
911073,Medium,CNG,1037,2025,858652
911074,Light,Diesel,3464,2022,757989
911075,Heavy,Hybrid,5213,2015,477044
911076,Light,Electric,17606,2020,281764
911077,Medium,Electric,5941,2023,78678
911078,Light,Diesel,2589,2016,163237
911079,Light,Hybrid,7823,2016,436670
911080,Heavy,Electric,21324,2016,16202
911081,Medium,Electric,16969,2020,767002
911082,Heavy,Diesel,8236,2020,608774
911083,Medium,Diesel,18014,2024,714351
911084,Heavy,Hybrid,8749,2016,242224
911085,Medium,Hybrid,21531,2022,889305
911086,Medium,Hybrid,24890,2020,621907
911087,Medium,Hybrid,6386,2017,411027
911088,Light,Hybrid,27375,2018,444720
911089,Medium,Diesel,19952,2024,481785
911090,Medium,Electric,12725,2019,372895
911091,Medium,Diesel,10624,2021,821933
911092,Light,Electric,6434,2018,126805
911093,Light,Hybrid,14809,2022,439713
911094,Light,Diesel,14985,2025,337222
911095,Light,Diesel,28626,2022,426506
911096,Light,Electric,10319,2021,32994
911097,Heavy,Diesel,22906,2024,147385
911098,Medium,Electric,1300,2022,562743
911099,Medium,Diesel,17964,2021,899079
911100,Light,Hybrid,29382,2024,799767
911101,Medium,Electric,10073,2025,484418
911102,Light,CNG,27551,2019,12321
911103,Heavy,CNG,6665,2025,70146
911104,Heavy,CNG,11786,2016,609555
911105,Heavy,Hybrid,23379,2019,192245
911106,Medium,CNG,21059,2019,773376
911107,Medium,Electric,14952,2023,239741
911108,Medium,Electric,19619,2022,514657
911109,Medium,CNG,5806,2015,490029
911110,Medium,Electric,21131,2025,755671
911111,Heavy,CNG,18455,2017,191576
911112,Medium,Electric,27202,2021,445575
911113,Medium,CNG,15548,2024,67434
911114,Heavy,Electric,4728,2020,563579
911115,Light,Hybrid,4857,2022,488860
911116,Light,Hybrid,14456,2023,171461
911117,Light,Electric,21182,2017,354563
911118,Heavy,Diesel,10266,2019,179947
911119,Heavy,CNG,11595,2021,788624
911120,Light,Hybrid,28811,2016,164951
911121,Medium,CNG,23019,2018,220769
911122,Light,Hybrid,28470,2022,201108
911123,Light,Electric,25641,2021,28288
911124,Light,CNG,9654,2023,324570
911125,Light,Diesel,29008,2020,339798
911126,Heavy,Hybrid,7361,2022,22504
911127,Heavy,Electric,9967,2022,126822
911128,Medium,CNG,29685,2023,800583
911129,Medium,CNG,29192,2016,423190
911130,Heavy,Electric,25820,2015,739868
911131,Heavy,Diesel,27716,2024,402554
911132,Light,CNG,5060,2020,796486
911133,Light,Electric,9337,2016,163687
911134,Light,Diesel,20142,2021,469884
911135,Medium,Diesel,24942,2018,51772
911136,Heavy,CNG,8588,2019,892659
911137,Medium,Diesel,22957,2022,395956
911138,Heavy,Diesel,12236,2021,877595
911139,Light,CNG,29652,2025,792035
911140,Light,Diesel,4720,2021,271464
911141,Heavy,Hybrid,4000,2019,524355
911142,Medium,Electric,6920,2021,899763
911143,Heavy,Electric,24868,2023,572010
911144,Heavy,Diesel,29750,2021,760718
911145,Heavy,CNG,1863,2017,848694
911146,Light,Diesel,19011,2018,697613
911147,Light,Diesel,23520,2020,561458
911148,Light,Electric,27661,2024,142935
911149,Medium,CNG,21722,2025,282778
911150,Light,Diesel,18303,2018,837069
911151,Heavy,Electric,13956,2024,423891
911152,Heavy,Hybrid,6350,2024,644238
911153,Heavy,Electric,5707,2021,473394
911154,Medium,Electric,22147,2024,751335
911155,Heavy,Electric,22158,2025,90203
911156,Heavy,CNG,5948,2016,848315
911157,Heavy,Hybrid,14794,2015,853999
911158,Heavy,Diesel,23712,2019,529860
911159,Medium,Electric,10478,2021,29406
911160,Light,Diesel,28755,2022,129249
911161,Medium,Hybrid,9574,2018,408576
911162,Light,Diesel,15497,2016,382334
911163,Medium,Electric,7332,2016,553847
911164,Heavy,Hybrid,21704,2017,64331
911165,Medium,Electric,14639,2019,105950
911166,Light,Diesel,9299,2022,485427
911167,Medium,CNG,12795,2016,309477
911168,Light,CNG,15486,2017,103290
911169,Light,Electric,17489,2016,292763
911170,Medium,Hybrid,7418,2018,405226
911171,Medium,Electric,15413,2019,339985
911172,Medium,Electric,25472,2021,567146
911173,Light,Electric,1961,2016,541101
911174,Light,CNG,17817,2024,94211
911175,Heavy,CNG,9134,2025,749365
911176,Heavy,Electric,2531,2019,623761
911177,Heavy,Diesel,26810,2023,655994
911178,Light,Electric,18766,2023,118447
911179,Heavy,Hybrid,26662,2019,575876
911180,Medium,Diesel,16322,2018,789217
911181,Medium,Electric,18714,2019,333507
911182,Light,Diesel,25440,2023,127599
911183,Light,Diesel,3444,2024,42511
911184,Medium,CNG,3374,2021,668260
911185,Heavy,Electric,29039,2020,108592
911186,Heavy,Diesel,2998,2020,622086
911187,Medium,CNG,7033,2018,55718
911188,Medium,Hybrid,3968,2020,459503
911189,Medium,CNG,2509,2024,188746
911190,Light,Hybrid,5617,2016,456901
911191,Heavy,CNG,7630,2021,304717
911192,Light,Hybrid,22520,2024,469825
911193,Light,Hybrid,1364,2015,488219
911194,Medium,CNG,12672,2019,656189
911195,Heavy,Electric,19081,2021,286474
911196,Light,Electric,20699,2016,23410
911197,Medium,Hybrid,23260,2018,110258
911198,Light,CNG,14412,2019,615281
911199,Heavy,Hybrid,29590,2015,703479
911200,Heavy,Hybrid,7342,2017,234675
911201,Light,Electric,8505,2023,143952
911202,Light,CNG,17386,2015,70315
911203,Medium,Diesel,26855,2022,32729
911204,Medium,Electric,28047,2024,654783
911205,Light,Electric,7334,2015,96531
911206,Medium,Hybrid,8201,2015,107850
911207,Light,Diesel,28189,2016,239560
911208,Medium,Diesel,23011,2019,287343
911209,Light,Diesel,27613,2025,545086
911210,Medium,Diesel,13205,2019,795645
911211,Heavy,Hybrid,9720,2017,685768
911212,Light,Electric,23210,2018,43457
911213,Heavy,Diesel,14275,2025,13655
911214,Medium,Diesel,14305,2024,621115
911215,Heavy,Hybrid,27541,2024,321431
911216,Heavy,Diesel,9283,2016,636585
911217,Light,Diesel,6254,2017,246298
911218,Medium,Diesel,6143,2022,241397
911219,Heavy,Electric,3686,2025,678379
911220,Heavy,CNG,13981,2023,387192
911221,Medium,Hybrid,3860,2018,681045
911222,Light,CNG,17866,2018,398410
911223,Medium,CNG,27218,2023,216421
911224,Medium,CNG,19250,2022,846526
911225,Light,Diesel,2763,2020,807092
911226,Heavy,CNG,12394,2016,197547
911227,Light,Electric,8033,2023,457666
911228,Light,Hybrid,24970,2025,42087
911229,Light,CNG,3742,2025,136366
911230,Medium,CNG,3836,2025,162627
911231,Light,Electric,26516,2017,534484
911232,Medium,Hybrid,2767,2023,567343
911233,Heavy,Hybrid,16348,2019,722715
911234,Heavy,Diesel,20245,2023,351636
911235,Light,Diesel,10501,2025,865479
911236,Medium,Electric,20996,2016,432929
911237,Medium,Hybrid,9365,2024,701422
911238,Medium,Hybrid,10793,2023,617765
911239,Heavy,Hybrid,16276,2019,478040
911240,Light,CNG,5726,2015,759670
911241,Light,Electric,15510,2024,273044
911242,Heavy,CNG,13276,2015,70502
911243,Medium,Diesel,6936,2019,841824
911244,Medium,Hybrid,16536,2017,197073
911245,Medium,Hybrid,19041,2019,677268
911246,Heavy,Hybrid,2768,2024,698706
911247,Heavy,Diesel,6287,2020,251590
911248,Heavy,CNG,18933,2016,808173
911249,Light,CNG,28379,2018,209360
911250,Light,Diesel,12516,2021,19998
911251,Light,Diesel,7091,2022,259623
911252,Medium,Electric,26777,2020,23036
911253,Light,CNG,19801,2021,531372
911254,Medium,Electric,7064,2018,256762
911255,Light,Hybrid,25401,2021,644115
911256,Medium,Diesel,11918,2019,53216
911257,Medium,Diesel,14100,2015,342144
911258,Light,CNG,12585,2023,247613
911259,Light,Electric,8896,2018,110653
911260,Heavy,Electric,24294,2020,371875
911261,Light,Diesel,17491,2015,813456
911262,Heavy,Diesel,11414,2025,127014
911263,Medium,Diesel,7614,2023,262747
911264,Light,Diesel,23106,2017,598226
911265,Medium,Electric,10505,2018,463230
911266,Light,Hybrid,18224,2023,315138
911267,Medium,Hybrid,15807,2018,743230
911268,Medium,Diesel,28106,2015,391570
911269,Light,Electric,28607,2023,744751
911270,Medium,Electric,24795,2021,65684
911271,Light,CNG,28490,2019,61014
911272,Light,CNG,25010,2023,487001
911273,Heavy,Electric,21872,2019,780227
911274,Light,Electric,16474,2015,823997
911275,Light,CNG,15868,2025,820267
911276,Light,CNG,16710,2016,815564
911277,Heavy,Electric,10369,2016,365528
911278,Medium,CNG,22321,2023,800604
911279,Light,CNG,1423,2016,296581
911280,Medium,Electric,28981,2021,633647
911281,Heavy,Hybrid,6579,2025,595123
911282,Heavy,Electric,9615,2025,784318
911283,Medium,CNG,17824,2025,82218
911284,Medium,Electric,17240,2020,287562
911285,Light,CNG,9803,2015,142943
911286,Light,Hybrid,12108,2015,760988
911287,Light,Electric,2534,2022,636983
911288,Heavy,Electric,28232,2016,843199
911289,Light,CNG,22080,2020,520806
911290,Heavy,CNG,20324,2015,366088
911291,Medium,Electric,16676,2022,619852
911292,Heavy,Hybrid,20223,2017,415132
911293,Heavy,Hybrid,8398,2018,313267
911294,Light,Electric,24329,2023,728566
911295,Heavy,Diesel,22942,2023,184535
911296,Light,Hybrid,7432,2019,22670
911297,Light,Hybrid,8943,2019,40453
911298,Heavy,CNG,19841,2021,325665
911299,Light,Electric,26669,2023,746958
911300,Light,Electric,6155,2021,755870
911301,Light,Hybrid,28816,2015,327927
911302,Heavy,CNG,12973,2020,652355
911303,Medium,Hybrid,14350,2022,528620
911304,Light,Diesel,21568,2024,92430
911305,Light,Hybrid,23030,2020,116313
911306,Heavy,Electric,29337,2015,261455
911307,Heavy,Electric,3538,2019,430645
911308,Light,Electric,11199,2019,297378
911309,Light,Diesel,3104,2015,800510
911310,Medium,Hybrid,21449,2019,563544
911311,Light,Diesel,28091,2018,643341
911312,Light,Electric,18664,2018,760496
911313,Light,CNG,18469,2022,543050
911314,Light,Diesel,14704,2020,43427
911315,Heavy,CNG,1573,2018,696759
911316,Light,Electric,29752,2022,95994
911317,Medium,Diesel,5897,2025,403013
911318,Light,Diesel,14640,2018,172918
911319,Light,CNG,24904,2015,671073
911320,Light,Hybrid,19692,2019,358618
911321,Heavy,Hybrid,28253,2023,14345
911322,Heavy,Electric,8727,2018,427100
911323,Light,Diesel,23664,2023,634491
911324,Heavy,Diesel,2074,2025,416024
911325,Medium,Hybrid,27948,2015,418781
911326,Light,Hybrid,28451,2020,529251
911327,Heavy,Electric,2411,2017,73564
911328,Heavy,Diesel,3249,2021,761281
911329,Light,Electric,21781,2019,225951
911330,Light,Hybrid,8329,2017,96250
911331,Heavy,Diesel,6899,2016,847027
911332,Light,CNG,21336,2017,15100
911333,Medium,Diesel,3506,2022,876210
911334,Light,Electric,28340,2018,893361
911335,Medium,Hybrid,21510,2017,647323
911336,Heavy,Electric,27555,2021,703920
911337,Light,Electric,7986,2018,182100
911338,Heavy,CNG,28868,2018,341702
911339,Light,Hybrid,8916,2025,757291
911340,Medium,Hybrid,29878,2018,287091
911341,Light,Electric,25625,2019,194468
911342,Light,Electric,2531,2022,728347
911343,Light,Hybrid,1290,2022,122667
911344,Medium,Electric,29929,2020,650753
911345,Medium,Hybrid,24159,2023,741493
911346,Light,Hybrid,17903,2021,455761
911347,Medium,Diesel,19930,2019,667159
911348,Light,Diesel,13314,2024,717293
911349,Light,Diesel,11927,2025,598423
911350,Medium,Hybrid,26101,2018,159908
911351,Heavy,Diesel,10494,2021,580591
911352,Light,CNG,15263,2017,899898
911353,Medium,Diesel,9233,2020,749304
911354,Light,CNG,1193,2023,496370
911355,Light,CNG,23392,2018,742454
911356,Medium,CNG,29811,2019,336966
911357,Heavy,Electric,28867,2022,725721
911358,Medium,CNG,4004,2020,173651
911359,Light,CNG,14997,2025,272779
911360,Heavy,Hybrid,2684,2022,561630
911361,Heavy,Diesel,16658,2025,506714
911362,Medium,Hybrid,17271,2017,56589
911363,Heavy,Electric,19825,2024,100684
911364,Light,Hybrid,7394,2020,541202
911365,Light,Electric,12894,2022,540795
911366,Medium,Electric,7892,2017,591754
911367,Light,Electric,3557,2020,105223
911368,Medium,Electric,3984,2021,738123
911369,Heavy,Electric,2539,2016,222027
911370,Medium,Diesel,11080,2020,413972
911371,Light,Diesel,15186,2023,755280
911372,Medium,Hybrid,28422,2023,59097
911373,Heavy,Hybrid,14833,2020,21744
911374,Light,CNG,15765,2019,204257
911375,Heavy,Diesel,28035,2023,495062
911376,Heavy,Electric,14532,2015,23927
911377,Medium,Diesel,29157,2017,734557
911378,Medium,Diesel,2584,2019,280849
911379,Light,Diesel,20775,2025,884973
911380,Medium,Hybrid,1111,2021,551867
911381,Light,Electric,3281,2021,620769
911382,Heavy,Hybrid,6610,2017,742642
911383,Medium,Diesel,18004,2022,839601
911384,Light,CNG,16293,2022,243001
911385,Light,Hybrid,26837,2022,658698
911386,Medium,CNG,3451,2015,260245
911387,Light,Diesel,18427,2017,406625
911388,Heavy,Diesel,28166,2023,466834
911389,Heavy,CNG,13493,2016,869904
911390,Heavy,Electric,13099,2023,289043
911391,Light,Hybrid,16791,2018,597675
911392,Heavy,Hybrid,3842,2016,260267
911393,Medium,Hybrid,4605,2022,395155
911394,Medium,Diesel,24547,2017,582159
911395,Medium,Electric,16408,2020,671079
911396,Light,Hybrid,18117,2022,64087
911397,Medium,CNG,25989,2016,794346
911398,Light,Diesel,6145,2021,107689
911399,Medium,Hybrid,20719,2020,385162
911400,Light,Diesel,8023,2017,140225
911401,Heavy,CNG,27638,2019,263900
911402,Medium,Diesel,29019,2021,593281
911403,Heavy,CNG,18042,2025,77560
911404,Light,Hybrid,4976,2021,450780
911405,Heavy,CNG,1363,2016,126883
911406,Medium,Hybrid,3945,2020,45617
911407,Medium,Diesel,1009,2025,90225
911408,Medium,Diesel,5739,2024,410963
911409,Medium,Electric,27609,2023,111728
911410,Medium,CNG,11622,2023,833780
911411,Heavy,Electric,16940,2016,250390
911412,Light,Diesel,5598,2022,64795
911413,Light,Electric,26304,2023,649011
911414,Heavy,CNG,10321,2025,121529
911415,Heavy,Electric,15596,2020,792080
911416,Medium,CNG,6010,2019,132349
911417,Light,Diesel,11770,2022,454217
911418,Medium,Hybrid,13599,2021,304769
911419,Medium,Diesel,9721,2025,680219
911420,Heavy,Diesel,6695,2018,874014
911421,Heavy,Hybrid,15546,2016,474261
911422,Light,CNG,13648,2022,366605
911423,Medium,Hybrid,13654,2019,701912
911424,Heavy,Electric,9562,2019,698107
911425,Medium,Electric,27799,2023,254011
911426,Light,Diesel,19238,2023,285283
911427,Light,CNG,22951,2024,427832
911428,Medium,CNG,26152,2023,707556
911429,Medium,CNG,11947,2022,564147
911430,Medium,Electric,24060,2023,196232
911431,Heavy,CNG,11714,2021,91022
911432,Medium,CNG,4276,2021,204119
911433,Medium,CNG,11310,2019,866948
911434,Medium,CNG,3006,2016,661612
911435,Medium,CNG,1977,2020,329456
911436,Heavy,CNG,24702,2017,528182
911437,Medium,Hybrid,14076,2019,535983
911438,Medium,Hybrid,5734,2021,531574
911439,Medium,Electric,11486,2025,178423
911440,Medium,CNG,6578,2016,90834
911441,Light,CNG,11050,2018,306208
911442,Heavy,Diesel,29068,2015,605164
911443,Heavy,Electric,13328,2016,36343
911444,Medium,CNG,12807,2025,197887
911445,Light,Diesel,14010,2022,219413
911446,Medium,CNG,2212,2023,539466
911447,Medium,Hybrid,2489,2025,792467
911448,Medium,Electric,26578,2025,694435
911449,Medium,Hybrid,7973,2015,320545
911450,Light,Diesel,16749,2021,616145
911451,Light,Electric,19008,2019,856687
911452,Medium,CNG,29732,2024,861256
911453,Medium,Hybrid,14678,2016,640085
911454,Light,Diesel,18812,2015,613904
911455,Medium,Electric,14197,2016,353988
911456,Medium,Electric,4196,2021,109604
911457,Heavy,CNG,6164,2024,285522
911458,Medium,Electric,20978,2021,100776
911459,Heavy,Electric,8514,2024,799161
911460,Heavy,Electric,9455,2017,852030
911461,Light,Diesel,22098,2024,111423
911462,Light,CNG,4865,2023,419716
911463,Medium,CNG,23197,2016,369181
911464,Light,Electric,18439,2016,741810
911465,Heavy,CNG,4359,2019,457411
911466,Heavy,Diesel,28528,2023,549954
911467,Heavy,Diesel,17581,2018,532973
911468,Medium,Hybrid,15176,2021,761463
911469,Medium,CNG,8162,2024,61803
911470,Heavy,Diesel,14069,2020,485485
911471,Medium,CNG,6731,2017,189474
911472,Medium,CNG,24407,2023,218359
911473,Heavy,CNG,28229,2016,841223
911474,Heavy,Hybrid,24003,2024,624573
911475,Heavy,Hybrid,23191,2015,590273
911476,Heavy,Hybrid,7109,2021,665213
911477,Light,CNG,29255,2023,402299
911478,Heavy,Hybrid,16093,2022,677487
911479,Heavy,Electric,14254,2019,256509
911480,Medium,Hybrid,2511,2022,803185
911481,Medium,Hybrid,2859,2017,367482
911482,Heavy,Diesel,17018,2016,342534
911483,Heavy,Hybrid,16282,2019,858669
911484,Heavy,CNG,8531,2015,753525
911485,Light,Hybrid,19378,2015,502353
911486,Heavy,CNG,18176,2016,500042
911487,Medium,Hybrid,14481,2016,445111
911488,Light,CNG,20579,2015,394575
911489,Medium,Electric,20091,2019,637073
911490,Heavy,Electric,19615,2015,774925
911491,Heavy,Diesel,25478,2019,72388
911492,Medium,Hybrid,7977,2017,805609
911493,Heavy,Electric,13551,2025,121885
911494,Heavy,Diesel,17206,2025,766513
911495,Light,Diesel,14373,2023,455949
911496,Light,Electric,18942,2023,154016
911497,Heavy,Diesel,13390,2023,628539
911498,Light,Diesel,6562,2022,425972
911499,Heavy,CNG,14252,2020,112452
911500,Heavy,Diesel,6274,2022,619627
911501,Medium,Hybrid,7150,2016,878535
911502,Light,Electric,20990,2015,782147
911503,Heavy,CNG,17660,2023,35118
911504,Heavy,CNG,23389,2025,65334
911505,Light,Electric,27424,2018,115477
911506,Heavy,CNG,11415,2017,485727
911507,Heavy,Hybrid,24484,2024,588245
911508,Heavy,CNG,22668,2015,633422
911509,Light,Diesel,26734,2019,406636
911510,Heavy,CNG,25212,2024,705857
911511,Light,Diesel,3134,2020,609940
911512,Light,CNG,13475,2016,165907
911513,Medium,Diesel,15996,2025,200887
911514,Light,Electric,19120,2016,898544
911515,Heavy,Diesel,23108,2022,816120
911516,Heavy,Hybrid,18203,2018,591752
911517,Heavy,Hybrid,19144,2018,410838
911518,Heavy,Electric,25688,2018,228159
911519,Medium,CNG,17433,2021,386109
911520,Medium,Hybrid,28517,2021,32742
911521,Light,Electric,9763,2019,873874
911522,Light,CNG,12109,2023,208402
911523,Light,Diesel,24248,2023,245904
911524,Medium,Hybrid,4391,2017,465248
911525,Light,CNG,10184,2022,655414
911526,Medium,Electric,1900,2023,146841
911527,Light,CNG,20848,2025,663863
911528,Heavy,Diesel,4662,2019,683402
911529,Light,Hybrid,22641,2024,719042
911530,Light,Electric,15137,2016,770190
911531,Medium,Diesel,28196,2017,458096
911532,Light,Hybrid,5465,2016,106958
911533,Medium,Diesel,25501,2022,489752
911534,Light,Electric,12427,2017,91998
911535,Medium,CNG,11006,2018,589462
911536,Heavy,CNG,4106,2019,832030
911537,Medium,Diesel,25973,2016,24458
911538,Heavy,Diesel,3319,2022,559871
911539,Heavy,Diesel,29731,2025,352712
911540,Heavy,Hybrid,5791,2025,470245
911541,Heavy,Hybrid,12221,2019,355574
911542,Medium,Hybrid,27573,2024,301128
911543,Light,Diesel,10131,2025,621013
911544,Light,Hybrid,10666,2019,373829
911545,Light,Electric,12030,2019,397743
911546,Medium,Hybrid,5085,2023,220936
911547,Light,Hybrid,3891,2022,723214
911548,Light,CNG,8430,2022,304284
911549,Heavy,CNG,6930,2025,700492
911550,Medium,Diesel,16023,2019,785946
911551,Light,CNG,11237,2017,748582
911552,Heavy,Diesel,16961,2017,627722
911553,Medium,Diesel,22629,2015,802829
911554,Heavy,Hybrid,28740,2018,616871
911555,Medium,Electric,27445,2016,788034
911556,Light,Diesel,12554,2024,634607
911557,Medium,Electric,6836,2025,513050
911558,Heavy,Diesel,8939,2018,628080
911559,Light,CNG,25135,2020,446246
911560,Heavy,Hybrid,10526,2018,651235
911561,Light,Electric,12744,2022,431610
911562,Medium,CNG,16549,2019,487326
911563,Heavy,Hybrid,19796,2020,49220
911564,Light,Diesel,24833,2021,301091
911565,Heavy,Diesel,10873,2016,91091
911566,Heavy,Electric,13583,2024,359133
911567,Light,Electric,9950,2025,353808
911568,Light,Diesel,8674,2020,779747
911569,Light,CNG,17141,2016,243882
911570,Heavy,CNG,28502,2016,209108
911571,Heavy,Hybrid,23698,2016,154192
911572,Heavy,Hybrid,29241,2017,780156
911573,Medium,Diesel,3354,2016,483833
911574,Heavy,CNG,15930,2025,641446
911575,Medium,Electric,7979,2020,671350
911576,Light,Electric,2578,2017,32000
911577,Light,Hybrid,15050,2022,34311
911578,Medium,Hybrid,22636,2017,872395
911579,Heavy,CNG,12471,2015,304333
911580,Heavy,CNG,28110,2015,753729
911581,Heavy,Hybrid,28758,2024,585637
911582,Heavy,Hybrid,6337,2020,418259
911583,Medium,Electric,5250,2016,638746
911584,Light,Hybrid,19838,2022,617928
911585,Heavy,Hybrid,19841,2019,147771
911586,Medium,Diesel,5251,2021,547385
911587,Medium,Electric,9618,2025,510537
911588,Light,CNG,11938,2017,691843
911589,Light,Diesel,21493,2017,851896
911590,Heavy,Hybrid,19909,2016,803288
911591,Light,Diesel,20971,2016,13515
911592,Medium,Diesel,22308,2021,397090
911593,Heavy,Diesel,14370,2021,680010
911594,Medium,Diesel,9318,2016,119777
911595,Medium,CNG,20781,2016,268776
911596,Medium,Hybrid,12839,2015,349698
911597,Medium,Hybrid,12682,2023,38163
911598,Light,Diesel,12518,2015,854852
911599,Medium,Electric,11143,2017,197980
911600,Medium,Diesel,18536,2017,452124
911601,Light,Electric,22805,2023,854654
911602,Light,Electric,11154,2017,714688
911603,Light,Diesel,19246,2015,86963
911604,Medium,CNG,9472,2016,826784
911605,Light,CNG,2585,2023,327904
911606,Medium,Electric,21688,2021,206130
911607,Heavy,Diesel,1466,2016,326981
911608,Heavy,Hybrid,17627,2021,891486
911609,Light,CNG,21086,2015,560549
911610,Medium,Electric,8369,2021,469174
911611,Medium,CNG,20314,2023,343540
911612,Medium,Electric,21273,2023,220453
911613,Light,Diesel,22907,2018,831960
911614,Light,Hybrid,15034,2025,261020
911615,Medium,CNG,17628,2020,365381
911616,Heavy,Electric,23407,2018,740862
911617,Heavy,Hybrid,22481,2020,897723
911618,Medium,Diesel,21793,2016,343363
911619,Medium,Hybrid,12181,2019,819769
911620,Light,Electric,11723,2025,420848
911621,Heavy,Hybrid,4639,2020,870153
911622,Light,Hybrid,24037,2022,703103
911623,Heavy,Diesel,9142,2018,333917
911624,Light,Electric,15057,2021,617234
911625,Light,Hybrid,13490,2023,473607
911626,Medium,Hybrid,19951,2016,147953
911627,Medium,Hybrid,21001,2020,763594
911628,Medium,Electric,21083,2021,744260
911629,Light,CNG,16108,2017,447681
911630,Light,CNG,5422,2023,439754
911631,Light,CNG,21508,2021,37390
911632,Light,Hybrid,10034,2019,864978
911633,Medium,Diesel,23816,2020,613198
911634,Light,Electric,28852,2018,691161
911635,Medium,Electric,12440,2019,238965
911636,Heavy,Electric,16780,2018,874833
911637,Heavy,Hybrid,22931,2016,101812
911638,Light,Hybrid,10353,2025,577827
911639,Heavy,Electric,9618,2021,385276
911640,Light,CNG,18895,2020,608162
911641,Medium,Diesel,4230,2023,456491
911642,Heavy,Diesel,20980,2025,761222
911643,Heavy,Electric,3290,2018,32023
911644,Medium,Electric,29656,2021,115220
911645,Light,Hybrid,27643,2015,652738
911646,Light,CNG,8979,2015,676208
911647,Medium,Electric,21168,2015,574518
911648,Light,Diesel,7718,2015,287388
911649,Heavy,CNG,9254,2018,332096
911650,Light,Diesel,23072,2018,867708
911651,Heavy,Electric,14702,2025,56281
911652,Light,Electric,23673,2017,749538
911653,Medium,Hybrid,2359,2020,799148
911654,Heavy,Hybrid,20982,2019,66048
911655,Medium,Diesel,14506,2019,827299
911656,Light,Hybrid,17835,2022,188191
911657,Light,Hybrid,18713,2025,797157
911658,Heavy,Diesel,23439,2015,854209
911659,Light,Electric,24288,2023,830594
911660,Heavy,Diesel,29932,2017,579346
911661,Medium,Diesel,23497,2021,20205
911662,Light,CNG,22499,2016,585350
911663,Light,Hybrid,13010,2022,512429
911664,Medium,CNG,4856,2019,877930
911665,Light,CNG,26687,2016,83813
911666,Light,CNG,19381,2022,373856
911667,Heavy,Diesel,9520,2023,119793
911668,Heavy,Electric,23018,2022,863317
911669,Light,Diesel,13229,2025,517307
911670,Medium,Diesel,29610,2025,807850
911671,Light,Hybrid,21315,2019,739838
911672,Medium,Hybrid,23589,2017,239257
911673,Heavy,CNG,16215,2021,197335
911674,Heavy,Electric,9687,2018,332379
911675,Light,Diesel,21902,2022,733261
911676,Medium,Hybrid,9634,2020,146655
911677,Medium,Electric,4628,2021,267677
911678,Medium,Hybrid,13063,2022,116425
911679,Heavy,Hybrid,11609,2016,117813
911680,Medium,CNG,28485,2016,657149
911681,Light,CNG,28173,2023,453433
911682,Heavy,CNG,28323,2025,353179
911683,Light,CNG,8970,2024,681186
911684,Heavy,Electric,3347,2023,364877
911685,Light,Diesel,27489,2016,601248
911686,Heavy,CNG,14419,2015,371753
911687,Light,CNG,28308,2017,720387
911688,Medium,CNG,18624,2019,97508
911689,Medium,Diesel,5670,2023,67678
911690,Heavy,Electric,25407,2017,591964
911691,Medium,Diesel,29886,2016,587921
911692,Light,Hybrid,25994,2017,324701
911693,Medium,Hybrid,18135,2015,632245
911694,Heavy,Diesel,18511,2015,179773
911695,Light,Diesel,21857,2018,70217
911696,Light,CNG,24244,2018,505328
911697,Heavy,Hybrid,6691,2022,91714
911698,Heavy,Hybrid,29976,2018,679630
911699,Light,Hybrid,24610,2016,80331
911700,Light,Diesel,26475,2024,576713
911701,Heavy,Diesel,7058,2024,337943
911702,Heavy,Diesel,15678,2020,462954
911703,Light,Hybrid,28838,2022,398713
911704,Heavy,CNG,20608,2023,644666
911705,Heavy,Diesel,22866,2015,282904
911706,Heavy,Electric,13876,2023,29634
911707,Light,CNG,1949,2015,324899
911708,Heavy,Electric,5761,2016,325306
911709,Heavy,Hybrid,8293,2022,252903
911710,Light,Electric,9265,2024,593100
911711,Light,Diesel,17209,2023,634712
911712,Light,Diesel,29769,2019,887518
911713,Heavy,Electric,22138,2020,480207
911714,Medium,Electric,23346,2024,35369
911715,Light,Diesel,27999,2024,300464
911716,Heavy,Diesel,28154,2019,511336
911717,Medium,Electric,8245,2023,686288
911718,Heavy,Diesel,2239,2019,342318
911719,Medium,Hybrid,24343,2020,385460
911720,Light,Hybrid,12865,2017,624112
911721,Heavy,CNG,14952,2018,865974
911722,Light,CNG,23793,2023,590513
911723,Medium,Diesel,17555,2024,125353
911724,Medium,Hybrid,27025,2020,592937
911725,Heavy,CNG,13494,2015,213542
911726,Medium,Hybrid,27586,2021,544395
911727,Heavy,CNG,17847,2023,397836
911728,Light,Diesel,14340,2022,453625
911729,Heavy,Electric,3323,2017,620572
911730,Medium,CNG,9479,2017,684010
911731,Light,CNG,29514,2019,434331
911732,Heavy,Diesel,17770,2025,808783
911733,Medium,CNG,24041,2024,816996
911734,Heavy,Diesel,12105,2020,223354
911735,Heavy,CNG,3544,2018,217077
911736,Heavy,Hybrid,24540,2020,418230
911737,Light,Hybrid,6903,2020,418259
911738,Medium,Hybrid,15599,2025,325250
911739,Heavy,Hybrid,23320,2015,675094
911740,Heavy,CNG,4721,2015,576849
911741,Medium,Hybrid,16558,2017,314935
911742,Heavy,Hybrid,26373,2025,480859
911743,Medium,Electric,14998,2020,45783
911744,Heavy,Hybrid,24870,2015,57324
911745,Light,Electric,29096,2016,230573
911746,Light,Electric,14436,2017,110427
911747,Heavy,Electric,18741,2025,160073
911748,Heavy,CNG,16709,2020,239792
911749,Medium,Electric,5323,2018,77434
911750,Heavy,Hybrid,3226,2022,403602
911751,Light,Hybrid,26890,2018,101089
911752,Medium,Diesel,9022,2015,418328
911753,Medium,Diesel,25872,2018,873659
911754,Light,Hybrid,29226,2019,700599
911755,Medium,Electric,19008,2017,561316
911756,Medium,Electric,4764,2025,387709
911757,Light,Hybrid,10919,2021,733566
911758,Medium,Hybrid,3693,2024,837611
911759,Light,Diesel,28115,2020,711813
911760,Heavy,CNG,3289,2018,278850
911761,Heavy,Diesel,23587,2021,402912
911762,Heavy,Electric,20691,2015,234825
911763,Heavy,Hybrid,23794,2025,179133
911764,Light,Hybrid,16074,2022,658938
911765,Medium,Hybrid,20937,2015,761665
911766,Heavy,CNG,7812,2018,659553
911767,Light,Diesel,9818,2015,423539
911768,Heavy,Diesel,18109,2024,170680
911769,Medium,CNG,16832,2023,462226
911770,Heavy,CNG,8149,2018,322716
911771,Light,Electric,5322,2023,692337
911772,Heavy,CNG,4369,2016,738963
911773,Light,Electric,27948,2021,852227
911774,Light,Electric,9914,2019,615094
911775,Medium,CNG,23015,2015,246169
911776,Heavy,Diesel,9432,2015,566283
911777,Light,Electric,7481,2023,528328
911778,Light,Diesel,1603,2019,74762
911779,Light,CNG,22477,2018,826490
911780,Heavy,CNG,19997,2025,321441
911781,Heavy,Diesel,12993,2018,730860
911782,Medium,Diesel,5441,2015,76233
911783,Heavy,CNG,20895,2020,400827
911784,Heavy,Diesel,13231,2017,668089
911785,Light,Diesel,10939,2021,634905
911786,Heavy,Diesel,18298,2025,281822
911787,Heavy,CNG,5124,2024,796555
911788,Medium,CNG,9989,2020,357374
911789,Heavy,CNG,15715,2021,137546
911790,Medium,Electric,25885,2016,696316
911791,Heavy,CNG,6105,2024,488904
911792,Medium,Electric,20827,2015,599761
911793,Medium,CNG,15439,2021,630983
911794,Medium,CNG,16229,2020,770920
911795,Medium,CNG,19455,2020,692569
911796,Heavy,CNG,24474,2025,115382
911797,Light,Electric,26330,2024,430013
911798,Light,CNG,4106,2017,204387
911799,Light,Diesel,3786,2021,17851
911800,Light,Diesel,29079,2020,281450
911801,Medium,Hybrid,18451,2015,45702
911802,Heavy,Hybrid,28411,2018,70413
911803,Medium,Hybrid,15891,2023,318371
911804,Light,CNG,20334,2025,401189
911805,Heavy,Electric,16099,2023,701565
911806,Light,Electric,27431,2022,413612
911807,Heavy,Electric,10714,2018,754978
911808,Light,Hybrid,9938,2024,69127
911809,Light,Electric,13074,2022,883731
911810,Heavy,Diesel,10133,2022,595301
911811,Heavy,Diesel,5699,2016,311791
911812,Light,Diesel,11751,2017,369832
911813,Light,Diesel,7592,2021,371734
911814,Medium,Diesel,8660,2018,684606
911815,Heavy,Hybrid,25543,2018,690657
911816,Medium,Hybrid,19479,2024,572583
911817,Medium,Hybrid,25268,2020,451358
911818,Light,Diesel,18189,2017,544745
911819,Heavy,Hybrid,16797,2019,340083
911820,Medium,Hybrid,13291,2016,393953
911821,Light,Electric,29064,2024,749353
911822,Heavy,Hybrid,28711,2025,480138
911823,Light,Electric,18614,2016,836622
911824,Heavy,Diesel,23912,2022,579007
911825,Medium,Hybrid,8976,2022,716459
911826,Light,Hybrid,16237,2024,811589
911827,Heavy,Diesel,1509,2024,207301
911828,Light,Hybrid,21869,2016,462049
911829,Heavy,Diesel,9967,2018,99630
911830,Heavy,Diesel,1535,2017,201160
911831,Light,CNG,20214,2017,551728
911832,Heavy,Electric,18818,2018,301212
911833,Heavy,CNG,9053,2015,337880
911834,Light,CNG,25863,2017,579126
911835,Medium,Electric,17912,2021,262900
911836,Light,Diesel,27907,2016,492318
911837,Heavy,Hybrid,2404,2018,177762
911838,Medium,Hybrid,12106,2016,255240
911839,Medium,Hybrid,18416,2017,796143
911840,Heavy,Electric,9881,2020,483027
911841,Light,Hybrid,24515,2022,385523
911842,Medium,Electric,19508,2017,216529
911843,Heavy,Diesel,4670,2022,401675
911844,Light,Diesel,24154,2017,326764
911845,Light,CNG,27205,2016,448457
911846,Medium,Electric,15994,2015,473321
911847,Heavy,Diesel,14560,2021,593721
911848,Light,Electric,16925,2020,175923
911849,Light,Electric,1296,2025,139081
911850,Heavy,Diesel,5610,2024,586715
911851,Heavy,Electric,21206,2024,724151
911852,Heavy,Diesel,5647,2016,816731
911853,Medium,Electric,25512,2021,558128
911854,Light,Electric,8415,2018,130970
911855,Heavy,CNG,19691,2016,727041
911856,Heavy,Hybrid,17759,2024,396286
911857,Medium,Hybrid,18753,2019,774840
911858,Medium,CNG,6892,2020,673817
911859,Light,Electric,7252,2025,737901
911860,Heavy,Diesel,3216,2015,382482
911861,Light,Electric,16097,2021,680040
911862,Heavy,Hybrid,17870,2024,528630
911863,Heavy,CNG,25591,2020,170063
911864,Light,CNG,13724,2016,51397
911865,Heavy,Electric,15271,2024,346721
911866,Heavy,Diesel,6785,2020,763639
911867,Heavy,Electric,12598,2023,222467
911868,Heavy,Electric,7782,2023,608155
911869,Heavy,Diesel,3924,2025,885262
911870,Medium,CNG,5744,2018,571000
911871,Heavy,Hybrid,5096,2018,354880
911872,Medium,Diesel,19976,2019,87372
911873,Heavy,CNG,4771,2016,309264
911874,Light,Hybrid,14026,2023,42131
911875,Light,Hybrid,8442,2019,695883
911876,Heavy,Hybrid,3557,2015,773741
911877,Light,CNG,11487,2021,492671
911878,Heavy,Hybrid,9717,2022,84327
911879,Heavy,Electric,16481,2015,667132
911880,Heavy,Diesel,28371,2015,203358
911881,Heavy,CNG,25662,2015,39882
911882,Heavy,Hybrid,12460,2019,571627
911883,Medium,CNG,8082,2022,441629
911884,Light,Diesel,15228,2022,671874
911885,Light,Diesel,23789,2022,399803
911886,Light,CNG,2994,2021,722448
911887,Light,CNG,27988,2025,240650
911888,Heavy,Electric,28495,2022,213426
911889,Light,Diesel,5353,2019,392020
911890,Medium,Electric,19880,2017,223125
911891,Medium,Electric,13731,2022,479487
911892,Light,Electric,15144,2024,290878
911893,Light,Hybrid,8630,2015,599388
911894,Light,Diesel,2677,2022,841647
911895,Light,Electric,19130,2016,214804
911896,Heavy,CNG,4893,2015,716336
911897,Medium,CNG,16224,2019,484682
911898,Heavy,Diesel,25048,2022,750214
911899,Heavy,Electric,3012,2017,760829
911900,Heavy,Electric,19972,2025,385637
911901,Heavy,Electric,3789,2023,783362
911902,Heavy,Hybrid,6668,2022,633088
911903,Medium,CNG,15388,2017,449181
911904,Light,Electric,15678,2017,634994
911905,Heavy,Electric,18888,2025,775409
911906,Light,Diesel,17553,2015,62484
911907,Heavy,Diesel,8861,2019,829324
911908,Heavy,CNG,1589,2018,11290
911909,Heavy,CNG,23578,2015,517198
911910,Light,Diesel,4725,2025,856311
911911,Medium,Hybrid,24874,2020,141648
911912,Medium,Hybrid,26006,2024,695061
911913,Heavy,Hybrid,2303,2015,151866
911914,Medium,Diesel,14985,2023,831261
911915,Heavy,CNG,6575,2024,491546
911916,Heavy,Hybrid,25030,2021,70174
911917,Light,Diesel,29477,2019,718981
911918,Heavy,CNG,4334,2022,401385
911919,Heavy,Hybrid,15386,2023,237294
911920,Medium,Diesel,5818,2025,226430
911921,Light,CNG,13946,2015,547597
911922,Light,Hybrid,17527,2024,418153
911923,Medium,Hybrid,19478,2023,258339
911924,Light,Hybrid,19883,2016,810265
911925,Medium,CNG,29371,2024,396353
911926,Heavy,Diesel,18275,2015,371917
911927,Light,Electric,18211,2021,686281
911928,Heavy,Hybrid,10039,2017,807462
911929,Medium,CNG,22248,2016,708229
911930,Heavy,CNG,12750,2022,596243
911931,Medium,Electric,5844,2017,270741
911932,Heavy,Hybrid,4984,2022,199332
911933,Heavy,CNG,7081,2021,335055
911934,Light,CNG,13309,2019,889029
911935,Heavy,CNG,7000,2021,312658
911936,Heavy,Electric,25522,2016,752544
911937,Heavy,CNG,14785,2017,353772
911938,Heavy,Hybrid,4917,2019,401300
911939,Light,Diesel,13595,2022,782675
911940,Medium,Electric,27583,2015,427937
911941,Heavy,Hybrid,10710,2017,822280
911942,Light,Diesel,3692,2024,708205
911943,Medium,Hybrid,3269,2024,655813
911944,Medium,Electric,6064,2024,40454
911945,Light,Hybrid,6552,2020,175575
911946,Heavy,Electric,20581,2015,769743
911947,Light,Hybrid,17168,2023,723511
911948,Medium,Electric,25321,2020,164269
911949,Heavy,Hybrid,6356,2021,757615
911950,Medium,Diesel,7044,2024,128344
911951,Light,Diesel,16666,2019,559663
911952,Heavy,CNG,24486,2019,577889
911953,Heavy,CNG,29727,2019,639136
911954,Light,CNG,2765,2016,209081
911955,Medium,Hybrid,9728,2021,769106
911956,Medium,Diesel,24079,2016,215948
911957,Medium,Electric,11062,2025,804301
911958,Heavy,Diesel,21994,2021,711485
911959,Light,Diesel,23728,2024,107856
911960,Medium,Diesel,27863,2020,497747
911961,Heavy,Diesel,22549,2019,96375
911962,Light,Diesel,23192,2016,450224
911963,Heavy,Hybrid,18651,2018,811360
911964,Medium,CNG,11239,2023,895558
911965,Heavy,Electric,28455,2025,543276
911966,Medium,Hybrid,29266,2025,889755
911967,Medium,Electric,6228,2025,524356
911968,Heavy,Electric,9817,2016,877708
911969,Light,Electric,24918,2017,68869
911970,Medium,Diesel,1230,2015,166127
911971,Heavy,Diesel,1596,2017,194872
911972,Heavy,Diesel,11508,2025,254861
911973,Light,Diesel,27612,2025,45566
911974,Medium,Diesel,4382,2021,884445
911975,Heavy,Diesel,4889,2024,811942
911976,Medium,CNG,26646,2024,827296
911977,Medium,CNG,3472,2021,347589
911978,Heavy,CNG,20662,2019,592121
911979,Heavy,Diesel,6477,2024,287677
911980,Light,Hybrid,18220,2020,662687
911981,Medium,Diesel,8563,2022,569736
911982,Heavy,Diesel,17797,2024,751182
911983,Medium,CNG,9891,2021,675095
911984,Light,Diesel,24269,2023,860492
911985,Medium,Diesel,28410,2022,97639
911986,Heavy,Hybrid,21642,2022,25102
911987,Medium,Hybrid,24030,2019,411056
911988,Heavy,Diesel,13709,2025,279317
911989,Medium,Hybrid,2339,2023,427988
911990,Heavy,Diesel,22536,2023,586908
911991,Medium,Hybrid,29793,2018,392896
911992,Heavy,Hybrid,3888,2021,484006
911993,Medium,Diesel,10664,2025,307626
911994,Medium,CNG,13114,2025,835321
911995,Medium,Diesel,21900,2016,585498
911996,Light,Diesel,26417,2016,408519
911997,Medium,Hybrid,29086,2025,249692
911998,Heavy,Diesel,13698,2025,95639
911999,Medium,Diesel,8273,2019,721369
912000,Heavy,Electric,7127,2015,841477
912001,Light,Hybrid,26869,2017,44195
912002,Medium,Diesel,20424,2025,540875
912003,Medium,CNG,1064,2018,486861
912004,Medium,Electric,23836,2018,491863
912005,Light,CNG,21964,2022,175154
912006,Light,Electric,29350,2023,829291
912007,Medium,CNG,17822,2019,326610
912008,Heavy,Diesel,9806,2020,767513
912009,Light,Hybrid,24372,2018,841004
912010,Heavy,Diesel,10539,2021,482800
912011,Medium,CNG,11183,2022,114263
912012,Heavy,Hybrid,20852,2023,715380
912013,Heavy,Hybrid,24706,2022,564696
912014,Light,Hybrid,18426,2018,663317
912015,Heavy,Electric,28603,2021,35659
912016,Medium,Electric,20564,2015,377773
912017,Medium,Electric,12157,2016,625566
912018,Heavy,Hybrid,19532,2024,327028
912019,Medium,Hybrid,20671,2016,173700
912020,Heavy,Hybrid,27708,2024,394498
912021,Heavy,Hybrid,12225,2023,800263
912022,Light,Diesel,27757,2020,572574
912023,Medium,Diesel,18169,2016,327563
912024,Medium,Diesel,28597,2018,341406
912025,Light,Electric,23333,2015,244200
912026,Light,Diesel,13791,2016,889194
912027,Heavy,Electric,4737,2022,126140
912028,Medium,Electric,19475,2017,885211
912029,Heavy,Electric,8306,2020,176692
912030,Medium,Hybrid,10596,2021,723306
912031,Medium,Hybrid,5759,2025,669654
912032,Light,Electric,4688,2015,333934
912033,Light,Hybrid,13168,2016,49394
912034,Heavy,Hybrid,24781,2024,287589
912035,Heavy,Electric,26466,2016,501950
912036,Light,Diesel,2844,2020,589565
912037,Light,Electric,20975,2017,539769
912038,Medium,CNG,13686,2017,67603
912039,Light,Diesel,3819,2018,156242
912040,Light,Hybrid,9015,2018,393776
912041,Light,Hybrid,1346,2025,733239
912042,Medium,Hybrid,24599,2021,56774
912043,Medium,Diesel,13939,2016,370465
912044,Medium,CNG,20078,2015,163206
912045,Medium,Diesel,25056,2025,606884
912046,Medium,Hybrid,6891,2017,788425
912047,Medium,Diesel,17743,2018,244903
912048,Heavy,Diesel,7123,2024,474889
912049,Light,Diesel,25803,2022,704877
912050,Medium,CNG,9271,2018,386912
912051,Light,Electric,20830,2025,672973
912052,Medium,Electric,25295,2020,521664
912053,Heavy,CNG,24925,2023,560628
912054,Light,Electric,27598,2021,625559
912055,Light,Electric,16886,2016,585736
912056,Medium,Hybrid,25710,2020,598582
912057,Medium,Diesel,7894,2016,234457
912058,Heavy,CNG,4130,2023,334996
912059,Light,Diesel,25158,2022,28395
912060,Medium,Electric,6281,2020,246433
912061,Light,Electric,13170,2023,34037
912062,Light,CNG,1461,2017,890506
912063,Medium,Electric,29007,2016,164790
912064,Medium,Diesel,2322,2022,207121
912065,Medium,Hybrid,9668,2025,631460
912066,Light,Hybrid,9550,2024,728019
912067,Heavy,CNG,8574,2015,830888
912068,Light,CNG,10467,2017,238046
912069,Heavy,CNG,25262,2023,856037
912070,Light,Electric,28853,2019,12223
912071,Medium,Diesel,14701,2023,608745
912072,Heavy,Diesel,25522,2016,584117
912073,Heavy,Diesel,16021,2022,447151
912074,Light,Hybrid,2423,2024,701194
912075,Medium,Hybrid,5184,2022,172383
912076,Heavy,Hybrid,14201,2021,620820
912077,Heavy,Hybrid,28204,2025,309246
912078,Heavy,Diesel,28238,2022,659216
912079,Medium,CNG,8664,2024,232879
912080,Medium,Electric,20082,2023,544912
912081,Light,Electric,19773,2019,98787
912082,Heavy,Electric,7283,2023,484653
912083,Light,Electric,21073,2021,632617
912084,Medium,Electric,16512,2018,70783
912085,Heavy,Diesel,23868,2021,603301
912086,Light,Diesel,23752,2017,707643
912087,Light,Hybrid,20554,2024,614406
912088,Medium,Electric,14950,2015,857743
912089,Light,Electric,19519,2020,704080
912090,Medium,Diesel,1080,2024,142999
912091,Light,CNG,1988,2018,644247
912092,Heavy,Diesel,25883,2018,402904
912093,Medium,Hybrid,19885,2023,738799
912094,Light,Diesel,26133,2022,797340
912095,Heavy,Electric,25650,2016,176069
912096,Heavy,Diesel,14933,2015,823017
912097,Light,Diesel,27643,2016,119132
912098,Medium,Diesel,18894,2018,44080
912099,Heavy,Hybrid,14327,2018,467041
912100,Medium,Electric,7583,2025,439373
912101,Light,CNG,12339,2017,847910
912102,Heavy,CNG,14285,2017,239806
912103,Medium,CNG,26613,2024,570340
912104,Medium,Diesel,26923,2017,122595
912105,Light,CNG,29284,2021,111705
912106,Medium,Diesel,17315,2025,849917
912107,Heavy,Hybrid,6730,2017,872656
912108,Medium,Hybrid,7286,2019,498525
912109,Light,Hybrid,15356,2023,61630
912110,Heavy,Electric,12350,2015,396049
912111,Heavy,Hybrid,6262,2025,375899
912112,Heavy,Diesel,29504,2025,266395
912113,Medium,Diesel,8371,2019,600886
912114,Heavy,Electric,23812,2024,54725
912115,Medium,Diesel,28159,2024,857323
912116,Light,Electric,6518,2021,449685
912117,Light,Diesel,7064,2018,386792
912118,Heavy,Diesel,11964,2018,747746
912119,Medium,Electric,5570,2018,656530
912120,Light,Diesel,29318,2019,444255
912121,Medium,Electric,29470,2024,43267
912122,Heavy,Hybrid,7113,2018,129477
912123,Medium,Hybrid,15502,2025,612645
912124,Medium,Electric,27692,2024,340892
912125,Light,Electric,22761,2017,382728
912126,Medium,CNG,3175,2016,562010
912127,Light,Electric,3492,2022,253662
912128,Light,Diesel,2764,2019,289353
912129,Medium,Electric,19480,2024,546038
912130,Medium,CNG,4038,2017,277528
912131,Light,Hybrid,6787,2020,91808
912132,Heavy,Diesel,17069,2020,678997
912133,Medium,Diesel,15088,2016,521530
912134,Heavy,Diesel,29324,2020,477669
912135,Heavy,Diesel,16479,2025,704372
912136,Light,Electric,16249,2020,589271
912137,Heavy,Diesel,5917,2018,863038
912138,Medium,Electric,19208,2024,17385
912139,Heavy,Electric,21246,2017,626011
912140,Light,CNG,9122,2021,240546
912141,Medium,CNG,4179,2017,788348
912142,Medium,CNG,23965,2023,510837
912143,Light,CNG,26756,2021,284866
912144,Medium,Electric,17301,2018,329265
912145,Medium,Electric,8810,2017,776237
912146,Light,Diesel,16376,2018,299768
912147,Medium,Hybrid,25948,2017,520102
912148,Medium,Diesel,13622,2019,349777
912149,Heavy,Diesel,8735,2016,108200
912150,Medium,Diesel,18029,2020,125377
912151,Light,CNG,10817,2016,596234
912152,Medium,CNG,10676,2023,876283
912153,Light,Diesel,19070,2023,301410
912154,Light,CNG,13302,2025,670264
912155,Light,Diesel,21558,2024,670980
912156,Light,Electric,6867,2025,760731
912157,Medium,CNG,6425,2024,120647
912158,Medium,Electric,9727,2023,187952
912159,Medium,CNG,20237,2016,848230
912160,Light,Hybrid,21412,2017,536077
912161,Light,CNG,8863,2019,859996
912162,Medium,CNG,8124,2025,160912
912163,Light,Electric,18271,2020,664446
912164,Medium,CNG,14797,2018,802839
912165,Heavy,CNG,26848,2019,336118
912166,Medium,CNG,27139,2023,110570
912167,Medium,Hybrid,10336,2020,91919
912168,Medium,Electric,12972,2015,114716
912169,Heavy,CNG,12095,2024,666743
912170,Medium,CNG,10644,2020,296792
912171,Light,Diesel,29837,2018,680960
912172,Light,Hybrid,25924,2016,203237
912173,Medium,Hybrid,19375,2023,143699
912174,Light,Hybrid,25821,2021,680915
912175,Light,Electric,7976,2021,266449
912176,Heavy,Electric,3679,2025,659921
912177,Medium,CNG,16448,2021,361741
912178,Heavy,Hybrid,27516,2019,203821
912179,Light,Diesel,1482,2020,717848
912180,Light,Electric,16578,2019,569827
912181,Medium,Hybrid,16717,2021,652096
912182,Light,Diesel,23621,2018,849981
912183,Heavy,CNG,21709,2024,603863
912184,Light,CNG,21510,2018,751979
912185,Medium,Hybrid,6902,2021,880285
912186,Light,Hybrid,8222,2021,360892
912187,Medium,Diesel,24557,2023,505394
912188,Light,CNG,27782,2017,654240
912189,Heavy,Diesel,12501,2015,708318
912190,Medium,Diesel,5677,2017,757697
912191,Light,Electric,10409,2023,689562
912192,Light,Hybrid,5970,2022,138663
912193,Medium,Hybrid,21071,2017,743309
912194,Light,CNG,13884,2025,122644
912195,Medium,CNG,9855,2016,315732
912196,Light,Diesel,6251,2021,39058
912197,Heavy,Diesel,9798,2018,444811
912198,Heavy,Hybrid,13686,2022,485861
912199,Medium,CNG,4803,2024,386179
912200,Light,CNG,13039,2016,279262
912201,Heavy,Hybrid,6057,2024,257952
912202,Medium,Diesel,16501,2022,49662
912203,Light,Diesel,15752,2019,92715
912204,Medium,CNG,17877,2019,871498
912205,Medium,CNG,28504,2025,317281
912206,Medium,CNG,11788,2024,113627
912207,Light,CNG,8276,2017,478001
912208,Medium,Diesel,14546,2019,829070
912209,Light,Diesel,15375,2015,802179
912210,Medium,Electric,23222,2016,422462
912211,Heavy,Diesel,16010,2017,406118
912212,Heavy,Electric,19928,2025,737404
912213,Medium,CNG,20366,2022,106257
912214,Light,CNG,27976,2019,437791
912215,Heavy,CNG,6045,2016,34838
912216,Light,Electric,22974,2020,189407
912217,Heavy,Electric,9845,2015,391508
912218,Heavy,Electric,13275,2022,776824
912219,Light,CNG,10148,2024,716031
912220,Medium,Diesel,8808,2016,308791
912221,Heavy,Hybrid,14388,2016,773823
912222,Medium,Electric,20704,2015,793175
912223,Light,Electric,17822,2024,589331
912224,Light,Hybrid,28623,2016,527820
912225,Medium,CNG,24696,2020,459597
912226,Heavy,Electric,2317,2022,137766
912227,Medium,CNG,27945,2019,431293
912228,Light,Diesel,2158,2020,83128
912229,Heavy,Hybrid,16289,2021,516605
912230,Light,Diesel,23969,2019,450988
912231,Heavy,Hybrid,15160,2019,803788
912232,Medium,Electric,25797,2017,854476
912233,Heavy,Electric,29185,2015,826380
912234,Heavy,Diesel,2400,2025,143682
912235,Heavy,Diesel,21977,2021,261690
912236,Light,Diesel,1595,2022,701263
912237,Heavy,Diesel,16659,2019,298489
912238,Heavy,Diesel,4460,2019,255506
912239,Heavy,CNG,15873,2020,213726
912240,Light,Hybrid,3199,2021,424141
912241,Medium,Hybrid,16215,2019,514683
912242,Medium,Diesel,27647,2022,355278
912243,Heavy,Diesel,22330,2018,875699
912244,Heavy,Electric,4205,2016,525930
912245,Heavy,Diesel,10041,2025,636177
912246,Heavy,Electric,10415,2016,763903
912247,Medium,CNG,13191,2016,386571
912248,Heavy,Diesel,25273,2022,854069
912249,Heavy,Electric,12158,2016,592983
912250,Light,Electric,10523,2023,668219
912251,Medium,Diesel,11982,2015,376852
912252,Medium,Diesel,1867,2020,819024
912253,Light,Hybrid,29519,2016,166145
912254,Light,Diesel,19715,2015,455277
912255,Light,Diesel,28917,2015,457080
912256,Light,Hybrid,10284,2015,640459
912257,Light,Electric,4728,2023,740573
912258,Medium,CNG,3069,2019,326534
912259,Medium,Hybrid,27600,2015,271648
912260,Heavy,CNG,15756,2020,897250
912261,Light,CNG,7351,2016,840063
912262,Light,CNG,28448,2021,425989
912263,Heavy,Diesel,11159,2023,698745
912264,Medium,CNG,10254,2019,508436
912265,Light,Hybrid,28765,2025,745288
912266,Light,Hybrid,28278,2025,155966
912267,Light,Electric,11207,2025,369294
912268,Light,Hybrid,14825,2016,754478
912269,Medium,CNG,15224,2020,794255
912270,Heavy,Electric,6412,2025,371430
912271,Medium,Hybrid,3856,2019,804386
912272,Light,CNG,4558,2015,564279
912273,Medium,Hybrid,11822,2016,846806
912274,Medium,CNG,21487,2021,387390
912275,Medium,CNG,3783,2016,114132
912276,Heavy,CNG,13855,2023,890796
912277,Medium,Hybrid,3265,2024,158440
912278,Heavy,Hybrid,11825,2017,728339
912279,Light,Diesel,9074,2025,874603
912280,Light,Electric,11316,2024,209598
912281,Medium,Electric,24022,2021,574861
912282,Light,CNG,9006,2019,439431
912283,Medium,Hybrid,11461,2021,136869
912284,Medium,CNG,14131,2022,362304
912285,Light,Electric,27931,2025,761846
912286,Medium,Electric,14715,2025,77219
912287,Medium,Hybrid,5223,2017,42106
912288,Heavy,Diesel,19601,2019,786240
912289,Medium,Electric,20387,2015,847322
912290,Heavy,Electric,6241,2024,382755
912291,Light,Electric,19564,2023,418284
912292,Medium,CNG,25284,2017,108612
912293,Light,Electric,15947,2018,815564
912294,Medium,Hybrid,8452,2019,348144
912295,Light,Diesel,23616,2025,242274
912296,Heavy,Diesel,16376,2017,616638
912297,Heavy,CNG,11742,2018,304797
912298,Medium,CNG,27487,2017,618968
912299,Heavy,CNG,21103,2019,828798
912300,Light,Electric,16362,2023,426830
912301,Heavy,Hybrid,8972,2016,111895
912302,Medium,Diesel,18822,2023,712033
912303,Medium,Diesel,25753,2022,458604
912304,Medium,CNG,28270,2015,256043
912305,Medium,Electric,18115,2025,190470
912306,Medium,Diesel,5837,2015,648101
912307,Heavy,Hybrid,18452,2015,817243
912308,Light,Electric,13769,2022,383760
912309,Medium,Diesel,17336,2015,520926
912310,Heavy,Diesel,15287,2023,499600
912311,Light,Diesel,6770,2025,466673
912312,Light,Electric,5483,2021,262720
912313,Heavy,Electric,8073,2020,462151
912314,Heavy,Hybrid,19404,2025,540015
912315,Heavy,Hybrid,17794,2021,720066
912316,Heavy,Diesel,17318,2017,46001
912317,Medium,Hybrid,1270,2016,424353
912318,Medium,Hybrid,20559,2020,331825
912319,Medium,Diesel,9506,2019,155564
912320,Medium,CNG,21685,2023,692425
912321,Heavy,Diesel,12701,2017,861999
912322,Medium,Electric,29366,2018,450146
912323,Medium,CNG,20419,2015,438853
912324,Medium,Hybrid,7002,2021,32159
912325,Medium,CNG,18105,2015,679367
912326,Light,Hybrid,29952,2016,668276
912327,Heavy,Diesel,24052,2024,35346
912328,Light,CNG,23298,2018,378943
912329,Medium,CNG,17077,2025,40081
912330,Light,Electric,12199,2023,817954
912331,Heavy,CNG,2626,2023,238982
912332,Light,Electric,26334,2024,38393
912333,Heavy,CNG,27961,2021,613956
912334,Medium,Diesel,10244,2019,720730
912335,Light,Electric,18987,2017,330825
912336,Light,Hybrid,11639,2024,697875
912337,Light,CNG,14144,2021,137131
912338,Medium,Electric,15888,2023,201552
912339,Medium,CNG,19472,2018,605852
912340,Heavy,Diesel,23592,2022,220742
912341,Medium,CNG,26933,2019,541781
912342,Heavy,CNG,8891,2025,106366
912343,Heavy,Hybrid,28306,2020,506716
912344,Medium,CNG,25777,2015,249292
912345,Medium,Diesel,28072,2025,455034
912346,Medium,Diesel,10812,2020,546257
912347,Medium,Hybrid,24665,2025,376998
912348,Light,Hybrid,18232,2024,432307
912349,Medium,Hybrid,14864,2016,673445
912350,Medium,Electric,29972,2024,852066
912351,Heavy,Diesel,15773,2022,106918
912352,Heavy,CNG,12545,2017,96063
912353,Medium,Hybrid,15041,2018,898909
912354,Medium,Hybrid,2355,2025,303658
912355,Light,CNG,25041,2018,884021
912356,Medium,Hybrid,18660,2017,575845
912357,Heavy,CNG,26984,2017,220553
912358,Heavy,Electric,14367,2020,677116
912359,Medium,CNG,20267,2019,327477
912360,Heavy,Electric,28041,2025,45909
912361,Heavy,CNG,10775,2019,721744
912362,Heavy,CNG,12731,2025,791695
912363,Heavy,Hybrid,2295,2019,195152
912364,Medium,Diesel,18258,2023,27827
912365,Medium,Diesel,7377,2017,114183
912366,Light,Hybrid,24189,2019,429615
912367,Medium,Hybrid,8051,2021,150156
912368,Medium,CNG,18575,2024,567543
912369,Heavy,Diesel,16328,2023,325108
912370,Medium,Hybrid,27490,2024,561380
912371,Heavy,Diesel,1898,2022,723816
912372,Medium,Electric,6525,2023,572285
912373,Medium,CNG,15863,2021,355871
912374,Medium,Electric,11904,2016,622530
912375,Heavy,Diesel,15169,2017,248048
912376,Medium,Diesel,14846,2015,38820
912377,Light,Hybrid,17285,2024,659680
912378,Medium,Electric,28334,2016,754956
912379,Heavy,Hybrid,10761,2020,751504
912380,Heavy,Electric,29140,2018,773319
912381,Medium,CNG,2523,2025,208970
912382,Medium,CNG,15213,2018,403638
912383,Heavy,Diesel,8039,2016,93938
912384,Light,CNG,2491,2022,807943
912385,Medium,Diesel,13125,2015,24248
912386,Heavy,CNG,27748,2016,642725
912387,Medium,Electric,5700,2016,429828
912388,Heavy,Hybrid,17627,2018,285744
912389,Light,CNG,6793,2023,182415
912390,Medium,Hybrid,21103,2018,325851
912391,Light,CNG,22063,2017,138064
912392,Light,Hybrid,13302,2024,422149
912393,Heavy,Hybrid,4510,2021,497108
912394,Medium,Electric,7978,2024,164832
912395,Medium,Hybrid,13809,2024,697835
912396,Medium,Hybrid,12677,2018,104263
912397,Heavy,Diesel,29611,2020,391988
912398,Medium,Hybrid,27424,2023,188130
912399,Light,Electric,17773,2025,695481
912400,Light,CNG,28177,2023,769926
912401,Light,Hybrid,7091,2015,883656
912402,Medium,CNG,1679,2017,756253
912403,Light,Hybrid,1739,2021,213464
912404,Light,Hybrid,21877,2015,347317
912405,Medium,Diesel,27004,2024,504676
912406,Medium,Diesel,22356,2022,247084
912407,Medium,Diesel,27658,2018,317400
912408,Heavy,Hybrid,29939,2024,886151
912409,Heavy,Diesel,15878,2016,74650
912410,Heavy,Diesel,19903,2019,667443
912411,Light,Hybrid,17549,2024,311034
912412,Heavy,Diesel,18375,2024,587669
912413,Medium,Electric,10156,2019,546747
912414,Medium,Hybrid,15999,2016,188148
912415,Light,Electric,28904,2018,609720
912416,Heavy,Electric,26708,2024,620894
912417,Light,CNG,17867,2020,408831
912418,Light,Electric,6819,2022,379492
912419,Medium,Electric,12081,2018,867750
912420,Heavy,Electric,16159,2025,211899
912421,Medium,CNG,11741,2017,847194
912422,Medium,Hybrid,10102,2018,556437
912423,Light,CNG,7382,2020,567340
912424,Medium,CNG,14575,2016,453432
912425,Medium,Hybrid,21792,2020,23197
912426,Light,Electric,26920,2020,831373
912427,Heavy,Hybrid,12177,2025,471513
912428,Light,Electric,8093,2020,696399
912429,Heavy,Electric,2910,2015,115883
912430,Heavy,CNG,4047,2016,465305
912431,Medium,Hybrid,22236,2024,675332
912432,Medium,Diesel,22192,2018,760825
912433,Light,Hybrid,3011,2022,302111
912434,Medium,Hybrid,29654,2017,598647
912435,Light,Diesel,17485,2015,846138
912436,Heavy,Electric,19322,2021,27950
912437,Heavy,Diesel,21125,2025,165993
912438,Heavy,Hybrid,27164,2015,564135
912439,Light,CNG,22888,2016,324069
912440,Medium,Electric,10225,2024,730672
912441,Heavy,CNG,4648,2019,885555
912442,Medium,Electric,15160,2019,152120
912443,Light,Diesel,21769,2015,460652
912444,Medium,Electric,7269,2015,377260
912445,Medium,Electric,1248,2025,841186
912446,Heavy,CNG,18386,2025,272523
912447,Light,Diesel,4640,2022,675971
912448,Heavy,Hybrid,16966,2025,654022
912449,Heavy,Diesel,29842,2024,152481
912450,Heavy,Hybrid,20694,2021,864622
912451,Medium,CNG,25149,2025,631981
912452,Medium,Diesel,29219,2015,107756
912453,Heavy,Hybrid,1393,2018,285751
912454,Medium,Diesel,20190,2025,112427
912455,Medium,Hybrid,20361,2021,311399
912456,Medium,CNG,8192,2020,44000
912457,Heavy,Hybrid,3090,2023,888941
912458,Heavy,Electric,11673,2021,429301
912459,Light,Hybrid,25309,2023,386445
912460,Heavy,Electric,6604,2021,805553
912461,Heavy,Hybrid,16455,2023,36098
912462,Medium,Electric,10113,2023,719590
912463,Light,Diesel,20143,2015,492052
912464,Medium,CNG,18965,2023,282515
912465,Medium,CNG,7730,2021,880621
912466,Light,Hybrid,8394,2024,413818
912467,Medium,Diesel,18342,2016,744257
912468,Medium,Electric,20893,2022,817640
912469,Light,Hybrid,15332,2015,491243
912470,Light,Hybrid,8412,2023,671750
912471,Heavy,Hybrid,1726,2023,177278
912472,Heavy,Diesel,5888,2016,309237
912473,Heavy,Hybrid,1841,2025,733963
912474,Heavy,Electric,25879,2015,629983
912475,Light,Hybrid,7595,2015,405660
912476,Light,Hybrid,19799,2020,381368
912477,Light,Electric,12882,2020,827670
912478,Heavy,CNG,15609,2018,371630
912479,Light,Electric,1766,2025,271227
912480,Light,Diesel,17616,2017,434730
912481,Light,Electric,28787,2020,817843
912482,Medium,CNG,14443,2025,116399
912483,Heavy,Diesel,19204,2021,320720
912484,Medium,CNG,5069,2022,373359
912485,Medium,CNG,21618,2015,839344
912486,Heavy,Hybrid,25923,2020,86027
912487,Medium,CNG,19409,2020,442698
912488,Light,CNG,6391,2022,821303
912489,Medium,Diesel,24676,2023,647382
912490,Heavy,CNG,13419,2019,390734
912491,Heavy,CNG,13060,2017,388345
912492,Medium,Diesel,8609,2018,156132
912493,Light,CNG,13782,2019,624167
912494,Light,Hybrid,1542,2018,506363
912495,Heavy,Electric,25857,2019,39178
912496,Medium,Diesel,17148,2025,321243
912497,Medium,Electric,9882,2023,255275
912498,Light,Diesel,22607,2024,580878
912499,Light,Hybrid,25776,2015,896182
912500,Heavy,Diesel,2468,2017,612615
912501,Medium,Diesel,29108,2017,872490
912502,Light,Diesel,13045,2020,342991
912503,Medium,Diesel,29210,2020,425391
912504,Medium,CNG,26851,2016,128964
912505,Heavy,Hybrid,3888,2016,571380
912506,Light,CNG,15373,2024,472378
912507,Heavy,Hybrid,12448,2025,64211
912508,Medium,Electric,27067,2020,786162
912509,Heavy,Hybrid,28976,2016,737237
912510,Heavy,Electric,25899,2019,836181
912511,Light,Electric,15201,2019,93737
912512,Heavy,Hybrid,5522,2022,732441
912513,Medium,Electric,2434,2022,490239
912514,Medium,CNG,25615,2017,658969
912515,Light,Hybrid,5601,2016,16894
912516,Light,Electric,29582,2022,289028
912517,Heavy,Hybrid,3077,2019,607902
912518,Medium,Electric,21576,2017,573412
912519,Heavy,Electric,19997,2017,309010
912520,Light,Electric,1107,2020,228290
912521,Light,CNG,3534,2015,726658
912522,Medium,Hybrid,27653,2020,741064
912523,Medium,Electric,9226,2025,759854
912524,Medium,Hybrid,17344,2017,171225
912525,Light,Electric,14993,2016,403847
912526,Light,CNG,19851,2023,803837
912527,Medium,Electric,8835,2024,589713
912528,Heavy,CNG,14693,2023,433626
912529,Heavy,Hybrid,13918,2024,277340
912530,Light,Electric,29096,2018,19312
912531,Light,Diesel,6756,2017,295650
912532,Medium,CNG,15858,2023,318490
912533,Heavy,CNG,5441,2016,69602
912534,Heavy,Diesel,20635,2021,122069
912535,Heavy,Hybrid,10292,2020,500781
912536,Heavy,CNG,6592,2019,405506
912537,Light,Electric,8197,2016,92241
912538,Heavy,Electric,18007,2023,373292
912539,Medium,CNG,13887,2016,719989
912540,Light,Diesel,22949,2025,48438
912541,Medium,CNG,28794,2017,806728
912542,Light,Diesel,24919,2019,70002
912543,Medium,CNG,21167,2015,199119
912544,Medium,Electric,29855,2024,105065
912545,Medium,Diesel,20726,2017,893532
912546,Medium,Electric,21358,2023,438868
912547,Heavy,Hybrid,28498,2018,759537
912548,Light,Hybrid,25242,2023,753389
912549,Light,CNG,3794,2023,798258
912550,Medium,Electric,1746,2017,298592
912551,Heavy,Electric,3721,2025,842225
912552,Light,CNG,1623,2017,65413
912553,Light,Diesel,3739,2019,337674
912554,Light,Diesel,18192,2016,68476
912555,Heavy,Hybrid,8986,2017,625212
912556,Medium,Electric,13796,2020,853179
912557,Medium,Hybrid,10865,2016,676596
912558,Light,Hybrid,25228,2016,198140
912559,Medium,CNG,25294,2019,220087
912560,Heavy,Hybrid,28432,2020,267489
912561,Medium,Hybrid,19301,2022,401334
912562,Heavy,CNG,28323,2020,470580
912563,Heavy,Hybrid,22927,2018,870591
912564,Light,Electric,24942,2020,789000
912565,Light,Electric,11237,2022,466646
912566,Medium,Hybrid,20790,2023,254033
912567,Light,Hybrid,9035,2016,370867
912568,Light,CNG,7075,2023,116760
912569,Heavy,Hybrid,22269,2019,318212
912570,Medium,CNG,28694,2017,461534
912571,Heavy,Electric,19310,2015,338976
912572,Heavy,Electric,29271,2021,700495
912573,Medium,Diesel,12908,2019,650307
912574,Medium,Hybrid,27961,2019,470532
912575,Light,Diesel,1057,2021,674516
912576,Light,CNG,29754,2020,791018
912577,Light,Hybrid,8075,2019,629702
912578,Heavy,Diesel,8304,2017,867368
912579,Medium,Hybrid,12071,2023,592198
912580,Light,Hybrid,5951,2016,364752
912581,Heavy,CNG,21837,2018,306466
912582,Light,CNG,23828,2017,664562
912583,Heavy,Diesel,7239,2021,587486
912584,Heavy,Diesel,11889,2017,694503
912585,Light,Hybrid,22541,2021,658914
912586,Medium,CNG,28643,2025,848442
912587,Heavy,Hybrid,19260,2024,47557
912588,Medium,CNG,28948,2015,893831
912589,Light,CNG,18261,2018,325042
912590,Light,CNG,24528,2021,345567
912591,Medium,Hybrid,6341,2023,65351
912592,Medium,Electric,13384,2017,103562
912593,Medium,CNG,7836,2017,681094
912594,Light,Diesel,7250,2022,31808
912595,Heavy,Diesel,19584,2018,44757
912596,Medium,CNG,21001,2021,535770
912597,Heavy,CNG,3899,2019,162058
912598,Heavy,Diesel,1694,2020,400045
912599,Medium,CNG,26393,2024,784022
912600,Light,CNG,6497,2015,34626
912601,Heavy,CNG,28329,2022,620233
912602,Heavy,Diesel,25713,2015,127243
912603,Light,Diesel,2811,2020,530418
912604,Light,Electric,25427,2021,630160
912605,Heavy,Diesel,3066,2020,532343
912606,Medium,CNG,16520,2016,473168
912607,Heavy,Electric,8348,2024,46361
912608,Heavy,Electric,4226,2024,174224
912609,Heavy,CNG,20554,2023,647763
912610,Medium,Diesel,8898,2025,223449
912611,Medium,Hybrid,1667,2022,687703
912612,Light,CNG,23029,2016,154024
912613,Light,CNG,10015,2015,462932
912614,Light,Electric,20967,2016,565078
912615,Light,Electric,16586,2021,660542
912616,Light,Electric,10940,2024,810645
912617,Medium,Electric,13396,2018,829180
912618,Medium,Diesel,15030,2020,460734
912619,Light,Hybrid,6074,2018,871646
912620,Heavy,CNG,18158,2018,607779
912621,Medium,Electric,22153,2021,604662
912622,Heavy,Electric,13320,2020,783479
912623,Medium,Diesel,21212,2020,272560
912624,Medium,Hybrid,12257,2017,210457
912625,Heavy,Electric,20178,2024,483615
912626,Heavy,Diesel,4813,2025,544169
912627,Heavy,Hybrid,14059,2025,334041
912628,Light,Electric,1498,2023,647338
912629,Heavy,Diesel,28173,2018,641003
912630,Medium,CNG,20377,2019,775960
912631,Light,CNG,5777,2022,443881
912632,Light,Hybrid,5508,2023,155579
912633,Heavy,Hybrid,16112,2020,343662
912634,Light,Hybrid,29523,2015,795930
912635,Medium,Hybrid,17342,2016,101718
912636,Medium,Diesel,17624,2017,578281
912637,Heavy,Electric,10664,2019,121367
912638,Heavy,CNG,3019,2024,598472
912639,Light,Hybrid,29060,2021,674611
912640,Heavy,Diesel,4375,2022,175973
912641,Heavy,Diesel,21122,2020,787278
912642,Medium,CNG,14863,2019,603285
912643,Medium,Electric,23315,2025,844246
912644,Medium,Electric,18245,2016,507258
912645,Heavy,CNG,23576,2024,833640
912646,Medium,Diesel,28305,2015,259313
912647,Heavy,CNG,1392,2016,627992
912648,Heavy,Electric,1018,2021,279920
912649,Medium,CNG,3207,2018,91603
912650,Heavy,Hybrid,8676,2017,157429
912651,Heavy,Diesel,17386,2019,553958
912652,Light,Hybrid,6439,2019,820364
912653,Heavy,Hybrid,24775,2016,819398
912654,Light,CNG,6691,2018,863681
912655,Medium,Diesel,22634,2022,655728
912656,Heavy,Hybrid,1816,2018,391496
912657,Heavy,Electric,23535,2020,576980
912658,Heavy,Diesel,12690,2016,115176
912659,Heavy,Hybrid,6312,2024,678023
912660,Medium,Diesel,26243,2017,70490
912661,Heavy,Electric,12915,2021,579538
912662,Light,Diesel,22137,2015,655502
912663,Light,Hybrid,18575,2022,368315
912664,Medium,CNG,19151,2021,827155
912665,Medium,CNG,9260,2016,824485
912666,Light,Diesel,22017,2025,432719
912667,Medium,Electric,6504,2024,144589
912668,Heavy,Hybrid,5836,2025,325533
912669,Heavy,CNG,6874,2021,610187
912670,Heavy,CNG,28900,2018,539384
912671,Light,Hybrid,22323,2022,615097
912672,Medium,CNG,21403,2015,184090
912673,Heavy,CNG,18834,2015,353680
912674,Medium,Hybrid,28454,2018,509708
912675,Heavy,CNG,9344,2018,204255
912676,Heavy,CNG,27941,2019,580977
912677,Light,Hybrid,23091,2020,724879
912678,Medium,Electric,19430,2017,755352
912679,Heavy,Diesel,3234,2023,246779
912680,Medium,Hybrid,24539,2023,138128
912681,Medium,Diesel,3371,2018,688469
912682,Light,Hybrid,27437,2023,679954
912683,Heavy,Hybrid,2167,2021,55191
912684,Light,Hybrid,13229,2025,79262
912685,Medium,CNG,24663,2020,172560
912686,Light,Diesel,16560,2015,735422
912687,Medium,CNG,20013,2020,456795
912688,Medium,CNG,2398,2024,546806
912689,Heavy,Diesel,17722,2024,608272
912690,Medium,Diesel,16703,2023,732975
912691,Heavy,Diesel,5946,2019,416990
912692,Medium,CNG,5557,2017,514741
912693,Heavy,CNG,20838,2021,109227
912694,Heavy,Hybrid,19716,2017,643422
912695,Light,Diesel,18226,2020,217807
912696,Light,Diesel,1410,2025,422845
912697,Light,Electric,24972,2018,797947
912698,Heavy,Hybrid,23934,2015,663172
912699,Light,Hybrid,17186,2021,656042
912700,Heavy,Hybrid,16667,2017,897741
912701,Light,CNG,14648,2024,707763
912702,Heavy,Diesel,5191,2017,181434
912703,Medium,Diesel,10554,2015,686359
912704,Medium,Electric,8837,2021,645278
912705,Light,Diesel,1196,2015,656666
912706,Light,Diesel,26729,2015,823736
912707,Light,CNG,27154,2020,768191
912708,Medium,Diesel,22757,2023,409539
912709,Heavy,CNG,27423,2024,774741
912710,Heavy,Hybrid,18526,2025,473785
912711,Medium,Diesel,5164,2022,584679
912712,Heavy,CNG,28941,2021,458624
912713,Light,Hybrid,29930,2021,816068
912714,Medium,Diesel,19762,2016,878032
912715,Heavy,Electric,19747,2022,530330
912716,Light,Diesel,9999,2018,232940
912717,Medium,Electric,23451,2021,205438
912718,Heavy,Hybrid,4806,2022,28014
912719,Medium,Hybrid,17708,2019,269044
912720,Heavy,Electric,26532,2017,729489
912721,Heavy,Electric,26623,2016,826113
912722,Heavy,CNG,28413,2015,190909
912723,Medium,Hybrid,19756,2018,797394
912724,Heavy,Diesel,27355,2020,709496
912725,Light,Electric,18632,2023,26274
912726,Light,CNG,6994,2019,841535
912727,Medium,Electric,15298,2025,764430
912728,Heavy,Diesel,8446,2016,313935
912729,Heavy,CNG,23922,2019,855169
912730,Medium,CNG,20438,2021,515414
912731,Medium,CNG,29358,2020,27584
912732,Medium,CNG,16311,2018,633288
912733,Medium,Hybrid,9167,2025,683345
912734,Medium,CNG,19973,2015,733330
912735,Light,Electric,11928,2021,851830
912736,Medium,CNG,24022,2018,461008
912737,Light,CNG,9756,2018,339603
912738,Light,Hybrid,28542,2018,719504
912739,Light,Hybrid,21293,2020,584072
912740,Light,Electric,29127,2023,286567
912741,Light,Hybrid,8438,2015,635856
912742,Light,Electric,16997,2024,484746
912743,Medium,Diesel,29621,2025,446657
912744,Light,Electric,20533,2016,632060
912745,Medium,Hybrid,28015,2025,864835
912746,Heavy,Electric,9520,2019,572719
912747,Medium,Hybrid,12984,2018,256368
912748,Medium,Hybrid,7753,2021,861141
912749,Heavy,Electric,19183,2016,328935
912750,Light,Hybrid,29531,2015,82662
912751,Heavy,Hybrid,22849,2023,735495
912752,Medium,Electric,19030,2015,231725
912753,Heavy,Electric,25565,2021,552364
912754,Light,Electric,9345,2020,423218
912755,Light,Diesel,4250,2016,22287
912756,Light,CNG,14832,2020,99350
912757,Light,Hybrid,12571,2023,428054
912758,Medium,Electric,26259,2018,771583
912759,Medium,Electric,24922,2019,866024
912760,Light,CNG,11173,2025,515933
912761,Heavy,Diesel,4082,2025,407769
912762,Light,CNG,28486,2016,674779
912763,Light,Diesel,17827,2015,335974
912764,Medium,CNG,2845,2017,838090
912765,Light,Electric,22404,2019,484969
912766,Medium,CNG,11380,2024,487880
912767,Heavy,Hybrid,7818,2023,267228
912768,Heavy,Diesel,25553,2024,524118
912769,Heavy,Electric,1312,2021,463904
912770,Light,Electric,16406,2025,758673
912771,Light,CNG,2981,2017,696035
912772,Medium,Diesel,13376,2018,428822
912773,Light,Diesel,20692,2017,828949
912774,Medium,CNG,20545,2024,307484
912775,Light,Diesel,28977,2024,543457
912776,Light,CNG,18369,2018,511981
912777,Light,Electric,7232,2024,73758
912778,Medium,CNG,3287,2024,201465
912779,Heavy,Hybrid,1972,2020,504420
912780,Medium,Electric,24232,2019,117687
912781,Light,Hybrid,6694,2020,45203
912782,Medium,Diesel,12579,2019,328764
912783,Medium,Hybrid,13364,2024,606382
912784,Heavy,Electric,28305,2024,115356
912785,Heavy,CNG,19067,2018,247219
912786,Heavy,Hybrid,8768,2016,234305
912787,Heavy,Diesel,28095,2016,429149
912788,Medium,Electric,8104,2016,284999
912789,Heavy,CNG,13653,2022,282183
912790,Light,Electric,6934,2021,157106
912791,Heavy,Electric,23017,2022,28120
912792,Light,Diesel,13840,2018,406310
912793,Light,Hybrid,4682,2019,557897
912794,Heavy,Diesel,22406,2019,140443
912795,Medium,Electric,8195,2023,734640
912796,Medium,Hybrid,19814,2020,889420
912797,Light,Hybrid,15046,2018,105268
912798,Medium,Diesel,14100,2017,692837
912799,Medium,Diesel,9931,2019,893170
912800,Heavy,CNG,7922,2016,279946
912801,Medium,Diesel,21017,2023,497317
912802,Light,Electric,18913,2018,296355
912803,Light,CNG,26924,2018,580273
912804,Heavy,Diesel,29354,2019,380154
912805,Medium,Diesel,18002,2022,143388
912806,Medium,Electric,26730,2025,592282
912807,Medium,Diesel,4003,2018,400199
912808,Light,Hybrid,20984,2024,156769
912809,Heavy,Electric,26012,2023,587921
912810,Light,Diesel,28710,2025,676556
912811,Light,Hybrid,25665,2019,403989
912812,Heavy,Diesel,28783,2022,413316
912813,Light,CNG,9609,2019,168654
912814,Light,Diesel,19741,2022,438938
912815,Heavy,Electric,25160,2025,406540
912816,Light,Hybrid,8877,2024,602804
912817,Light,Hybrid,12945,2016,864865
912818,Light,Electric,14733,2022,895839
912819,Light,Hybrid,5003,2019,89653
912820,Heavy,Diesel,12929,2021,538488
912821,Light,Electric,14133,2023,457953
912822,Medium,Hybrid,22790,2021,340081
912823,Heavy,Electric,27352,2019,477301
912824,Light,Hybrid,29561,2018,839577
912825,Light,Hybrid,24816,2023,624366
912826,Medium,Diesel,14264,2017,451669
912827,Heavy,CNG,3383,2020,742010
912828,Medium,CNG,12017,2015,644084
912829,Medium,Diesel,21269,2024,673221
912830,Heavy,CNG,4958,2020,822687
912831,Heavy,Hybrid,17295,2023,779558
912832,Light,Electric,18249,2015,311842
912833,Medium,CNG,8344,2024,629790
912834,Light,Hybrid,7737,2023,891621
912835,Light,Electric,9532,2025,732280
912836,Heavy,Diesel,9430,2024,223630
912837,Medium,Hybrid,23334,2022,383977
912838,Light,Hybrid,15526,2019,280312
912839,Light,Diesel,10945,2023,880276
912840,Medium,Diesel,26438,2019,716918
912841,Heavy,Diesel,26033,2016,797911
912842,Heavy,CNG,12984,2017,29148
912843,Light,Electric,2188,2020,101152
912844,Heavy,Diesel,1037,2018,13007
912845,Light,CNG,25330,2022,252793
912846,Medium,Diesel,4632,2019,107408
912847,Heavy,Diesel,28307,2025,377629
912848,Heavy,CNG,23086,2024,351041
912849,Heavy,Electric,18407,2017,349249
912850,Light,Diesel,1876,2016,139491
912851,Heavy,Diesel,3918,2020,614689
912852,Heavy,CNG,4815,2020,307953
912853,Light,CNG,8279,2022,873811
912854,Heavy,Hybrid,15500,2017,320684
912855,Light,CNG,4031,2019,836061
912856,Heavy,Hybrid,11589,2019,862488
912857,Light,Diesel,11056,2015,646567
912858,Heavy,Electric,21280,2022,686648
912859,Heavy,Diesel,14479,2021,334645
912860,Heavy,Electric,5967,2017,808327
912861,Medium,Diesel,12597,2020,116109
912862,Light,CNG,29670,2025,260975
912863,Heavy,Hybrid,21484,2020,715930
912864,Heavy,Diesel,18661,2016,579234
912865,Light,CNG,2630,2022,428965
912866,Heavy,Diesel,17410,2016,896211
912867,Medium,Hybrid,3086,2019,848996
912868,Heavy,Hybrid,26392,2018,463367
912869,Medium,Diesel,24924,2023,273978
912870,Light,Electric,22725,2018,746405
912871,Light,Diesel,25258,2016,692990
912872,Heavy,Diesel,1267,2024,454631
912873,Light,Electric,21066,2024,485488
912874,Heavy,Hybrid,21185,2021,807835
912875,Light,Electric,27464,2021,665073
912876,Heavy,Diesel,14704,2019,53493
912877,Medium,CNG,13905,2017,603969
912878,Heavy,Hybrid,12424,2022,329096
912879,Light,CNG,19741,2017,178792
912880,Heavy,Diesel,8862,2017,317140
912881,Medium,Hybrid,3514,2025,796888
912882,Light,Electric,7015,2022,11632
912883,Heavy,Hybrid,15022,2019,201487
912884,Heavy,CNG,10122,2022,609668
912885,Medium,Hybrid,21067,2016,572085
912886,Heavy,CNG,28413,2024,453767
912887,Heavy,CNG,22582,2020,267953
912888,Medium,Electric,9683,2017,119619
912889,Light,Diesel,28583,2015,666072
912890,Heavy,Diesel,25129,2015,386520
912891,Medium,CNG,24968,2024,663298
912892,Heavy,Electric,15005,2021,508514
912893,Heavy,Hybrid,26761,2025,671315
912894,Light,Diesel,5306,2018,607157
912895,Light,CNG,21330,2016,112489
912896,Light,Electric,12213,2018,645960
912897,Medium,Diesel,7153,2024,598075
912898,Light,Hybrid,3153,2016,572652
912899,Medium,Hybrid,28193,2021,751832
912900,Light,Hybrid,22374,2015,486284
912901,Light,Hybrid,26935,2022,637092
912902,Light,Diesel,12938,2017,537971
912903,Light,Diesel,3862,2022,234650
912904,Heavy,Electric,25997,2018,704180
912905,Medium,CNG,28984,2021,679514
912906,Medium,Electric,11722,2018,866815
912907,Medium,Diesel,10495,2015,736888
912908,Light,Diesel,7739,2018,120208
912909,Heavy,CNG,16306,2021,48670
912910,Heavy,Electric,20572,2016,252320
912911,Medium,Hybrid,11240,2024,341136
912912,Medium,CNG,21890,2016,515803
912913,Medium,Diesel,27065,2024,580691
912914,Light,Hybrid,26985,2022,358457
912915,Light,Diesel,8790,2023,290414
912916,Medium,Electric,28667,2019,574471
912917,Light,Hybrid,5791,2021,550527
912918,Light,Diesel,24565,2016,62787
912919,Light,Hybrid,7441,2024,62599
912920,Light,Electric,28173,2024,287976
912921,Heavy,CNG,29892,2015,33406
912922,Light,Electric,21986,2017,419165
912923,Light,CNG,11828,2021,769183
912924,Medium,Diesel,5116,2020,123775
912925,Light,Diesel,16879,2015,365550
912926,Medium,Hybrid,8458,2015,899696
912927,Medium,Hybrid,24816,2024,235003
912928,Light,CNG,7859,2022,706608
912929,Heavy,Diesel,18007,2023,842448
912930,Heavy,Electric,26403,2019,198465
912931,Heavy,Electric,10047,2016,597014
912932,Medium,Hybrid,9657,2017,383448
912933,Light,Diesel,23570,2020,440923
912934,Medium,CNG,24793,2021,345982
912935,Heavy,Hybrid,24270,2022,632389
912936,Heavy,Hybrid,1859,2024,703150
912937,Light,Electric,13708,2021,24994
912938,Heavy,Hybrid,25819,2020,167884
912939,Heavy,Diesel,22739,2015,677036
912940,Light,Diesel,11431,2024,26463
912941,Light,Electric,14130,2022,617162
912942,Light,Diesel,17428,2022,480386
912943,Light,Hybrid,18683,2023,451346
912944,Heavy,CNG,19601,2021,197434
912945,Light,Hybrid,14783,2021,424132
912946,Heavy,Electric,10349,2021,397825
912947,Light,Diesel,17159,2024,547872
912948,Medium,Diesel,4969,2021,72062
912949,Heavy,Electric,22546,2022,38826
912950,Heavy,Hybrid,6312,2022,225671
912951,Medium,Hybrid,8601,2025,141047
912952,Medium,Hybrid,6542,2019,31366
912953,Light,Hybrid,27272,2025,725784
912954,Medium,Diesel,29376,2016,254570
912955,Medium,Diesel,14659,2022,16474
912956,Medium,Electric,14381,2015,595825
912957,Light,Diesel,20185,2024,841787
912958,Heavy,Diesel,18872,2019,561817
912959,Medium,Hybrid,14648,2021,415111
912960,Medium,Diesel,18426,2023,768126
912961,Medium,Diesel,17748,2020,76949
912962,Heavy,Hybrid,6935,2017,348175
912963,Medium,Electric,19867,2020,818926
912964,Medium,Diesel,23675,2022,191317
912965,Heavy,CNG,19420,2023,427118
912966,Heavy,Electric,27830,2018,194653
912967,Medium,CNG,15154,2021,691177
912968,Medium,Diesel,9776,2017,620385
912969,Medium,Diesel,8200,2019,623078
912970,Heavy,Hybrid,19491,2022,886136
912971,Heavy,Hybrid,29189,2016,482360
912972,Light,Electric,19339,2019,559649
912973,Heavy,Electric,28579,2015,884173
912974,Medium,CNG,27960,2019,393083
912975,Light,CNG,19900,2022,396522
912976,Heavy,Electric,28089,2018,738902
912977,Heavy,Electric,27955,2020,360634
912978,Heavy,CNG,26523,2017,86955
912979,Medium,CNG,18432,2015,122787
912980,Medium,Hybrid,11890,2019,874178
912981,Heavy,Hybrid,11107,2017,664921
912982,Medium,Hybrid,4785,2023,414389
912983,Light,Electric,1501,2019,394611
912984,Heavy,Hybrid,13857,2015,488056
912985,Heavy,Hybrid,17126,2020,85150
912986,Medium,Electric,15447,2019,138347
912987,Medium,CNG,2080,2022,742781
912988,Heavy,Electric,22823,2020,882321
912989,Light,CNG,16968,2018,737961
912990,Medium,CNG,21026,2017,604545
912991,Light,Diesel,27041,2024,600580
912992,Heavy,Diesel,18145,2017,475114
912993,Light,Diesel,29260,2025,564089
912994,Heavy,Diesel,9238,2017,666072
912995,Medium,CNG,19683,2022,769062
912996,Medium,Electric,6176,2017,83265
912997,Light,Electric,5370,2018,765026
912998,Heavy,Electric,10002,2016,563129
912999,Medium,Hybrid,1947,2022,588923
913000,Light,Diesel,28187,2017,831274
913001,Heavy,Electric,4310,2022,775927
913002,Medium,Hybrid,24347,2025,361968
913003,Medium,Diesel,23877,2019,68440
913004,Heavy,Diesel,17452,2024,809496
913005,Light,CNG,22063,2017,700254
913006,Heavy,Electric,27054,2019,641524
913007,Medium,CNG,9185,2021,876952
913008,Heavy,Diesel,22112,2022,391404
913009,Heavy,CNG,3661,2020,811003
913010,Light,Hybrid,19920,2018,586503
913011,Heavy,CNG,2378,2024,860394
913012,Medium,Hybrid,18050,2019,268525
913013,Medium,Diesel,28214,2022,659825
913014,Medium,Diesel,18845,2024,417710
913015,Medium,Diesel,7679,2025,207181
913016,Heavy,Electric,18062,2019,429039
913017,Light,CNG,10601,2024,762999
913018,Medium,Hybrid,22911,2020,670274
913019,Medium,Electric,2082,2021,484203
913020,Medium,Diesel,4303,2023,62861
913021,Light,Electric,27909,2017,443020
913022,Medium,CNG,14207,2020,264252
913023,Medium,Diesel,7054,2019,261609
913024,Heavy,Diesel,14177,2018,527674
913025,Light,Electric,2257,2024,808886
913026,Light,CNG,26750,2022,429121
913027,Light,Diesel,18565,2023,121417
913028,Medium,CNG,5033,2018,198278
913029,Medium,Diesel,28770,2019,618732
913030,Heavy,Diesel,18497,2016,888421
913031,Medium,Diesel,16261,2015,727534
913032,Medium,Diesel,10517,2015,291010
913033,Light,Hybrid,15926,2017,376444
913034,Medium,CNG,17069,2025,706208
913035,Medium,Electric,11722,2015,844255
913036,Heavy,Hybrid,23248,2022,618542
913037,Medium,Diesel,23530,2015,720707
913038,Light,CNG,23300,2023,309131
913039,Medium,CNG,27377,2025,578371
913040,Heavy,Electric,5038,2025,486980
913041,Medium,Hybrid,17844,2018,31354
913042,Heavy,Diesel,13587,2025,547299
913043,Light,CNG,25154,2025,858786
913044,Light,CNG,24638,2025,234246
913045,Heavy,Hybrid,17791,2016,763587
913046,Heavy,CNG,26435,2016,821431
913047,Medium,Diesel,10313,2020,361432
913048,Heavy,Electric,27406,2018,729906
913049,Light,Electric,24256,2021,276917
913050,Heavy,Electric,20265,2024,687817
913051,Light,CNG,18285,2021,201023
913052,Heavy,Hybrid,9288,2025,414450
913053,Heavy,CNG,13596,2017,587865
913054,Medium,Diesel,3331,2020,453533
913055,Heavy,Electric,28071,2019,376235
913056,Heavy,CNG,25269,2017,380623
913057,Medium,Hybrid,28191,2016,135428
913058,Light,Hybrid,3380,2024,220896
913059,Light,Hybrid,20113,2018,339545
913060,Light,Electric,8951,2024,692027
913061,Medium,CNG,27576,2016,296784
913062,Light,Electric,8971,2015,237397
913063,Heavy,CNG,2987,2019,242891
913064,Heavy,CNG,7958,2017,482561
913065,Medium,CNG,23589,2021,799327
913066,Light,Diesel,8779,2021,78381
913067,Medium,Hybrid,4568,2017,266147
913068,Light,CNG,27163,2018,531430
913069,Heavy,CNG,10146,2021,517599
913070,Heavy,CNG,21298,2022,344563
913071,Medium,Electric,24824,2019,625940
913072,Heavy,CNG,28599,2024,494765
913073,Medium,Hybrid,14477,2021,797422
913074,Medium,Hybrid,6759,2017,61030
913075,Heavy,CNG,12050,2024,636239
913076,Light,CNG,20357,2020,642853
913077,Medium,CNG,13396,2019,735082
913078,Heavy,Diesel,3022,2020,891978
913079,Heavy,CNG,3232,2016,501070
913080,Medium,Hybrid,24254,2019,752591
913081,Heavy,Hybrid,21798,2019,232412
913082,Medium,Electric,26493,2019,464009
913083,Light,CNG,3188,2019,694127
913084,Medium,Diesel,23232,2024,518067
913085,Heavy,Diesel,8376,2016,146325
913086,Medium,Diesel,6783,2020,275350
913087,Medium,Diesel,10036,2017,251000
913088,Heavy,Electric,8772,2018,87804
913089,Medium,CNG,12300,2023,873643
913090,Heavy,Electric,4570,2020,838317
913091,Medium,Diesel,4403,2019,355557
913092,Heavy,Hybrid,21194,2021,69567
913093,Medium,Hybrid,22613,2016,775352
913094,Light,Hybrid,2903,2018,403477
913095,Light,Hybrid,19834,2022,426322
913096,Medium,CNG,7895,2017,181520
913097,Light,Hybrid,8000,2024,427400
913098,Heavy,CNG,18695,2020,796299
913099,Light,Diesel,9030,2018,507564
913100,Medium,Hybrid,1833,2023,843686
913101,Heavy,CNG,6301,2023,484845
913102,Medium,Diesel,21949,2017,595407
913103,Medium,Diesel,18872,2020,616004
913104,Light,Hybrid,6214,2025,785075
913105,Medium,Diesel,18920,2016,590699
913106,Light,Diesel,19539,2016,44553
913107,Light,Diesel,11190,2022,107024
913108,Medium,Diesel,29217,2018,813666
913109,Medium,Hybrid,22712,2019,796864
913110,Light,Hybrid,4297,2024,627571
913111,Medium,Electric,22774,2015,596375
913112,Medium,Electric,16354,2021,411199
913113,Light,CNG,23783,2024,147353
913114,Heavy,Diesel,28341,2021,335282
913115,Heavy,Hybrid,8307,2016,32081
913116,Light,Electric,26161,2023,584246
913117,Light,Hybrid,8598,2017,270733
913118,Light,Diesel,18424,2021,288871
913119,Light,Electric,24417,2018,414825
913120,Medium,Electric,25686,2017,200068
913121,Medium,Hybrid,2009,2016,77913
913122,Light,Electric,16052,2020,186123
913123,Medium,Diesel,14333,2016,535876
913124,Light,CNG,15979,2025,10410
913125,Medium,Electric,28077,2017,423389
913126,Heavy,Diesel,26614,2019,452294
913127,Heavy,Hybrid,17750,2020,838732
913128,Light,Electric,3419,2025,26038
913129,Medium,Hybrid,14599,2022,294426
913130,Medium,Diesel,17715,2021,753228
913131,Heavy,Electric,8935,2015,761921
913132,Medium,Diesel,10975,2019,732706
913133,Light,CNG,7226,2023,394202
913134,Medium,CNG,14239,2020,878630
913135,Medium,CNG,2738,2023,492817
913136,Heavy,CNG,10301,2020,683615
913137,Medium,CNG,6158,2018,69322
913138,Medium,Hybrid,15797,2019,20360
913139,Heavy,CNG,26390,2021,656154
913140,Medium,CNG,17835,2025,277585
913141,Medium,Electric,14197,2021,855199
913142,Heavy,Diesel,4159,2015,698509
913143,Medium,Electric,4659,2016,335442
913144,Medium,Electric,8198,2018,26080
913145,Medium,Hybrid,22738,2017,253310
913146,Light,Hybrid,17019,2018,20824
913147,Medium,Electric,5773,2021,218308
913148,Medium,CNG,11937,2024,182705
913149,Medium,CNG,22195,2021,225027
913150,Heavy,CNG,5783,2018,520138
913151,Light,CNG,1514,2021,655379
913152,Medium,Hybrid,19616,2023,889049
913153,Heavy,Electric,11430,2016,778672
913154,Heavy,Hybrid,13847,2020,673079
913155,Light,CNG,10703,2021,295305
913156,Light,Electric,21906,2023,426377
913157,Light,Diesel,9034,2017,185520
913158,Light,Electric,1741,2024,610421
913159,Medium,Electric,26619,2022,775951
913160,Light,CNG,8773,2019,40733
913161,Light,Hybrid,15632,2023,440131
913162,Light,Electric,3111,2024,241461
913163,Medium,CNG,19942,2015,705367
913164,Medium,Electric,9863,2022,475158
913165,Medium,Electric,4311,2023,258550
913166,Medium,CNG,18795,2017,675086
913167,Heavy,Diesel,4140,2019,150412
913168,Light,Hybrid,16725,2017,103795
913169,Medium,Hybrid,20249,2016,86402
913170,Medium,Electric,28950,2023,544710
913171,Heavy,CNG,19581,2019,764800
913172,Light,Electric,14709,2020,664163
913173,Light,Diesel,29029,2020,251358
913174,Light,Diesel,15242,2016,179912
913175,Light,Diesel,18913,2015,184638
913176,Heavy,Hybrid,14344,2024,648534
913177,Medium,CNG,16316,2017,559373
913178,Light,Hybrid,27207,2015,837446
913179,Medium,Hybrid,29043,2016,816019
913180,Light,Hybrid,14289,2023,222810
913181,Heavy,Diesel,11232,2021,481727
913182,Medium,Diesel,6866,2021,564743
913183,Light,Electric,22960,2017,869145
913184,Heavy,CNG,6106,2021,356030
913185,Heavy,CNG,19385,2025,307604
913186,Light,Diesel,17486,2022,91548
913187,Heavy,Electric,3556,2017,898973
913188,Light,Diesel,23975,2021,429805
913189,Light,Hybrid,27711,2024,196090
913190,Light,Diesel,13930,2021,197098
913191,Light,CNG,23917,2025,661849
913192,Light,Hybrid,7094,2020,158195
913193,Medium,Diesel,23466,2024,643216
913194,Light,Diesel,6557,2019,254596
913195,Heavy,Electric,29635,2016,39987
913196,Heavy,Electric,7027,2016,377211
913197,Medium,Diesel,10133,2017,134855
913198,Heavy,CNG,10140,2025,387381
913199,Medium,Electric,15096,2016,676705
913200,Light,Electric,20743,2024,599278
913201,Light,CNG,11009,2018,723536
913202,Heavy,CNG,9253,2025,188989
913203,Medium,Electric,22568,2018,581996
913204,Heavy,Electric,5766,2025,827134
913205,Heavy,CNG,3195,2022,321050
913206,Medium,Diesel,7960,2025,312068
913207,Heavy,CNG,4931,2024,410721
913208,Medium,Diesel,13989,2016,812993
913209,Light,Hybrid,26754,2016,215515
913210,Heavy,Hybrid,27888,2015,394157
913211,Light,Hybrid,19544,2016,130561
913212,Light,Hybrid,13363,2025,643326
913213,Heavy,CNG,27634,2017,337967
913214,Light,Electric,26348,2015,182642
913215,Light,Electric,4804,2025,121041
913216,Medium,CNG,12531,2022,476444
913217,Heavy,CNG,25151,2022,631138
913218,Medium,Diesel,10982,2024,388504
913219,Medium,Diesel,15700,2019,188922
913220,Light,Electric,9434,2024,403735
913221,Light,Hybrid,3654,2023,472233
913222,Light,Diesel,12876,2024,280367
913223,Light,Diesel,27813,2015,465916
913224,Light,Electric,12367,2019,294032
913225,Heavy,Electric,4675,2021,450081
913226,Heavy,CNG,23997,2024,53442
913227,Light,Diesel,9551,2020,114283
913228,Light,Electric,18122,2018,61275
913229,Medium,Electric,7477,2024,355459
913230,Medium,Diesel,22792,2024,194687
913231,Heavy,Diesel,10346,2020,33720
913232,Medium,Hybrid,22951,2025,186821
913233,Heavy,Hybrid,10099,2023,441304
913234,Light,Diesel,15494,2018,250640
913235,Light,Electric,24401,2025,620211
913236,Heavy,CNG,27881,2016,871451
913237,Heavy,Hybrid,15846,2021,761784
913238,Heavy,Electric,1461,2018,66225
913239,Medium,CNG,3621,2024,664800
913240,Medium,Diesel,2322,2020,160401
913241,Heavy,Diesel,9016,2021,736429
913242,Light,CNG,8545,2015,331996
913243,Medium,Electric,10029,2017,325917
913244,Light,Electric,5236,2025,204372
913245,Light,CNG,28283,2021,773272
913246,Medium,Electric,18374,2017,473421
913247,Heavy,Hybrid,8886,2017,491088
913248,Light,Electric,2018,2024,430435
913249,Medium,Electric,22699,2021,581055
913250,Heavy,Diesel,19162,2015,22500
913251,Medium,CNG,20395,2022,651775
913252,Light,Diesel,20140,2022,402332
913253,Medium,CNG,9090,2023,250809
913254,Light,CNG,19628,2022,623692
913255,Medium,Hybrid,14289,2022,599321
913256,Medium,Electric,18996,2018,539063
913257,Heavy,Hybrid,10102,2018,233797
913258,Medium,Diesel,15262,2021,763677
913259,Heavy,Diesel,6037,2021,842407
913260,Medium,Hybrid,2192,2023,193525
913261,Heavy,Electric,19464,2020,714438
913262,Heavy,Hybrid,8499,2024,136535
913263,Medium,CNG,29528,2018,199359
913264,Medium,Electric,22405,2020,527096
913265,Heavy,CNG,9968,2023,485771
913266,Heavy,Hybrid,5263,2021,522412
913267,Heavy,Hybrid,23052,2016,519676
913268,Heavy,Electric,7997,2019,611311
913269,Medium,Diesel,8023,2023,185855
913270,Medium,Diesel,16381,2020,706144
913271,Medium,Electric,19159,2025,427558
913272,Medium,CNG,26008,2016,91222
913273,Heavy,Diesel,17554,2016,606216
913274,Light,Electric,26444,2017,382570
913275,Light,CNG,13297,2021,141457
913276,Heavy,CNG,3370,2015,471282
913277,Medium,Electric,20195,2016,68950
913278,Heavy,Diesel,17387,2015,726570
913279,Light,Hybrid,6805,2022,556764
913280,Light,Diesel,8258,2025,301484
913281,Light,Electric,10184,2021,472070
913282,Heavy,Diesel,25077,2025,341262
913283,Light,Electric,14530,2023,100190
913284,Light,CNG,29068,2023,415060
913285,Light,Electric,5792,2024,883352
913286,Heavy,CNG,23678,2019,801186
913287,Light,Electric,19372,2020,527428
913288,Heavy,Hybrid,29886,2017,322385
913289,Light,Electric,28592,2016,480906
913290,Heavy,CNG,22210,2017,605881
913291,Heavy,Electric,29100,2020,769368
913292,Light,CNG,19971,2021,562589
913293,Heavy,Diesel,15591,2016,49919
913294,Light,Electric,24448,2016,101886
913295,Light,CNG,3862,2024,720832
913296,Heavy,Hybrid,19194,2017,796251
913297,Heavy,Electric,28708,2024,372187
913298,Heavy,Electric,8384,2022,367113
913299,Medium,Hybrid,27812,2019,750268
913300,Light,Electric,14776,2017,378999
913301,Light,Hybrid,29623,2017,220675
913302,Light,Diesel,14683,2024,622103
913303,Light,Diesel,29674,2025,585542
913304,Heavy,Diesel,16573,2018,122501
913305,Medium,Hybrid,9890,2025,392319
913306,Light,Electric,28352,2016,142401
913307,Light,Electric,14653,2022,344573
913308,Medium,Diesel,28355,2021,863691
913309,Heavy,Electric,7698,2015,895034
913310,Light,CNG,13238,2017,145521
913311,Medium,Diesel,4503,2016,88856
913312,Medium,Electric,25608,2016,13132
913313,Light,Diesel,9942,2023,224619
913314,Light,Diesel,17958,2016,57064
913315,Light,CNG,29792,2021,757155
913316,Medium,Electric,7212,2016,613646
913317,Medium,CNG,7739,2017,348425
913318,Medium,CNG,7037,2017,723601
913319,Light,Hybrid,9425,2020,96406
913320,Heavy,Electric,17911,2016,504458
913321,Heavy,Hybrid,2761,2015,440416
913322,Heavy,Hybrid,20673,2016,296950
913323,Heavy,Diesel,8681,2015,131472
913324,Medium,CNG,27988,2025,416907
913325,Medium,Hybrid,20282,2015,755511
913326,Light,CNG,16174,2018,544390
913327,Heavy,CNG,14105,2021,60367
913328,Medium,Electric,4218,2018,687408
913329,Medium,Diesel,14269,2023,853462
913330,Heavy,CNG,22349,2015,766747
913331,Medium,Diesel,9479,2016,314758
913332,Light,Diesel,24520,2016,837303
913333,Light,Electric,22088,2018,663127
913334,Light,Diesel,17611,2025,389417
913335,Light,CNG,7850,2017,467666
913336,Medium,CNG,6760,2021,587162
913337,Heavy,Hybrid,2122,2021,664162
913338,Medium,Diesel,10348,2017,519899
913339,Heavy,CNG,22206,2025,553450
913340,Light,Diesel,5787,2015,547551
913341,Heavy,CNG,22851,2022,328591
913342,Light,Diesel,5749,2019,185515
913343,Light,Diesel,27811,2017,93165
913344,Heavy,CNG,20339,2018,628509
913345,Light,Diesel,14651,2019,692284
913346,Medium,Diesel,8505,2024,836363
913347,Heavy,Hybrid,20907,2025,129754
913348,Light,Hybrid,28764,2022,872673
913349,Heavy,Diesel,10766,2015,23616
913350,Heavy,Diesel,16846,2021,621649
913351,Medium,Hybrid,23049,2019,385665
913352,Light,Hybrid,16722,2021,766357
913353,Heavy,Hybrid,26304,2017,168261
913354,Medium,Hybrid,19934,2016,408357
913355,Heavy,Electric,26354,2023,65538
913356,Heavy,Hybrid,28576,2021,831391
913357,Medium,Hybrid,6447,2019,154552
913358,Medium,Hybrid,23011,2015,63770
913359,Medium,CNG,10484,2025,252903
913360,Medium,Electric,10260,2016,842161
913361,Heavy,Hybrid,19426,2018,595044
913362,Heavy,Hybrid,13664,2019,857465
913363,Light,Diesel,23911,2015,830560
913364,Medium,CNG,29449,2022,182968
913365,Medium,Hybrid,9898,2017,680062
913366,Medium,Electric,23274,2024,431134
913367,Light,Electric,12206,2015,896718
913368,Light,Hybrid,5743,2018,772095
913369,Heavy,CNG,9632,2021,143086
913370,Medium,CNG,21930,2016,544540
913371,Medium,Hybrid,15706,2015,465514
913372,Heavy,Electric,10500,2015,631778
913373,Light,Electric,4083,2016,724587
913374,Light,Hybrid,7842,2015,46081
913375,Heavy,CNG,23646,2019,845274
913376,Light,Electric,1976,2025,49308
913377,Light,Diesel,27468,2018,328599
913378,Heavy,Hybrid,14670,2018,487800
913379,Light,Electric,29794,2019,433606
913380,Light,CNG,1947,2022,302527
913381,Light,Electric,22786,2023,108776
913382,Light,Diesel,8119,2025,363505
913383,Heavy,Electric,19382,2019,282357
913384,Light,CNG,29686,2023,368280
913385,Light,Electric,7043,2022,202400
913386,Light,Diesel,25700,2021,112627
913387,Light,Hybrid,2263,2015,310369
913388,Medium,Electric,29948,2015,454924
913389,Heavy,Electric,24610,2016,707435
913390,Heavy,CNG,16129,2017,611659
913391,Medium,CNG,17929,2017,828835
913392,Heavy,Diesel,19893,2015,13754
913393,Light,Electric,23033,2024,774986
913394,Light,CNG,15838,2023,338210
913395,Medium,Electric,12904,2021,375124
913396,Heavy,Diesel,25471,2018,791456
913397,Medium,Diesel,6908,2016,497029
913398,Light,Electric,21068,2022,200870
913399,Light,CNG,12638,2021,525695
913400,Heavy,Diesel,12676,2025,445336
913401,Heavy,Diesel,28298,2021,12040
913402,Heavy,Hybrid,22019,2020,128432
913403,Heavy,CNG,5294,2022,715972
913404,Heavy,Electric,23343,2025,875503
913405,Light,CNG,11464,2021,867117
913406,Heavy,CNG,18870,2017,868971
913407,Heavy,Hybrid,16698,2023,196492
913408,Light,CNG,29262,2023,440749
913409,Medium,Electric,28604,2023,42005
913410,Heavy,Diesel,6267,2022,700055
913411,Medium,Electric,19664,2016,680837
913412,Light,Hybrid,28442,2023,262146
913413,Light,Hybrid,5060,2021,550592
913414,Heavy,CNG,17804,2024,28278
913415,Heavy,Hybrid,24515,2025,635631
913416,Medium,Hybrid,27476,2024,893564
913417,Light,Electric,28733,2020,11852
913418,Light,Hybrid,19230,2015,495561
913419,Medium,Electric,13019,2023,563761
913420,Medium,Diesel,1513,2019,849171
913421,Heavy,CNG,1834,2021,692727
913422,Medium,CNG,17782,2018,562852
913423,Light,Diesel,24925,2020,605157
913424,Heavy,Hybrid,9747,2021,557699
913425,Light,CNG,26200,2015,695727
913426,Medium,Electric,6330,2016,247694
913427,Heavy,CNG,17856,2018,896275
913428,Light,Electric,26618,2017,352917
913429,Medium,CNG,7244,2021,63536
913430,Light,CNG,1013,2022,65199
913431,Light,CNG,2916,2022,569024
913432,Heavy,CNG,9402,2023,745656
913433,Light,Diesel,27827,2020,898279
913434,Medium,Diesel,1254,2023,442827
913435,Heavy,Hybrid,27700,2016,867295
913436,Heavy,Electric,16444,2019,383426
913437,Medium,Diesel,1944,2016,385158
913438,Heavy,Diesel,12475,2025,201984
913439,Light,Electric,15028,2025,446763
913440,Light,Diesel,13461,2019,39328
913441,Heavy,Electric,8149,2022,301039
913442,Heavy,CNG,15508,2020,254910
913443,Light,Electric,16973,2023,180221
913444,Light,Hybrid,26411,2025,740597
913445,Light,Electric,8345,2017,38559
913446,Heavy,Electric,23486,2020,485650
913447,Light,Electric,17492,2018,377437
913448,Heavy,CNG,14221,2021,874468
913449,Medium,Hybrid,11345,2020,478398
913450,Light,Electric,29768,2019,468885
913451,Medium,Electric,9588,2015,558678
913452,Light,Electric,4372,2022,735017
913453,Light,CNG,4462,2021,705599
913454,Light,Diesel,4506,2019,216902
913455,Light,Hybrid,5909,2025,304101
913456,Light,CNG,13067,2020,769458
913457,Heavy,CNG,28518,2019,775587
913458,Heavy,Electric,19612,2019,454071
913459,Heavy,Diesel,8357,2024,643683
913460,Heavy,Diesel,19045,2020,337972
913461,Light,CNG,11878,2021,322308
913462,Medium,Diesel,25485,2018,686796
913463,Heavy,Diesel,7195,2023,600604
913464,Medium,Electric,27414,2017,53866
913465,Light,CNG,3700,2020,609471
913466,Heavy,Diesel,23152,2015,97455
913467,Medium,CNG,21588,2025,178662
913468,Medium,Diesel,24727,2021,701091
913469,Light,Electric,17206,2024,605876
913470,Heavy,Hybrid,7870,2018,561905
913471,Light,Electric,24069,2024,747743
913472,Medium,Electric,10929,2018,314957
913473,Medium,CNG,26472,2021,439260
913474,Heavy,Diesel,24542,2020,292025
913475,Heavy,Diesel,18723,2022,223285
913476,Heavy,CNG,22053,2024,897103
913477,Medium,Hybrid,3031,2018,116447
913478,Heavy,CNG,25817,2025,256763
913479,Heavy,Diesel,13536,2018,854419
913480,Heavy,Diesel,15239,2021,445759
913481,Medium,Electric,14753,2023,790069
913482,Heavy,CNG,11102,2024,53048
913483,Light,Hybrid,2598,2015,361467
913484,Light,Electric,12012,2015,739151
913485,Light,Electric,28765,2023,458832
913486,Medium,Electric,16304,2017,370787
913487,Heavy,CNG,18314,2023,609549
913488,Heavy,Hybrid,3724,2024,25060
913489,Light,CNG,29914,2021,477730
913490,Heavy,Diesel,28827,2022,388905
913491,Medium,Diesel,2655,2019,94280
913492,Light,CNG,5145,2019,252282
913493,Heavy,Electric,3904,2016,511749
913494,Heavy,Electric,26381,2020,307186
913495,Medium,Electric,8466,2021,537872
913496,Heavy,Hybrid,28187,2018,306230
913497,Heavy,Hybrid,5815,2018,685765
913498,Medium,Hybrid,8013,2019,451983
913499,Heavy,Diesel,3949,2025,498938
913500,Heavy,Hybrid,29903,2024,20179
913501,Heavy,CNG,25136,2024,444374
913502,Medium,CNG,23801,2020,182323
913503,Medium,CNG,2784,2020,649216
913504,Light,CNG,24252,2023,432603
913505,Medium,Hybrid,27306,2021,482347
913506,Heavy,Diesel,1538,2022,805789
913507,Medium,Diesel,18585,2019,214188
913508,Heavy,CNG,25325,2017,110086
913509,Medium,Electric,12553,2015,624977
913510,Light,Hybrid,3334,2024,729496
913511,Light,Electric,29077,2016,143912
913512,Heavy,CNG,10897,2019,157481
913513,Medium,CNG,1494,2024,115959
913514,Heavy,Diesel,19931,2020,423480
913515,Light,CNG,23370,2018,516564
913516,Medium,Electric,20456,2015,507207
913517,Medium,Electric,19498,2016,533458
913518,Heavy,CNG,9300,2016,398640
913519,Heavy,Electric,8176,2022,92605
913520,Medium,Diesel,7075,2024,236009
913521,Light,Electric,29148,2018,259609
913522,Heavy,Diesel,16226,2016,744967
913523,Light,Diesel,29896,2023,801367
913524,Light,Hybrid,15872,2024,643623
913525,Medium,Diesel,11795,2023,37353
913526,Light,CNG,19579,2015,343559
913527,Light,Hybrid,13122,2023,200623
913528,Light,Diesel,18309,2017,556019
913529,Heavy,Hybrid,22252,2017,725946
913530,Medium,CNG,23926,2022,230001
913531,Heavy,Electric,23446,2024,204068
913532,Medium,Hybrid,2156,2018,394529
913533,Medium,Diesel,10840,2018,517516
913534,Heavy,CNG,13068,2022,633785
913535,Light,Hybrid,13827,2020,315357
913536,Heavy,Hybrid,2925,2018,449759
913537,Light,Diesel,19516,2025,24671
913538,Light,Hybrid,13656,2019,897781
913539,Heavy,Electric,24474,2017,274147
913540,Heavy,Diesel,9047,2018,856994
913541,Medium,Electric,2923,2023,65760
913542,Heavy,CNG,10973,2023,141389
913543,Heavy,CNG,25367,2025,198586
913544,Medium,Diesel,1088,2020,475850
913545,Light,Diesel,13500,2020,420856
913546,Medium,CNG,4141,2020,519325
913547,Light,Hybrid,8966,2016,527006
913548,Light,CNG,29205,2024,129126
913549,Heavy,CNG,25872,2016,665779
913550,Light,Electric,18353,2015,470198
913551,Medium,Electric,13054,2018,551788
913552,Heavy,Hybrid,18281,2024,258145
913553,Light,CNG,4053,2018,284448
913554,Light,Hybrid,14148,2019,266297
913555,Heavy,Diesel,29056,2017,385836
913556,Light,Diesel,23003,2022,302807
913557,Light,CNG,23259,2023,593818
913558,Heavy,CNG,29976,2023,27839
913559,Heavy,Electric,28120,2022,493016
913560,Heavy,Hybrid,15182,2020,426594
913561,Heavy,Hybrid,1310,2024,517670
913562,Heavy,CNG,29912,2024,77868
913563,Light,Electric,5488,2019,407998
913564,Light,Electric,17713,2024,824953
913565,Light,Diesel,22680,2020,310835
913566,Heavy,Electric,6066,2022,462334
913567,Heavy,Electric,15972,2017,535202
913568,Light,CNG,13157,2017,685597
913569,Medium,Electric,3711,2017,519391
913570,Heavy,Diesel,9288,2023,781741
913571,Medium,Diesel,8832,2022,535291
913572,Light,Diesel,14426,2017,768982
913573,Light,Diesel,25001,2017,770450
913574,Light,Hybrid,7699,2017,104022
913575,Heavy,Hybrid,19958,2020,124795
913576,Heavy,Electric,11932,2016,752226
913577,Heavy,Diesel,15617,2020,188304
913578,Medium,Diesel,11204,2017,788114
913579,Medium,Diesel,5627,2025,678901
913580,Heavy,Diesel,8743,2024,510267
913581,Light,Electric,22409,2021,615144
913582,Heavy,Diesel,11818,2023,15856
913583,Light,CNG,15940,2024,136568
913584,Medium,Hybrid,5943,2024,633535
913585,Heavy,Hybrid,22089,2019,29096
913586,Medium,Diesel,23091,2017,281327
913587,Heavy,Electric,9420,2015,361567
913588,Light,Electric,17472,2023,17540
913589,Light,CNG,17336,2025,696828
913590,Light,Diesel,9697,2019,169414
913591,Medium,Diesel,29798,2015,52363
913592,Heavy,Hybrid,28610,2019,289982
913593,Heavy,CNG,29796,2018,603564
913594,Heavy,CNG,10200,2018,31102
913595,Medium,CNG,2013,2025,640053
913596,Light,Electric,2981,2020,342601
913597,Light,CNG,28601,2019,50107
913598,Heavy,Diesel,5608,2019,125093
913599,Light,CNG,2857,2018,777863
913600,Medium,Hybrid,22098,2019,180796
913601,Medium,CNG,1156,2021,285651
913602,Light,Diesel,27805,2015,753580
913603,Heavy,Hybrid,29716,2025,269998
913604,Light,Diesel,26620,2025,655210
913605,Heavy,Hybrid,12724,2018,859429
913606,Light,Hybrid,29304,2022,385536
913607,Heavy,Electric,18784,2016,276562
913608,Heavy,Electric,20937,2024,704925
913609,Light,Electric,26285,2018,585215
913610,Medium,Diesel,22655,2015,712677
913611,Heavy,Diesel,16633,2023,466275
913612,Light,CNG,12477,2016,450556
913613,Light,CNG,21974,2016,435122
913614,Heavy,Electric,2238,2018,144193
913615,Light,Diesel,6899,2023,422638
913616,Light,Diesel,14826,2021,657241
913617,Light,CNG,15030,2020,486886
913618,Medium,Hybrid,27397,2017,217790
913619,Medium,Hybrid,20957,2017,791789
913620,Light,Diesel,6329,2016,293378
913621,Light,Electric,14041,2023,224400
913622,Medium,Diesel,9431,2016,182623
913623,Medium,CNG,10773,2025,392879
913624,Light,Hybrid,22555,2025,602271
913625,Medium,Electric,3975,2017,304933
913626,Light,Electric,17257,2024,373373
913627,Heavy,Hybrid,23311,2019,283660
913628,Light,CNG,19960,2015,553625
913629,Heavy,Diesel,14319,2015,365056
913630,Medium,Diesel,15969,2019,851597
913631,Light,CNG,27853,2017,89643
913632,Heavy,Electric,6427,2017,164265
913633,Medium,Hybrid,24223,2025,177781
913634,Light,Hybrid,7805,2020,91087
913635,Heavy,CNG,28707,2021,766990
913636,Medium,Hybrid,22276,2015,258971
913637,Medium,CNG,5134,2018,564821
913638,Light,Electric,21387,2020,769853
913639,Light,Hybrid,29832,2018,274753
913640,Medium,Hybrid,13735,2017,527685
913641,Light,Hybrid,26402,2025,134602
913642,Heavy,Electric,26161,2018,176216
913643,Light,Electric,13792,2018,389638
913644,Heavy,CNG,5585,2025,865086
913645,Medium,Hybrid,7800,2015,600148
913646,Medium,Hybrid,7191,2020,527789
913647,Heavy,Electric,17758,2016,176309
913648,Medium,Electric,14968,2015,578410
913649,Heavy,Diesel,3219,2015,631090
913650,Light,Diesel,14617,2023,324925
913651,Medium,Electric,6782,2025,43905
913652,Heavy,CNG,27167,2024,83751
913653,Light,CNG,2101,2018,842409
913654,Heavy,Hybrid,10359,2016,166926
913655,Medium,Diesel,24347,2019,212233
913656,Heavy,CNG,19415,2016,123472
913657,Medium,CNG,26966,2020,468461
913658,Light,Diesel,15966,2015,897173
913659,Medium,CNG,23502,2022,148706
913660,Light,Diesel,23398,2016,217571
913661,Light,Diesel,13298,2021,261135
913662,Medium,Electric,26094,2021,211373
913663,Light,Hybrid,2500,2017,309430
913664,Medium,CNG,19798,2017,635936
913665,Light,Hybrid,13723,2022,302535
913666,Medium,CNG,18006,2018,767255
913667,Light,Hybrid,2459,2017,693586
913668,Medium,Diesel,24713,2023,358623
913669,Light,CNG,16783,2015,824934
913670,Light,Electric,7825,2025,369086
913671,Light,CNG,29391,2019,775923
913672,Light,Diesel,1520,2023,875240
913673,Medium,Electric,15957,2024,271808
913674,Light,Hybrid,12270,2022,188853
913675,Medium,Diesel,10716,2020,653430
913676,Light,Hybrid,15200,2019,524931
913677,Heavy,Hybrid,27538,2025,625398
913678,Light,Electric,14357,2017,879753
913679,Medium,Diesel,23087,2016,170339
913680,Heavy,Diesel,5811,2024,11246
913681,Heavy,Hybrid,15037,2023,241516
913682,Light,Hybrid,20347,2018,380332
913683,Light,Electric,4844,2016,889053
913684,Heavy,Electric,12077,2024,72561
913685,Heavy,Hybrid,1883,2016,396086
913686,Light,Diesel,28698,2024,877183
913687,Medium,Hybrid,20918,2016,791668
913688,Medium,Electric,13249,2025,662857
913689,Heavy,Diesel,15451,2017,271861
913690,Heavy,Electric,28088,2020,779905
913691,Light,Hybrid,9164,2019,23745
913692,Light,Electric,25100,2017,884111
913693,Medium,Diesel,11111,2024,492691
913694,Medium,CNG,24722,2015,846239
913695,Heavy,CNG,7859,2021,94020
913696,Heavy,Diesel,13697,2017,566152
913697,Medium,Diesel,21245,2018,356295
913698,Light,Hybrid,23076,2023,526953
913699,Medium,CNG,28975,2017,823937
913700,Light,Diesel,19150,2022,141467
913701,Medium,CNG,19651,2018,44251
913702,Heavy,Hybrid,9977,2020,71722
913703,Medium,Hybrid,11495,2025,369071
913704,Medium,CNG,9505,2024,409605
913705,Medium,Hybrid,23088,2018,371462
913706,Medium,Hybrid,6405,2024,589153
913707,Medium,Diesel,3793,2022,529732
913708,Heavy,CNG,11923,2023,750642
913709,Light,Electric,25258,2016,604780
913710,Light,Electric,28595,2020,531459
913711,Heavy,CNG,12505,2021,251728
913712,Medium,Electric,7093,2021,400777
913713,Light,Diesel,11468,2015,659117
913714,Medium,Electric,11270,2024,446887
913715,Heavy,Diesel,3440,2021,297895
913716,Medium,Electric,13518,2020,379504
913717,Light,Hybrid,17832,2015,672282
913718,Light,Diesel,9322,2020,828140
913719,Light,Hybrid,5484,2020,445784
913720,Light,Electric,9462,2024,653652
913721,Light,CNG,4299,2016,299318
913722,Heavy,Electric,21982,2025,720119
913723,Light,Hybrid,10086,2019,833290
913724,Heavy,Electric,12451,2025,287941
913725,Light,Diesel,2112,2024,212190
913726,Medium,Diesel,8745,2022,536396
913727,Heavy,Diesel,2937,2015,689197
913728,Heavy,Diesel,12622,2024,236890
913729,Heavy,Hybrid,7603,2023,272206
913730,Heavy,Electric,13552,2019,519046
913731,Medium,Hybrid,14980,2021,766637
913732,Medium,Electric,8458,2023,741114
913733,Light,Diesel,6391,2021,238573
913734,Medium,Hybrid,4320,2017,402390
913735,Heavy,Electric,6284,2021,360572
913736,Heavy,CNG,13808,2021,535778
913737,Heavy,CNG,27960,2022,608036
913738,Medium,Diesel,25583,2020,152146
913739,Heavy,Hybrid,1819,2021,592540
913740,Medium,Diesel,7430,2025,483642
913741,Medium,Diesel,11752,2015,18662
913742,Heavy,Diesel,28777,2024,251049
913743,Heavy,Diesel,27586,2018,879353
913744,Light,Electric,21728,2019,191345
913745,Heavy,Diesel,14845,2020,35915
913746,Heavy,Electric,10597,2020,728276
913747,Heavy,Diesel,1225,2017,756647
913748,Medium,Electric,15689,2022,689109
913749,Medium,Electric,22700,2017,177784
913750,Medium,Hybrid,16559,2015,104139
913751,Medium,Diesel,9422,2025,356005
913752,Heavy,Diesel,26478,2024,488943
913753,Light,Electric,22594,2025,752733
913754,Heavy,Hybrid,24823,2017,25720
913755,Heavy,Hybrid,27023,2021,713299
913756,Medium,CNG,3202,2018,780930
913757,Heavy,Hybrid,21761,2020,875382
913758,Heavy,Hybrid,12285,2021,245953
913759,Medium,Hybrid,1336,2022,733486
913760,Medium,Electric,26557,2023,774308
913761,Medium,CNG,17164,2023,422417
913762,Light,Diesel,4848,2024,595602
913763,Light,Hybrid,21609,2016,13543
913764,Light,Electric,26184,2017,123660
913765,Medium,Diesel,16473,2019,277326
913766,Light,Hybrid,27515,2017,668409
913767,Medium,Diesel,8589,2024,599385
913768,Heavy,Electric,5496,2016,466398
913769,Light,Electric,26074,2015,219509
913770,Light,Diesel,24013,2022,806852
913771,Heavy,Hybrid,29998,2024,368642
913772,Heavy,CNG,13983,2017,418584
913773,Medium,CNG,24244,2025,516905
913774,Light,Hybrid,28983,2016,301874
913775,Light,Electric,18554,2015,350300
913776,Medium,Electric,12430,2015,151712
913777,Light,Hybrid,4275,2015,822960
913778,Medium,Diesel,6650,2022,756692
913779,Light,Hybrid,12811,2017,248490
913780,Heavy,CNG,13219,2024,721869
913781,Heavy,Diesel,2186,2020,698328
913782,Heavy,Hybrid,3404,2025,130359
913783,Medium,Diesel,1382,2022,449227
913784,Heavy,CNG,25646,2015,459278
913785,Medium,Hybrid,29395,2021,149675
913786,Light,Diesel,12140,2019,122679
913787,Light,CNG,28205,2025,412949
913788,Light,Electric,7524,2016,592655
913789,Medium,Hybrid,17321,2018,128250
913790,Light,Diesel,6765,2017,79236
913791,Light,CNG,5448,2015,239915
913792,Heavy,Electric,1381,2024,185161
913793,Medium,Diesel,10896,2016,266475
913794,Light,CNG,17114,2016,478517
913795,Medium,Electric,17385,2018,285635
913796,Light,Hybrid,6462,2018,608649
913797,Medium,Hybrid,1998,2024,483276
913798,Heavy,Diesel,13859,2024,899965
913799,Light,CNG,22353,2019,731917
913800,Light,Diesel,20329,2015,374479
913801,Heavy,Electric,20110,2021,587397
913802,Medium,Diesel,4027,2025,101142
913803,Medium,Hybrid,27972,2021,188344
913804,Medium,Electric,20055,2023,119217
913805,Medium,Electric,1155,2024,359616
913806,Heavy,Hybrid,17637,2019,593238
913807,Medium,CNG,16513,2016,620041
913808,Medium,CNG,2393,2016,499787
913809,Medium,Electric,13607,2021,170807
913810,Light,CNG,16618,2025,821564
913811,Heavy,Hybrid,2869,2015,870216
913812,Light,Diesel,12510,2024,796596
913813,Light,Hybrid,16409,2017,428831
913814,Light,CNG,14945,2015,256590
913815,Light,Diesel,1542,2023,190319
913816,Medium,CNG,12872,2015,268523
913817,Medium,CNG,14900,2023,38692
913818,Medium,CNG,2450,2025,116637
913819,Heavy,CNG,18696,2020,634048
913820,Medium,CNG,25511,2023,838760
913821,Heavy,Diesel,27021,2018,626779
913822,Medium,Electric,29134,2018,368936
913823,Heavy,CNG,25398,2020,63272
913824,Heavy,Diesel,1873,2015,24979
913825,Heavy,Electric,28884,2023,122522
913826,Heavy,CNG,10017,2016,181340
913827,Light,Diesel,15379,2024,845096
913828,Medium,Hybrid,5640,2018,211557
913829,Light,Diesel,29682,2018,556947
913830,Medium,CNG,29759,2015,555085
913831,Medium,Electric,2898,2025,254192
913832,Medium,Hybrid,9131,2024,391672
913833,Light,Electric,25232,2024,830416
913834,Heavy,Hybrid,14297,2025,234399
913835,Light,CNG,26799,2022,276924
913836,Light,Diesel,17202,2020,172435
913837,Medium,Electric,5766,2022,29402
913838,Heavy,Diesel,5818,2017,615934
913839,Heavy,CNG,20820,2020,862194
913840,Heavy,CNG,18147,2017,307164
913841,Light,CNG,11161,2025,391375
913842,Light,CNG,4454,2016,744028
913843,Heavy,Diesel,25518,2017,578772
913844,Light,Diesel,5483,2017,877295
913845,Medium,Hybrid,18418,2018,574572
913846,Light,Diesel,2865,2019,604133
913847,Light,Diesel,9568,2019,72362
913848,Medium,Hybrid,16041,2021,154710
913849,Medium,Electric,24355,2022,779751
913850,Light,Hybrid,18810,2020,760707
913851,Medium,CNG,13596,2018,574496
913852,Medium,Hybrid,3089,2020,589266
913853,Light,CNG,20579,2018,183184
913854,Light,Electric,9050,2024,268276
913855,Medium,Electric,8287,2015,629752
913856,Medium,Hybrid,25907,2020,753003
913857,Medium,Diesel,24652,2016,725315
913858,Light,Diesel,16916,2024,245610
913859,Light,Diesel,22868,2017,42294
913860,Light,Hybrid,14598,2015,452540
913861,Heavy,Hybrid,17778,2015,501776
913862,Medium,CNG,29560,2024,344848
913863,Heavy,Diesel,4813,2023,93376
913864,Medium,Hybrid,6662,2018,148572
913865,Heavy,CNG,26419,2023,875457
913866,Light,Hybrid,28172,2025,187031
913867,Medium,Electric,4669,2015,392575
913868,Light,CNG,25681,2023,746511
913869,Medium,Diesel,19412,2022,301382
913870,Light,CNG,22987,2021,274820
913871,Heavy,Electric,11987,2016,808156
913872,Heavy,Hybrid,1787,2025,748226
913873,Light,Hybrid,8164,2017,89546
913874,Heavy,Electric,20329,2015,651087
913875,Heavy,CNG,10570,2025,199005
913876,Heavy,Hybrid,11940,2024,36656
913877,Light,Electric,22973,2025,84590
913878,Light,CNG,28750,2023,651274
913879,Medium,Hybrid,8550,2023,764416
913880,Heavy,Electric,4425,2017,359280
913881,Heavy,Hybrid,3567,2015,53669
913882,Heavy,CNG,15324,2020,545517
913883,Light,Hybrid,1500,2015,769760
913884,Medium,Diesel,6988,2017,683955
913885,Heavy,CNG,20437,2023,84313
913886,Light,CNG,18451,2016,129211
913887,Medium,Diesel,11770,2017,749364
913888,Light,CNG,26370,2024,847476
913889,Light,Hybrid,26381,2016,38603
913890,Light,CNG,18931,2021,840496
913891,Medium,CNG,25578,2018,231823
913892,Medium,Hybrid,16764,2015,784903
913893,Medium,Electric,15676,2016,11876
913894,Light,Diesel,27278,2023,898735
913895,Medium,Electric,23849,2017,741438
913896,Medium,CNG,23149,2020,898594
913897,Light,Hybrid,2795,2021,163180
913898,Heavy,Electric,24086,2021,439720
913899,Heavy,Hybrid,8727,2019,475382
913900,Medium,Hybrid,3590,2020,256165
913901,Medium,Hybrid,19244,2023,200723
913902,Light,Diesel,5947,2021,559028
913903,Medium,Hybrid,8361,2016,315537
913904,Medium,CNG,11344,2017,570508
913905,Light,CNG,8204,2020,898162
913906,Medium,Diesel,12481,2017,429530
913907,Light,Diesel,9081,2023,412840
913908,Medium,Diesel,12995,2016,188949
913909,Heavy,CNG,24772,2021,124582
913910,Medium,Electric,22384,2017,815265
913911,Light,Diesel,23226,2022,301080
913912,Medium,CNG,19424,2018,497172
913913,Medium,Electric,28206,2021,378677
913914,Light,Hybrid,23738,2019,160224
913915,Light,Hybrid,8662,2024,657367
913916,Medium,CNG,8652,2019,799765
913917,Heavy,Diesel,28987,2015,626034
913918,Medium,Hybrid,6976,2017,531780
913919,Medium,CNG,9620,2015,354656
913920,Heavy,Electric,29361,2015,184865
913921,Light,Diesel,24839,2024,787822
913922,Medium,CNG,6102,2016,201114
913923,Light,Electric,9082,2024,787977
913924,Medium,Electric,29284,2019,366480
913925,Light,Electric,28513,2017,632218
913926,Heavy,Hybrid,10212,2016,43737
913927,Light,Diesel,18914,2018,15581
913928,Medium,CNG,6660,2021,204917
913929,Medium,Diesel,5702,2018,732985
913930,Light,Electric,13952,2023,848977
913931,Light,Diesel,13146,2024,365433
913932,Heavy,Diesel,19424,2018,671299
913933,Light,Diesel,19958,2018,123615
913934,Heavy,Electric,25671,2021,234445
913935,Light,Electric,22231,2021,839712
913936,Heavy,Hybrid,7579,2025,768652
913937,Light,Electric,26227,2022,779959
913938,Light,Electric,29679,2019,676109
913939,Heavy,Electric,4191,2024,91560
913940,Heavy,Hybrid,27380,2015,832347
913941,Medium,Electric,21242,2017,872205
913942,Heavy,Electric,23976,2016,86829
913943,Light,Hybrid,14550,2017,893541
913944,Heavy,Hybrid,13599,2019,619971
913945,Medium,Electric,9489,2021,435049
913946,Heavy,CNG,21968,2018,177378
913947,Heavy,CNG,6736,2021,304540
913948,Light,Electric,15040,2022,39236
913949,Light,Hybrid,9794,2023,397096
913950,Light,Hybrid,27207,2021,426027
913951,Heavy,Electric,28162,2023,25731
913952,Medium,Hybrid,29805,2024,745315
913953,Medium,Electric,6991,2018,54197
913954,Light,Hybrid,29681,2022,184749
913955,Light,Diesel,5327,2025,145744
913956,Light,Diesel,10304,2018,297701
913957,Heavy,Hybrid,18931,2024,874700
913958,Light,Electric,27092,2024,876402
913959,Heavy,Diesel,19143,2024,770420
913960,Medium,CNG,12250,2018,110676
913961,Light,Hybrid,15738,2019,647047
913962,Light,Diesel,29781,2019,409004
913963,Heavy,Hybrid,6589,2017,117540
913964,Light,Electric,8717,2017,479863
913965,Heavy,Hybrid,27056,2015,46737
913966,Light,CNG,5674,2021,794860
913967,Light,CNG,14076,2021,350185
913968,Heavy,Hybrid,29305,2018,585608
913969,Heavy,Hybrid,25922,2017,574968
913970,Medium,CNG,5347,2025,328145
913971,Heavy,Electric,25654,2025,308424
913972,Medium,Hybrid,1777,2021,344547
913973,Light,Hybrid,3368,2021,716369
913974,Heavy,Electric,15015,2016,110857
913975,Heavy,Electric,16982,2024,491439
913976,Medium,Electric,1336,2016,636829
913977,Heavy,Electric,21698,2022,49149
913978,Medium,Hybrid,4492,2017,262051
913979,Light,Electric,19644,2021,550657
913980,Medium,CNG,23751,2017,420503
913981,Medium,Diesel,17974,2017,557972
913982,Light,Hybrid,22295,2020,825598
913983,Heavy,Diesel,16820,2020,875153
913984,Light,Diesel,9389,2025,878662
913985,Medium,CNG,9778,2016,98811
913986,Heavy,Diesel,13380,2025,487021
913987,Light,Electric,12762,2022,330717
913988,Light,Diesel,20525,2017,728482
913989,Light,CNG,12470,2022,569508
913990,Heavy,Diesel,29066,2020,613558
913991,Light,Diesel,15192,2025,695167
913992,Medium,Hybrid,26337,2019,728415
913993,Light,Hybrid,6414,2018,630411
913994,Light,Diesel,4147,2024,362093
913995,Medium,CNG,8518,2018,892911
913996,Light,CNG,15107,2025,202027
913997,Heavy,CNG,29570,2017,839917
913998,Heavy,CNG,19992,2020,600972
913999,Light,Diesel,8585,2022,204079
914000,Medium,Hybrid,9544,2025,349367
